row_granularity,persona_id,persona_name,persona_email,persona_age,persona_birth_date,persona_phone_number,persona_memberships,persona_age_group,persona_detailed_age_band,persona_gender,persona_job,persona_residence,persona_is_foreigner,persona_residence_sido,persona_residence_sigungu,persona_child_count,persona_children_age_reference_date,persona_children_json,persona_child_1_label,persona_child_1_birth_date,persona_child_1_exact_age,persona_child_1_school_stage,persona_child_2_label,persona_child_2_birth_date,persona_child_2_exact_age,persona_child_2_school_stage,persona_description,persona_monthly_budget,persona_period,persona_preferred_benefits,eligibility_is_student,eligibility_military_service_target,eligibility_is_business_owner,eligibility_owns_light_car,eligibility_pregnancy_childcare_support,eligibility_welfare_benefit,eligibility_occupation_qualifications,eligibility_telecom_provider,eligibility_primary_transport,eligibility_kpass_user,eligibility_highpass_user,eligibility_preferred_airline,eligibility_primary_shopping_affiliation,eligibility_vehicle_owner,eligibility_has_children,eligibility_children_count,eligibility_child_age_groups,eligibility_verification_status,eligibility_summary,owned_card_count,owned_user_card_ids,owned_card_names,owned_card_usage_roles,transaction_id,approval_number_for_db,usage_month,approved_at,merchant_name,source_category,source_subcategory,payment_category,original_payment_amount,saved_amount,final_approved_amount,source_payment_method,payment_source_type,transaction_status,transaction_memo,no_card_reason,actual_user_card_id,actual_card_id,actual_card_name,actual_card_issuer,actual_card_owner_role,actual_card_usage_role,actual_card_selected_option,actual_card_last4,actual_card_type,actual_card_annual_fee,actual_card_required_previous_spend,actual_card_monthly_total_limit,actual_card_image_url,actual_card_source_url,actual_card_previous_month_spend,actual_card_current_month_spend,actual_card_performance_met,recommended_user_card_id,recommended_card_id,recommended_card_name,recommended_card_issuer,recommended_card_owner_role,recommended_card_usage_role,recommended_card_selected_option,recommended_card_type,recommended_card_annual_fee,recommended_card_required_previous_spend,recommended_card_monthly_total_limit,recommended_card_previous_month_spend,recommended_card_current_month_spend,recommended_card_performance_met,benefit_scenario,picka_usage_stage,actual_benefit_amount,potential_benefit_amount,missed_benefit_amount,missed_benefit_reason,benefit_rate_text,monthly_benefit_cap,cap_remaining_before,cap_remaining_after,benefit_judgement_source,card_benefit_source_id,card_benefit_name,card_benefit_category,card_benefit_category_alias_count,card_benefit_type,card_benefit_unit,card_benefit_value,card_benefit_required_spending,card_benefit_minimum_payment,card_benefit_per_transaction_limit,card_benefit_monthly_limit,card_benefit_condition_text,card_benefit_exception_text,card_benefit_source_summary,card_benefit_source_url,reward_type,reward_program,reward_amount,reward_unit
ONE_TRANSACTION_PER_ROW,persona1,김서연,persona1@picka.app,24,2003-04-13,010-0842-5352,스타벅스 리워드|CJ ONE|대한항공 SKYPASS|네이버플러스 멤버십|신세계포인트,ADULT,,여성,대학생,서울 마포구,False,서울특별시,마포구,0,2026-07-24,[],,,,,,,,,자기관리와 여행을 즐기는 합리적 소비자,1000000,2026-05~2026-07,"온라인쇼핑·배달앱·카페 적립률 높은 카드, 대중교통 할인, 영화 할인 혜택",True,False,False,False,False,False,UNIVERSITY_STUDENT,KT,PUBLIC_TRANSIT,True,False,NONE,OTHER,False,False,0,,VERIFIED,"대학생·대중교통 중심 사용자. KT와 K-패스를 이용하며, 차량·하이패스·육아·복지·항공사 제휴 자격은 해당하지 않음.",3,UC101 | UC102 | UC103,노리2 체크카드(Global) | 청춘대로 톡톡카드 | 디지로카 Travel,노리2 체크카드(Global):생활·편의점·배달·문화 | 청춘대로 톡톡카드:카페·교통·간편결제 | 디지로카 Travel:국내여행·일반적립,hist-persona1-UC102-001,hist-persona1-UC102-001,2026-05,2026-05-02T09:10:00,클래스101 마케팅 강의,교육/육아,교육 및 육아,EDUCATION_CHILDCARE,66100,1700,64400,신용카드,CARD,APPROVED,클래스101 마케팅 강의 결제 · 교육/육아 카테고리,,UC102,129,청춘대로 톡톡카드,KB국민카드,부모님 가족카드,카페·교통·간편결제,,5678,신용카드,,300000,25000.0,,https://www.card-gorilla.com/card/detail/129,404400,472200,Y,UC102,129.0,청춘대로 톡톡카드,KB국민카드,부모님 가족카드,카페·교통·간편결제,,신용카드,,300000.0,25000.0,404400.0,472200.0,Y,BENEFIT_RECEIVED,BENEFIT_APPLIED,1700,1700,0,,50%,10000.0,10000.0,8300.0,SYNTHETIC_RULE_MATCHING_V1,129-01,교육/육아 맞춤 혜택,교육/육아,14,할인,%,50.0,300000.0,,,10000.0,,,PICKA 표준 혜택 카테고리 '교육/육아' 시연 데이터,https://www.card-gorilla.com/card/detail/129,DISCOUNT_APPLIED,청춘대로 톡톡카드 | [Great 서비스] 스타벅스 50% 청구할인,2000.0,KRW
ONE_TRANSACTION_PER_ROW,persona1,김서연,persona1@picka.app,24,2003-04-13,010-0842-5352,스타벅스 리워드|CJ ONE|대한항공 SKYPASS|네이버플러스 멤버십|신세계포인트,ADULT,,여성,대학생,서울 마포구,False,서울특별시,마포구,0,2026-07-24,[],,,,,,,,,자기관리와 여행을 즐기는 합리적 소비자,1000000,2026-05~2026-07,"온라인쇼핑·배달앱·카페 적립률 높은 카드, 대중교통 할인, 영화 할인 혜택",True,False,False,False,False,False,UNIVERSITY_STUDENT,KT,PUBLIC_TRANSIT,True,False,NONE,OTHER,False,False,0,,VERIFIED,"대학생·대중교통 중심 사용자. KT와 K-패스를 이용하며, 차량·하이패스·육아·복지·항공사 제휴 자격은 해당하지 않음.",3,UC101 | UC102 | UC103,노리2 체크카드(Global) | 청춘대로 톡톡카드 | 디지로카 Travel,노리2 체크카드(Global):생활·편의점·배달·문화 | 청춘대로 톡톡카드:카페·교통·간편결제 | 디지로카 Travel:국내여행·일반적립,hist-persona1-UC101-001,hist-persona1-UC101-001,2026-05,2026-05-02T09:10:00,쿠팡,온라인쇼핑,온라인 종합몰,ONLINE_SHOPPING,49600,0,49600,체크카드,CARD,APPROVED,쿠팡 결제 · 온라인쇼핑 카테고리,,UC101,2423,노리2 체크카드(Global),KB국민카드,본인,생활·편의점·배달·문화,,1234,체크카드,,200000,70000.0,,https://www.card-gorilla.com/card/detail/2423,220500,354100,Y,UC102,129.0,청춘대로 톡톡카드,KB국민카드,부모님 가족카드,카페·교통·간편결제,,신용카드,,300000.0,25000.0,404400.0,472200.0,Y,WRONG_CARD_BEFORE_PICKA,BEFORE_PICKA,0,1200,1200,픽카 이용 전 다른 카드를 사용하여 받을 수 있었던 혜택을 놓침,10%,5000.0,,,SYNTHETIC_RULE_MATCHING_V1,129-04,온라인쇼핑 맞춤 혜택,온라인쇼핑,7,할인,%,10.0,300000.0,,,5000.0,,,PICKA 표준 혜택 카테고리 '온라인쇼핑' 시연 데이터,https://www.card-gorilla.com/card/detail/129,MISSED_WRONG_CARD,"청춘대로 톡톡카드 | [Basic 서비스] 대중교통, 택시/이동통신요금 10% 청구할인",1400.0,KRW
ONE_TRANSACTION_PER_ROW,persona1,김서연,persona1@picka.app,24,2003-04-13,010-0842-5352,스타벅스 리워드|CJ ONE|대한항공 SKYPASS|네이버플러스 멤버십|신세계포인트,ADULT,,여성,대학생,서울 마포구,False,서울특별시,마포구,0,2026-07-24,[],,,,,,,,,자기관리와 여행을 즐기는 합리적 소비자,1000000,2026-05~2026-07,"온라인쇼핑·배달앱·카페 적립률 높은 카드, 대중교통 할인, 영화 할인 혜택",True,False,False,False,False,False,UNIVERSITY_STUDENT,KT,PUBLIC_TRANSIT,True,False,NONE,OTHER,False,False,0,,VERIFIED,"대학생·대중교통 중심 사용자. KT와 K-패스를 이용하며, 차량·하이패스·육아·복지·항공사 제휴 자격은 해당하지 않음.",3,UC101 | UC102 | UC103,노리2 체크카드(Global) | 청춘대로 톡톡카드 | 디지로카 Travel,노리2 체크카드(Global):생활·편의점·배달·문화 | 청춘대로 톡톡카드:카페·교통·간편결제 | 디지로카 Travel:국내여행·일반적립,hist-persona1-UC103-001,hist-persona1-UC103-001,2026-05,2026-05-02T09:10:00,스타벅스,카페,카페 및 디저트,CAFE_DESSERT,17300,0,17300,신용카드,CARD,APPROVED,스타벅스 결제 · 카페/디저트 카테고리,,UC103,2863,디지로카 Travel,롯데카드,본인,국내여행·일반적립,,9012,신용카드,,0,100000.0,,https://www.card-gorilla.com/card/detail/2863,92400,123700,Y,UC101,2423.0,노리2 체크카드(Global),KB국민카드,본인,생활·편의점·배달·문화,,체크카드,,200000.0,70000.0,220500.0,354100.0,Y,WRONG_CARD_BEFORE_PICKA,BEFORE_PICKA,0,400,400,픽카 이용 전 다른 카드를 사용하여 받을 수 있었던 혜택을 놓침,2%,5000.0,,,SYNTHETIC_RULE_MATCHING_V1,2423-11,카페/디저트 맞춤 혜택,카페/디저트,45,할인,%,2.0,300000.0,,,5000.0,,,PICKA 표준 혜택 카테고리 '카페/디저트' 시연 데이터,https://www.card-gorilla.com/card/detail/2423,MISSED_WRONG_CARD,노리2 체크카드(Global) | [Global] 해외 가맹점 2% 할인,500.0,KRW
ONE_TRANSACTION_PER_ROW,persona1,김서연,persona1@picka.app,24,2003-04-13,010-0842-5352,스타벅스 리워드|CJ ONE|대한항공 SKYPASS|네이버플러스 멤버십|신세계포인트,ADULT,,여성,대학생,서울 마포구,False,서울특별시,마포구,0,2026-07-24,[],,,,,,,,,자기관리와 여행을 즐기는 합리적 소비자,1000000,2026-05~2026-07,"온라인쇼핑·배달앱·카페 적립률 높은 카드, 대중교통 할인, 영화 할인 혜택",True,False,False,False,False,False,UNIVERSITY_STUDENT,KT,PUBLIC_TRANSIT,True,False,NONE,OTHER,False,False,0,,VERIFIED,"대학생·대중교통 중심 사용자. KT와 K-패스를 이용하며, 차량·하이패스·육아·복지·항공사 제휴 자격은 해당하지 않음.",3,UC101 | UC102 | UC103,노리2 체크카드(Global) | 청춘대로 톡톡카드 | 디지로카 Travel,노리2 체크카드(Global):생활·편의점·배달·문화 | 청춘대로 톡톡카드:카페·교통·간편결제 | 디지로카 Travel:국내여행·일반적립,hist-persona1-UC102-002,hist-persona1-UC102-002,2026-05,2026-05-05T12:40:00,네이버페이,간편결제,온라인 간편결제,EASY_PAY,52000,2800,49200,신용카드,CARD,APPROVED,네이버페이 결제 · 간편결제 카테고리,,UC102,129,청춘대로 톡톡카드,KB국민카드,부모님 가족카드,카페·교통·간편결제,,5678,신용카드,,300000,25000.0,,https://www.card-gorilla.com/card/detail/129,404400,472200,Y,UC102,129.0,청춘대로 톡톡카드,KB국민카드,부모님 가족카드,카페·교통·간편결제,,신용카드,,300000.0,25000.0,404400.0,472200.0,Y,BENEFIT_RECEIVED,BENEFIT_APPLIED,2800,2800,0,,10%,5000.0,5000.0,2200.0,SYNTHETIC_RULE_MATCHING_V1,129-03,간편결제 맞춤 혜택,간편결제,45,할인,%,10.0,300000.0,,,5000.0,,,PICKA 표준 혜택 카테고리 '간편결제' 시연 데이터,https://www.card-gorilla.com/card/detail/129,DISCOUNT_APPLIED,청춘대로 톡톡카드 | [Check 서비스] 간편결제(Pay) 10% 청구할인,3300.0,KRW
ONE_TRANSACTION_PER_ROW,persona1,김서연,persona1@picka.app,24,2003-04-13,010-0842-5352,스타벅스 리워드|CJ ONE|대한항공 SKYPASS|네이버플러스 멤버십|신세계포인트,ADULT,,여성,대학생,서울 마포구,False,서울특별시,마포구,0,2026-07-24,[],,,,,,,,,자기관리와 여행을 즐기는 합리적 소비자,1000000,2026-05~2026-07,"온라인쇼핑·배달앱·카페 적립률 높은 카드, 대중교통 할인, 영화 할인 혜택",True,False,False,False,False,False,UNIVERSITY_STUDENT,KT,PUBLIC_TRANSIT,True,False,NONE,OTHER,False,False,0,,VERIFIED,"대학생·대중교통 중심 사용자. KT와 K-패스를 이용하며, 차량·하이패스·육아·복지·항공사 제휴 자격은 해당하지 않음.",3,UC101 | UC102 | UC103,노리2 체크카드(Global) | 청춘대로 톡톡카드 | 디지로카 Travel,노리2 체크카드(Global):생활·편의점·배달·문화 | 청춘대로 톡톡카드:카페·교통·간편결제 | 디지로카 Travel:국내여행·일반적립,hist-persona1-UC101-002,hist-persona1-UC101-002,2026-05,2026-05-05T12:40:00,배달의민족,배달,배달앱,DELIVERY,38900,1000,37900,체크카드,CARD,APPROVED,배달의민족 결제 · 배달앱 카테고리,,UC101,2423,노리2 체크카드(Global),KB국민카드,본인,생활·편의점·배달·문화,,1234,체크카드,,200000,70000.0,,https://www.card-gorilla.com/card/detail/2423,220500,354100,Y,UC101,2423.0,노리2 체크카드(Global),KB국민카드,본인,생활·편의점·배달·문화,,체크카드,,200000.0,70000.0,220500.0,354100.0,Y,BENEFIT_RECEIVED,BENEFIT_APPLIED,1000,2400,1400,,1000원,1000.0,1000.0,0.0,SYNTHETIC_RULE_MATCHING_V1,2423-07,배달앱 맞춤 혜택,배달앱,19,할인,원,1000.0,200000.0,,,1000.0,,,PICKA 표준 혜택 카테고리 '배달앱' 시연 데이터,https://www.card-gorilla.com/card/detail/2423,DISCOUNT_APPLIED,"노리2 체크카드(Global) | [일상] 배달의 민족, 요기요 1,000원 할인",2400.0,KRW
ONE_TRANSACTION_PER_ROW,persona1,김서연,persona1@picka.app,24,2003-04-13,010-0842-5352,스타벅스 리워드|CJ ONE|대한항공 SKYPASS|네이버플러스 멤버십|신세계포인트,ADULT,,여성,대학생,서울 마포구,False,서울특별시,마포구,0,2026-07-24,[],,,,,,,,,자기관리와 여행을 즐기는 합리적 소비자,1000000,2026-05~2026-07,"온라인쇼핑·배달앱·카페 적립률 높은 카드, 대중교통 할인, 영화 할인 혜택",True,False,False,False,False,False,UNIVERSITY_STUDENT,KT,PUBLIC_TRANSIT,True,False,NONE,OTHER,False,False,0,,VERIFIED,"대학생·대중교통 중심 사용자. KT와 K-패스를 이용하며, 차량·하이패스·육아·복지·항공사 제휴 자격은 해당하지 않음.",3,UC101 | UC102 | UC103,노리2 체크카드(Global) | 청춘대로 톡톡카드 | 디지로카 Travel,노리2 체크카드(Global):생활·편의점·배달·문화 | 청춘대로 톡톡카드:카페·교통·간편결제 | 디지로카 Travel:국내여행·일반적립,hist-persona1-UC103-002,hist-persona1-UC103-002,2026-05,2026-05-05T12:40:00,티머니,교통,대중교통·택시,TRANSIT,13700,0,13700,신용카드,CARD,APPROVED,티머니 결제 · 교통 카테고리,,UC103,2863,디지로카 Travel,롯데카드,본인,국내여행·일반적립,,9012,신용카드,,0,100000.0,,https://www.card-gorilla.com/card/detail/2863,92400,123700,Y,,,,,,,,,,,,,,,NO_ELIGIBLE_BENEFIT,BEFORE_PICKA,0,0,0,,,,,,SYNTHETIC_RULE_MATCHING_V1,,교통 맞춤 혜택,교통,20,,,,,,,,,,PICKA 표준 혜택 카테고리 '교통' 시연 데이터,,,,,
ONE_TRANSACTION_PER_ROW,persona1,김서연,persona1@picka.app,24,2003-04-13,010-0842-5352,스타벅스 리워드|CJ ONE|대한항공 SKYPASS|네이버플러스 멤버십|신세계포인트,ADULT,,여성,대학생,서울 마포구,False,서울특별시,마포구,0,2026-07-24,[],,,,,,,,,자기관리와 여행을 즐기는 합리적 소비자,1000000,2026-05~2026-07,"온라인쇼핑·배달앱·카페 적립률 높은 카드, 대중교통 할인, 영화 할인 혜택",True,False,False,False,False,False,UNIVERSITY_STUDENT,KT,PUBLIC_TRANSIT,True,False,NONE,OTHER,False,False,0,,VERIFIED,"대학생·대중교통 중심 사용자. KT와 K-패스를 이용하며, 차량·하이패스·육아·복지·항공사 제휴 자격은 해당하지 않음.",3,UC101 | UC102 | UC103,노리2 체크카드(Global) | 청춘대로 톡톡카드 | 디지로카 Travel,노리2 체크카드(Global):생활·편의점·배달·문화 | 청춘대로 톡톡카드:카페·교통·간편결제 | 디지로카 Travel:국내여행·일반적립,hist-persona1-UC102-003,hist-persona1-UC102-003,2026-05,2026-05-09T18:20:00,한국전력공사,공과금,생활요금,UTILITIES,75600,1900,73700,신용카드,CARD,APPROVED,한국전력공사 결제 · 공과금/생활요금 카테고리,,UC102,129,청춘대로 톡톡카드,KB국민카드,부모님 가족카드,카페·교통·간편결제,,5678,신용카드,,300000,25000.0,,https://www.card-gorilla.com/card/detail/129,404400,472200,Y,UC102,129.0,청춘대로 톡톡카드,KB국민카드,부모님 가족카드,카페·교통·간편결제,,신용카드,,300000.0,25000.0,404400.0,472200.0,Y,BENEFIT_RECEIVED,BENEFIT_APPLIED,1900,1900,0,,10%,5000.0,5000.0,3100.0,SYNTHETIC_RULE_MATCHING_V1,129-04,공과금/생활요금 맞춤 혜택,공과금/생활요금,3,할인,%,10.0,300000.0,,,5000.0,,,PICKA 표준 혜택 카테고리 '공과금/생활요금' 시연 데이터,https://www.card-gorilla.com/card/detail/129,DISCOUNT_APPLIED,"청춘대로 톡톡카드 | [Basic 서비스] 대중교통, 택시/이동통신요금 10% 청구할인",2300.0,KRW
ONE_TRANSACTION_PER_ROW,persona1,김서연,persona1@picka.app,24,2003-04-13,010-0842-5352,스타벅스 리워드|CJ ONE|대한항공 SKYPASS|네이버플러스 멤버십|신세계포인트,ADULT,,여성,대학생,서울 마포구,False,서울특별시,마포구,0,2026-07-24,[],,,,,,,,,자기관리와 여행을 즐기는 합리적 소비자,1000000,2026-05~2026-07,"온라인쇼핑·배달앱·카페 적립률 높은 카드, 대중교통 할인, 영화 할인 혜택",True,False,False,False,False,False,UNIVERSITY_STUDENT,KT,PUBLIC_TRANSIT,True,False,NONE,OTHER,False,False,0,,VERIFIED,"대학생·대중교통 중심 사용자. KT와 K-패스를 이용하며, 차량·하이패스·육아·복지·항공사 제휴 자격은 해당하지 않음.",3,UC101 | UC102 | UC103,노리2 체크카드(Global) | 청춘대로 톡톡카드 | 디지로카 Travel,노리2 체크카드(Global):생활·편의점·배달·문화 | 청춘대로 톡톡카드:카페·교통·간편결제 | 디지로카 Travel:국내여행·일반적립,hist-persona1-UC101-003,hist-persona1-UC101-003,2026-05,2026-05-09T18:20:00,올리브영,뷰티/피트니스,뷰티 및 운동,BEAUTY_FITNESS,56600,1300,55300,체크카드,CARD,APPROVED,올리브영 결제 · 뷰티/피트니스 카테고리,,UC101,2423,노리2 체크카드(Global),KB국민카드,본인,생활·편의점·배달·문화,,1234,체크카드,,200000,70000.0,,https://www.card-gorilla.com/card/detail/2423,220500,354100,Y,UC101,2423.0,노리2 체크카드(Global),KB국민카드,본인,생활·편의점·배달·문화,,체크카드,,200000.0,70000.0,220500.0,354100.0,Y,BENEFIT_RECEIVED,BENEFIT_APPLIED,1300,1300,0,,5%,2000.0,2000.0,700.0,SYNTHETIC_RULE_MATCHING_V1,2423-04,뷰티/피트니스 맞춤 혜택,뷰티/피트니스,19,할인,%,5.0,200000.0,,,2000.0,,,PICKA 표준 혜택 카테고리 '뷰티/피트니스' 시연 데이터,https://www.card-gorilla.com/card/detail/2423,DISCOUNT_APPLIED,"노리2 체크카드(Global) | [일상] 올리브영, 미용실 업종 5% 할인",1600.0,KRW
ONE_TRANSACTION_PER_ROW,persona1,김서연,persona1@picka.app,24,2003-04-13,010-0842-5352,스타벅스 리워드|CJ ONE|대한항공 SKYPASS|네이버플러스 멤버십|신세계포인트,ADULT,,여성,대학생,서울 마포구,False,서울특별시,마포구,0,2026-07-24,[],,,,,,,,,자기관리와 여행을 즐기는 합리적 소비자,1000000,2026-05~2026-07,"온라인쇼핑·배달앱·카페 적립률 높은 카드, 대중교통 할인, 영화 할인 혜택",True,False,False,False,False,False,UNIVERSITY_STUDENT,KT,PUBLIC_TRANSIT,True,False,NONE,OTHER,False,False,0,,VERIFIED,"대학생·대중교통 중심 사용자. KT와 K-패스를 이용하며, 차량·하이패스·육아·복지·항공사 제휴 자격은 해당하지 않음.",3,UC101 | UC102 | UC103,노리2 체크카드(Global) | 청춘대로 톡톡카드 | 디지로카 Travel,노리2 체크카드(Global):생활·편의점·배달·문화 | 청춘대로 톡톡카드:카페·교통·간편결제 | 디지로카 Travel:국내여행·일반적립,hist-persona1-UC103-003,hist-persona1-UC103-003,2026-05,2026-05-09T18:20:00,카카오 T,교통,대중교통·택시,TRANSIT,19800,0,19800,신용카드,CARD,APPROVED,카카오 T 결제 · 교통 카테고리,,UC103,2863,디지로카 Travel,롯데카드,본인,국내여행·일반적립,,9012,신용카드,,0,100000.0,,https://www.card-gorilla.com/card/detail/2863,92400,123700,Y,,,,,,,,,,,,,,,NO_ELIGIBLE_BENEFIT,BEFORE_PICKA,0,0,0,,,,,,SYNTHETIC_RULE_MATCHING_V1,,교통 맞춤 혜택,교통,20,,,,,,,,,,PICKA 표준 혜택 카테고리 '교통' 시연 데이터,,,,,
ONE_TRANSACTION_PER_ROW,persona1,김서연,persona1@picka.app,24,2003-04-13,010-0842-5352,스타벅스 리워드|CJ ONE|대한항공 SKYPASS|네이버플러스 멤버십|신세계포인트,ADULT,,여성,대학생,서울 마포구,False,서울특별시,마포구,0,2026-07-24,[],,,,,,,,,자기관리와 여행을 즐기는 합리적 소비자,1000000,2026-05~2026-07,"온라인쇼핑·배달앱·카페 적립률 높은 카드, 대중교통 할인, 영화 할인 혜택",True,False,False,False,False,False,UNIVERSITY_STUDENT,KT,PUBLIC_TRANSIT,True,False,NONE,OTHER,False,False,0,,VERIFIED,"대학생·대중교통 중심 사용자. KT와 K-패스를 이용하며, 차량·하이패스·육아·복지·항공사 제휴 자격은 해당하지 않음.",3,UC101 | UC102 | UC103,노리2 체크카드(Global) | 청춘대로 톡톡카드 | 디지로카 Travel,노리2 체크카드(Global):생활·편의점·배달·문화 | 청춘대로 톡톡카드:카페·교통·간편결제 | 디지로카 Travel:국내여행·일반적립,hist-persona1-UC102-004,hist-persona1-UC102-004,2026-05,2026-05-12T21:15:00,한식당,외식,음식점,FOOD_DINING,42500,1000,41500,신용카드,CARD,APPROVED,한식당 결제 · 푸드/외식 카테고리,,UC102,129,청춘대로 톡톡카드,KB국민카드,부모님 가족카드,카페·교통·간편결제,,5678,신용카드,,300000,25000.0,,https://www.card-gorilla.com/card/detail/129,404400,472200,Y,UC102,129.0,청춘대로 톡톡카드,KB국민카드,부모님 가족카드,카페·교통·간편결제,,신용카드,,300000.0,25000.0,404400.0,472200.0,Y,BENEFIT_RECEIVED,BENEFIT_APPLIED,1000,1000,0,,20%,5000.0,5000.0,4000.0,SYNTHETIC_RULE_MATCHING_V1,129-02,푸드/외식 맞춤 혜택,푸드/외식,57,할인,%,20.0,300000.0,,,5000.0,,,PICKA 표준 혜택 카테고리 '푸드/외식' 시연 데이터,https://www.card-gorilla.com/card/detail/129,DISCOUNT_APPLIED,청춘대로 톡톡카드 | [Enjoy 서비스] 버거/패스트푸드 업종 20% 청구할인,1200.0,KRW
ONE_TRANSACTION_PER_ROW,persona1,김서연,persona1@picka.app,24,2003-04-13,010-0842-5352,스타벅스 리워드|CJ ONE|대한항공 SKYPASS|네이버플러스 멤버십|신세계포인트,ADULT,,여성,대학생,서울 마포구,False,서울특별시,마포구,0,2026-07-24,[],,,,,,,,,자기관리와 여행을 즐기는 합리적 소비자,1000000,2026-05~2026-07,"온라인쇼핑·배달앱·카페 적립률 높은 카드, 대중교통 할인, 영화 할인 혜택",True,False,False,False,False,False,UNIVERSITY_STUDENT,KT,PUBLIC_TRANSIT,True,False,NONE,OTHER,False,False,0,,VERIFIED,"대학생·대중교통 중심 사용자. KT와 K-패스를 이용하며, 차량·하이패스·육아·복지·항공사 제휴 자격은 해당하지 않음.",3,UC101 | UC102 | UC103,노리2 체크카드(Global) | 청춘대로 톡톡카드 | 디지로카 Travel,노리2 체크카드(Global):생활·편의점·배달·문화 | 청춘대로 톡톡카드:카페·교통·간편결제 | 디지로카 Travel:국내여행·일반적립,hist-persona1-UC101-004,hist-persona1-UC101-004,2026-05,2026-05-12T21:15:00,CGV,문화,영화 및 문화,MOVIE_CULTURE,31900,900,31000,체크카드,CARD,APPROVED,CGV 결제 · 영화/문화 카테고리,,UC101,2423,노리2 체크카드(Global),KB국민카드,본인,생활·편의점·배달·문화,,1234,체크카드,,200000,70000.0,,https://www.card-gorilla.com/card/detail/2423,220500,354100,Y,UC101,2423.0,노리2 체크카드(Global),KB국민카드,본인,생활·편의점·배달·문화,,체크카드,,200000.0,70000.0,220500.0,354100.0,Y,BENEFIT_RECEIVED,BENEFIT_APPLIED,900,900,0,,4000원,8000.0,8000.0,7100.0,SYNTHETIC_RULE_MATCHING_V1,2423-09,영화/문화 맞춤 혜택,영화/문화,55,할인,원,4000.0,200000.0,,,8000.0,,,PICKA 표준 혜택 카테고리 '영화/문화' 시연 데이터,https://www.card-gorilla.com/card/detail/2423,DISCOUNT_APPLIED,"노리2 체크카드(Global) | [일상] CGV 4,000원 할인",900.0,KRW
ONE_TRANSACTION_PER_ROW,persona1,김서연,persona1@picka.app,24,2003-04-13,010-0842-5352,스타벅스 리워드|CJ ONE|대한항공 SKYPASS|네이버플러스 멤버십|신세계포인트,ADULT,,여성,대학생,서울 마포구,False,서울특별시,마포구,0,2026-07-24,[],,,,,,,,,자기관리와 여행을 즐기는 합리적 소비자,1000000,2026-05~2026-07,"온라인쇼핑·배달앱·카페 적립률 높은 카드, 대중교통 할인, 영화 할인 혜택",True,False,False,False,False,False,UNIVERSITY_STUDENT,KT,PUBLIC_TRANSIT,True,False,NONE,OTHER,False,False,0,,VERIFIED,"대학생·대중교통 중심 사용자. KT와 K-패스를 이용하며, 차량·하이패스·육아·복지·항공사 제휴 자격은 해당하지 않음.",3,UC101 | UC102 | UC103,노리2 체크카드(Global) | 청춘대로 톡톡카드 | 디지로카 Travel,노리2 체크카드(Global):생활·편의점·배달·문화 | 청춘대로 톡톡카드:카페·교통·간편결제 | 디지로카 Travel:국내여행·일반적립,hist-persona1-UC103-004,hist-persona1-UC103-004,2026-05,2026-05-12T21:15:00,CU,편의점,편의점,CONVENIENCE,11100,0,11100,신용카드,CARD,APPROVED,CU 결제 · 편의점 카테고리,,UC103,2863,디지로카 Travel,롯데카드,본인,국내여행·일반적립,,9012,신용카드,,0,100000.0,,https://www.card-gorilla.com/card/detail/2863,92400,123700,Y,UC101,2423.0,노리2 체크카드(Global),KB국민카드,본인,생활·편의점·배달·문화,,체크카드,,200000.0,70000.0,220500.0,354100.0,Y,WRONG_CARD_BEFORE_PICKA,BEFORE_PICKA,0,300,300,픽카 이용 전 다른 카드를 사용하여 받을 수 있었던 혜택을 놓침,2%,5000.0,,,SYNTHETIC_RULE_MATCHING_V1,2423-11,편의점 맞춤 혜택,편의점,21,할인,%,2.0,300000.0,,,5000.0,,,PICKA 표준 혜택 카테고리 '편의점' 시연 데이터,https://www.card-gorilla.com/card/detail/2423,MISSED_WRONG_CARD,노리2 체크카드(Global) | [Global] 해외 가맹점 2% 할인,300.0,KRW
ONE_TRANSACTION_PER_ROW,persona1,김서연,persona1@picka.app,24,2003-04-13,010-0842-5352,스타벅스 리워드|CJ ONE|대한항공 SKYPASS|네이버플러스 멤버십|신세계포인트,ADULT,,여성,대학생,서울 마포구,False,서울특별시,마포구,0,2026-07-24,[],,,,,,,,,자기관리와 여행을 즐기는 합리적 소비자,1000000,2026-05~2026-07,"온라인쇼핑·배달앱·카페 적립률 높은 카드, 대중교통 할인, 영화 할인 혜택",True,False,False,False,False,False,UNIVERSITY_STUDENT,KT,PUBLIC_TRANSIT,True,False,NONE,OTHER,False,False,0,,VERIFIED,"대학생·대중교통 중심 사용자. KT와 K-패스를 이용하며, 차량·하이패스·육아·복지·항공사 제휴 자격은 해당하지 않음.",3,UC101 | UC102 | UC103,노리2 체크카드(Global) | 청춘대로 톡톡카드 | 디지로카 Travel,노리2 체크카드(Global):생활·편의점·배달·문화 | 청춘대로 톡톡카드:카페·교통·간편결제 | 디지로카 Travel:국내여행·일반적립,hist-persona1-UC102-005,hist-persona1-UC102-005,2026-05,2026-05-16T14:30:00,대한항공,항공,항공권 및 마일리지,AIRLINE_MILEAGE,61400,1500,59900,신용카드,CARD,APPROVED,대한항공 결제 · 항공/마일리지 카테고리,,UC102,129,청춘대로 톡톡카드,KB국민카드,부모님 가족카드,카페·교통·간편결제,,5678,신용카드,,300000,25000.0,,https://www.card-gorilla.com/card/detail/129,404400,472200,Y,UC102,129.0,청춘대로 톡톡카드,KB국민카드,부모님 가족카드,카페·교통·간편결제,,신용카드,,300000.0,25000.0,404400.0,472200.0,Y,BENEFIT_RECEIVED,BENEFIT_APPLIED,1500,1500,0,,50%,10000.0,8300.0,6800.0,SYNTHETIC_RULE_MATCHING_V1,129-01,항공/마일리지 맞춤 혜택,항공/마일리지,4,할인,%,50.0,300000.0,,,10000.0,,,PICKA 표준 혜택 카테고리 '항공/마일리지' 시연 데이터,https://www.card-gorilla.com/card/detail/129,DISCOUNT_APPLIED,청춘대로 톡톡카드 | [Great 서비스] 스타벅스 50% 청구할인,1800.0,KRW
ONE_TRANSACTION_PER_ROW,persona1,김서연,persona1@picka.app,24,2003-04-13,010-0842-5352,스타벅스 리워드|CJ ONE|대한항공 SKYPASS|네이버플러스 멤버십|신세계포인트,ADULT,,여성,대학생,서울 마포구,False,서울특별시,마포구,0,2026-07-24,[],,,,,,,,,자기관리와 여행을 즐기는 합리적 소비자,1000000,2026-05~2026-07,"온라인쇼핑·배달앱·카페 적립률 높은 카드, 대중교통 할인, 영화 할인 혜택",True,False,False,False,False,False,UNIVERSITY_STUDENT,KT,PUBLIC_TRANSIT,True,False,NONE,OTHER,False,False,0,,VERIFIED,"대학생·대중교통 중심 사용자. KT와 K-패스를 이용하며, 차량·하이패스·육아·복지·항공사 제휴 자격은 해당하지 않음.",3,UC101 | UC102 | UC103,노리2 체크카드(Global) | 청춘대로 톡톡카드 | 디지로카 Travel,노리2 체크카드(Global):생활·편의점·배달·문화 | 청춘대로 톡톡카드:카페·교통·간편결제 | 디지로카 Travel:국내여행·일반적립,hist-persona1-UC103-005,hist-persona1-UC103-005,2026-05,2026-05-16T14:30:00,넷플릭스,구독,정기 구독,SUBSCRIPTION_MEMBERSHIP,16000,0,16000,신용카드,CARD,APPROVED,넷플릭스 결제 · 구독/멤버십 카테고리,,UC103,2863,디지로카 Travel,롯데카드,본인,국내여행·일반적립,,9012,신용카드,,0,100000.0,,https://www.card-gorilla.com/card/detail/2863,92400,123700,Y,UC102,129.0,청춘대로 톡톡카드,KB국민카드,부모님 가족카드,카페·교통·간편결제,,신용카드,,300000.0,25000.0,404400.0,472200.0,Y,WRONG_CARD_BEFORE_PICKA,BEFORE_PICKA,0,400,400,픽카 이용 전 다른 카드를 사용하여 받을 수 있었던 혜택을 놓침,20%,5000.0,,,SYNTHETIC_RULE_MATCHING_V1,129-02,구독/멤버십 맞춤 혜택,구독/멤버십,44,할인,%,20.0,300000.0,,,5000.0,,,PICKA 표준 혜택 카테고리 '구독/멤버십' 시연 데이터,https://www.card-gorilla.com/card/detail/129,MISSED_WRONG_CARD,청춘대로 톡톡카드 | [Enjoy 서비스] 버거/패스트푸드 업종 20% 청구할인,500.0,KRW
ONE_TRANSACTION_PER_ROW,persona1,김서연,persona1@picka.app,24,2003-04-13,010-0842-5352,스타벅스 리워드|CJ ONE|대한항공 SKYPASS|네이버플러스 멤버십|신세계포인트,ADULT,,여성,대학생,서울 마포구,False,서울특별시,마포구,0,2026-07-24,[],,,,,,,,,자기관리와 여행을 즐기는 합리적 소비자,1000000,2026-05~2026-07,"온라인쇼핑·배달앱·카페 적립률 높은 카드, 대중교통 할인, 영화 할인 혜택",True,False,False,False,False,False,UNIVERSITY_STUDENT,KT,PUBLIC_TRANSIT,True,False,NONE,OTHER,False,False,0,,VERIFIED,"대학생·대중교통 중심 사용자. KT와 K-패스를 이용하며, 차량·하이패스·육아·복지·항공사 제휴 자격은 해당하지 않음.",3,UC101 | UC102 | UC103,노리2 체크카드(Global) | 청춘대로 톡톡카드 | 디지로카 Travel,노리2 체크카드(Global):생활·편의점·배달·문화 | 청춘대로 톡톡카드:카페·교통·간편결제 | 디지로카 Travel:국내여행·일반적립,hist-persona1-UC101-005,hist-persona1-UC101-005,2026-05,2026-05-16T14:30:00,SK텔레콤,통신,이동통신요금,TELECOM,46100,0,46100,체크카드,CARD,APPROVED,SK텔레콤 결제 · 통신 카테고리,,UC101,2423,노리2 체크카드(Global),KB국민카드,본인,생활·편의점·배달·문화,,1234,체크카드,,200000,70000.0,,https://www.card-gorilla.com/card/detail/2423,220500,354100,Y,UC102,129.0,청춘대로 톡톡카드,KB국민카드,부모님 가족카드,카페·교통·간편결제,,신용카드,,300000.0,25000.0,404400.0,472200.0,Y,WRONG_CARD_BEFORE_PICKA,BEFORE_PICKA,0,1100,1100,픽카 이용 전 다른 카드를 사용하여 받을 수 있었던 혜택을 놓침,10%,5000.0,,,SYNTHETIC_RULE_MATCHING_V1,129-04,통신 맞춤 혜택,통신,9,할인,%,10.0,300000.0,,,5000.0,,,PICKA 표준 혜택 카테고리 '통신' 시연 데이터,https://www.card-gorilla.com/card/detail/129,MISSED_WRONG_CARD,"청춘대로 톡톡카드 | [Basic 서비스] 대중교통, 택시/이동통신요금 10% 청구할인",1300.0,KRW
ONE_TRANSACTION_PER_ROW,persona1,김서연,persona1@picka.app,24,2003-04-13,010-0842-5352,스타벅스 리워드|CJ ONE|대한항공 SKYPASS|네이버플러스 멤버십|신세계포인트,ADULT,,여성,대학생,서울 마포구,False,서울특별시,마포구,0,2026-07-24,[],,,,,,,,,자기관리와 여행을 즐기는 합리적 소비자,1000000,2026-05~2026-07,"온라인쇼핑·배달앱·카페 적립률 높은 카드, 대중교통 할인, 영화 할인 혜택",True,False,False,False,False,False,UNIVERSITY_STUDENT,KT,PUBLIC_TRANSIT,True,False,NONE,OTHER,False,False,0,,VERIFIED,"대학생·대중교통 중심 사용자. KT와 K-패스를 이용하며, 차량·하이패스·육아·복지·항공사 제휴 자격은 해당하지 않음.",3,UC101 | UC102 | UC103,노리2 체크카드(Global) | 청춘대로 톡톡카드 | 디지로카 Travel,노리2 체크카드(Global):생활·편의점·배달·문화 | 청춘대로 톡톡카드:카페·교통·간편결제 | 디지로카 Travel:국내여행·일반적립,hist-persona1-UC102-006,hist-persona1-UC102-006,2026-05,2026-05-20T08:50:00,카카오페이,간편결제,온라인 간편결제,EASY_PAY,56600,1300,55300,신용카드,CARD,APPROVED,카카오페이 결제 · 간편결제 카테고리,,UC102,129,청춘대로 톡톡카드,KB국민카드,부모님 가족카드,카페·교통·간편결제,,5678,신용카드,,300000,25000.0,,https://www.card-gorilla.com/card/detail/129,404400,472200,Y,UC102,129.0,청춘대로 톡톡카드,KB국민카드,부모님 가족카드,카페·교통·간편결제,,신용카드,,300000.0,25000.0,404400.0,472200.0,Y,BENEFIT_RECEIVED,BENEFIT_APPLIED,1300,1300,0,,10%,5000.0,2200.0,900.0,SYNTHETIC_RULE_MATCHING_V1,129-03,간편결제 맞춤 혜택,간편결제,45,할인,%,10.0,300000.0,,,5000.0,,,PICKA 표준 혜택 카테고리 '간편결제' 시연 데이터,https://www.card-gorilla.com/card/detail/129,DISCOUNT_APPLIED,청춘대로 톡톡카드 | [Check 서비스] 간편결제(Pay) 10% 청구할인,1600.0,KRW
ONE_TRANSACTION_PER_ROW,persona1,김서연,persona1@picka.app,24,2003-04-13,010-0842-5352,스타벅스 리워드|CJ ONE|대한항공 SKYPASS|네이버플러스 멤버십|신세계포인트,ADULT,,여성,대학생,서울 마포구,False,서울특별시,마포구,0,2026-07-24,[],,,,,,,,,자기관리와 여행을 즐기는 합리적 소비자,1000000,2026-05~2026-07,"온라인쇼핑·배달앱·카페 적립률 높은 카드, 대중교통 할인, 영화 할인 혜택",True,False,False,False,False,False,UNIVERSITY_STUDENT,KT,PUBLIC_TRANSIT,True,False,NONE,OTHER,False,False,0,,VERIFIED,"대학생·대중교통 중심 사용자. KT와 K-패스를 이용하며, 차량·하이패스·육아·복지·항공사 제휴 자격은 해당하지 않음.",3,UC101 | UC102 | UC103,노리2 체크카드(Global) | 청춘대로 톡톡카드 | 디지로카 Travel,노리2 체크카드(Global):생활·편의점·배달·문화 | 청춘대로 톡톡카드:카페·교통·간편결제 | 디지로카 Travel:국내여행·일반적립,hist-persona1-UC101-006,hist-persona1-UC101-006,2026-05,2026-05-20T08:50:00,다이소,생활,생활용품,LIVING,42500,0,42500,체크카드,CARD,APPROVED,다이소 결제 · 생활 카테고리,,UC101,2423,노리2 체크카드(Global),KB국민카드,본인,생활·편의점·배달·문화,,1234,체크카드,,200000,70000.0,,https://www.card-gorilla.com/card/detail/2423,220500,354100,Y,UC102,129.0,청춘대로 톡톡카드,KB국민카드,부모님 가족카드,카페·교통·간편결제,,신용카드,,300000.0,25000.0,404400.0,472200.0,Y,WRONG_CARD_BEFORE_PICKA,BEFORE_PICKA,0,1000,1000,픽카 이용 전 다른 카드를 사용하여 받을 수 있었던 혜택을 놓침,10%,5000.0,,,SYNTHETIC_RULE_MATCHING_V1,129-04,생활 맞춤 혜택,생활,22,할인,%,10.0,300000.0,,,5000.0,,,PICKA 표준 혜택 카테고리 '생활' 시연 데이터,https://www.card-gorilla.com/card/detail/129,MISSED_WRONG_CARD,"청춘대로 톡톡카드 | [Basic 서비스] 대중교통, 택시/이동통신요금 10% 청구할인",1200.0,KRW
ONE_TRANSACTION_PER_ROW,persona1,김서연,persona1@picka.app,24,2003-04-13,010-0842-5352,스타벅스 리워드|CJ ONE|대한항공 SKYPASS|네이버플러스 멤버십|신세계포인트,ADULT,,여성,대학생,서울 마포구,False,서울특별시,마포구,0,2026-07-24,[],,,,,,,,,자기관리와 여행을 즐기는 합리적 소비자,1000000,2026-05~2026-07,"온라인쇼핑·배달앱·카페 적립률 높은 카드, 대중교통 할인, 영화 할인 혜택",True,False,False,False,False,False,UNIVERSITY_STUDENT,KT,PUBLIC_TRANSIT,True,False,NONE,OTHER,False,False,0,,VERIFIED,"대학생·대중교통 중심 사용자. KT와 K-패스를 이용하며, 차량·하이패스·육아·복지·항공사 제휴 자격은 해당하지 않음.",3,UC101 | UC102 | UC103,노리2 체크카드(Global) | 청춘대로 톡톡카드 | 디지로카 Travel,노리2 체크카드(Global):생활·편의점·배달·문화 | 청춘대로 톡톡카드:카페·교통·간편결제 | 디지로카 Travel:국내여행·일반적립,hist-persona1-UC103-006,hist-persona1-UC103-006,2026-05,2026-05-20T08:50:00,서울교통공사,교통,대중교통·택시,TRANSIT,14900,0,14900,신용카드,CARD,APPROVED,서울교통공사 결제 · 교통 카테고리,,UC103,2863,디지로카 Travel,롯데카드,본인,국내여행·일반적립,,9012,신용카드,,0,100000.0,,https://www.card-gorilla.com/card/detail/2863,92400,123700,Y,UC102,129.0,청춘대로 톡톡카드,KB국민카드,부모님 가족카드,카페·교통·간편결제,,신용카드,,300000.0,25000.0,404400.0,472200.0,Y,WRONG_CARD_BEFORE_PICKA,BEFORE_PICKA,0,300,300,픽카 이용 전 다른 카드를 사용하여 받을 수 있었던 혜택을 놓침,10%,5000.0,,,SYNTHETIC_RULE_MATCHING_V1,129-04,교통 맞춤 혜택,교통,20,할인,%,10.0,300000.0,,,5000.0,,,PICKA 표준 혜택 카테고리 '교통' 시연 데이터,https://www.card-gorilla.com/card/detail/129,MISSED_WRONG_CARD,"청춘대로 톡톡카드 | [Basic 서비스] 대중교통, 택시/이동통신요금 10% 청구할인",400.0,KRW
ONE_TRANSACTION_PER_ROW,persona1,김서연,persona1@picka.app,24,2003-04-13,010-0842-5352,스타벅스 리워드|CJ ONE|대한항공 SKYPASS|네이버플러스 멤버십|신세계포인트,ADULT,,여성,대학생,서울 마포구,False,서울특별시,마포구,0,2026-07-24,[],,,,,,,,,자기관리와 여행을 즐기는 합리적 소비자,1000000,2026-05~2026-07,"온라인쇼핑·배달앱·카페 적립률 높은 카드, 대중교통 할인, 영화 할인 혜택",True,False,False,False,False,False,UNIVERSITY_STUDENT,KT,PUBLIC_TRANSIT,True,False,NONE,OTHER,False,False,0,,VERIFIED,"대학생·대중교통 중심 사용자. KT와 K-패스를 이용하며, 차량·하이패스·육아·복지·항공사 제휴 자격은 해당하지 않음.",3,UC101 | UC102 | UC103,노리2 체크카드(Global) | 청춘대로 톡톡카드 | 디지로카 Travel,노리2 체크카드(Global):생활·편의점·배달·문화 | 청춘대로 톡톡카드:카페·교통·간편결제 | 디지로카 Travel:국내여행·일반적립,hist-persona1-UC102-007,hist-persona1-UC102-007,2026-05,2026-05-24T19:05:00,김밥전문점,외식,음식점,FOOD_DINING,70800,3800,67000,신용카드,CARD,APPROVED,김밥전문점 결제 · 푸드/외식 카테고리,,UC102,129,청춘대로 톡톡카드,KB국민카드,부모님 가족카드,카페·교통·간편결제,,5678,신용카드,,300000,25000.0,,https://www.card-gorilla.com/card/detail/129,404400,472200,Y,UC102,129.0,청춘대로 톡톡카드,KB국민카드,부모님 가족카드,카페·교통·간편결제,,신용카드,,300000.0,25000.0,404400.0,472200.0,Y,BENEFIT_RECEIVED,BENEFIT_APPLIED,3800,3800,0,,20%,5000.0,4000.0,200.0,SYNTHETIC_RULE_MATCHING_V1,129-02,푸드/외식 맞춤 혜택,푸드/외식,57,할인,%,20.0,300000.0,,,5000.0,,,PICKA 표준 혜택 카테고리 '푸드/외식' 시연 데이터,https://www.card-gorilla.com/card/detail/129,DISCOUNT_APPLIED,청춘대로 톡톡카드 | [Enjoy 서비스] 버거/패스트푸드 업종 20% 청구할인,4500.0,KRW
ONE_TRANSACTION_PER_ROW,persona1,김서연,persona1@picka.app,24,2003-04-13,010-0842-5352,스타벅스 리워드|CJ ONE|대한항공 SKYPASS|네이버플러스 멤버십|신세계포인트,ADULT,,여성,대학생,서울 마포구,False,서울특별시,마포구,0,2026-07-24,[],,,,,,,,,자기관리와 여행을 즐기는 합리적 소비자,1000000,2026-05~2026-07,"온라인쇼핑·배달앱·카페 적립률 높은 카드, 대중교통 할인, 영화 할인 혜택",True,False,False,False,False,False,UNIVERSITY_STUDENT,KT,PUBLIC_TRANSIT,True,False,NONE,OTHER,False,False,0,,VERIFIED,"대학생·대중교통 중심 사용자. KT와 K-패스를 이용하며, 차량·하이패스·육아·복지·항공사 제휴 자격은 해당하지 않음.",3,UC101 | UC102 | UC103,노리2 체크카드(Global) | 청춘대로 톡톡카드 | 디지로카 Travel,노리2 체크카드(Global):생활·편의점·배달·문화 | 청춘대로 톡톡카드:카페·교통·간편결제 | 디지로카 Travel:국내여행·일반적립,hist-persona1-UC101-007,hist-persona1-UC101-007,2026-05,2026-05-24T19:05:00,이마트,마트/쇼핑,대형마트 및 쇼핑,MART_SHOPPING,53100,2800,50300,체크카드,CARD,APPROVED,이마트 결제 · 마트/쇼핑 카테고리,,UC101,2423,노리2 체크카드(Global),KB국민카드,본인,생활·편의점·배달·문화,,1234,체크카드,,200000,70000.0,,https://www.card-gorilla.com/card/detail/2423,220500,354100,Y,UC101,2423.0,노리2 체크카드(Global),KB국민카드,본인,생활·편의점·배달·문화,,체크카드,,200000.0,70000.0,220500.0,354100.0,Y,BENEFIT_RECEIVED,BENEFIT_APPLIED,2800,2800,0,,10%,3000.0,3000.0,200.0,SYNTHETIC_RULE_MATCHING_V1,2423-01,마트/쇼핑 맞춤 혜택,마트/쇼핑,97,할인,%,10.0,,,,3000.0,,,PICKA 표준 혜택 카테고리 '마트/쇼핑' 시연 데이터,https://www.card-gorilla.com/card/detail/2423,DISCOUNT_APPLIED,"노리2 체크카드(Global) | [일상] 스타벅스, 커피빈 10% 할인",3300.0,KRW
ONE_TRANSACTION_PER_ROW,persona1,김서연,persona1@picka.app,24,2003-04-13,010-0842-5352,스타벅스 리워드|CJ ONE|대한항공 SKYPASS|네이버플러스 멤버십|신세계포인트,ADULT,,여성,대학생,서울 마포구,False,서울특별시,마포구,0,2026-07-24,[],,,,,,,,,자기관리와 여행을 즐기는 합리적 소비자,1000000,2026-05~2026-07,"온라인쇼핑·배달앱·카페 적립률 높은 카드, 대중교통 할인, 영화 할인 혜택",True,False,False,False,False,False,UNIVERSITY_STUDENT,KT,PUBLIC_TRANSIT,True,False,NONE,OTHER,False,False,0,,VERIFIED,"대학생·대중교통 중심 사용자. KT와 K-패스를 이용하며, 차량·하이패스·육아·복지·항공사 제휴 자격은 해당하지 않음.",3,UC101 | UC102 | UC103,노리2 체크카드(Global) | 청춘대로 톡톡카드 | 디지로카 Travel,노리2 체크카드(Global):생활·편의점·배달·문화 | 청춘대로 톡톡카드:카페·교통·간편결제 | 디지로카 Travel:국내여행·일반적립,hist-persona1-UC103-007,hist-persona1-UC103-007,2026-05,2026-05-24T19:05:00,경기버스,교통,대중교통·택시,TRANSIT,18500,0,18500,신용카드,CARD,APPROVED,경기버스 결제 · 교통 카테고리,,UC103,2863,디지로카 Travel,롯데카드,본인,국내여행·일반적립,,9012,신용카드,,0,100000.0,,https://www.card-gorilla.com/card/detail/2863,92400,123700,Y,UC101,2423.0,노리2 체크카드(Global),KB국민카드,본인,생활·편의점·배달·문화,,체크카드,,200000.0,70000.0,220500.0,354100.0,Y,WRONG_CARD_BEFORE_PICKA,BEFORE_PICKA,0,400,400,픽카 이용 전 다른 카드를 사용하여 받을 수 있었던 혜택을 놓침,2%,5000.0,,,SYNTHETIC_RULE_MATCHING_V1,2423-11,교통 맞춤 혜택,교통,20,할인,%,2.0,300000.0,,,5000.0,,,PICKA 표준 혜택 카테고리 '교통' 시연 데이터,https://www.card-gorilla.com/card/detail/2423,MISSED_WRONG_CARD,노리2 체크카드(Global) | [Global] 해외 가맹점 2% 할인,500.0,KRW
ONE_TRANSACTION_PER_ROW,persona1,김서연,persona1@picka.app,24,2003-04-13,010-0842-5352,스타벅스 리워드|CJ ONE|대한항공 SKYPASS|네이버플러스 멤버십|신세계포인트,ADULT,,여성,대학생,서울 마포구,False,서울특별시,마포구,0,2026-07-24,[],,,,,,,,,자기관리와 여행을 즐기는 합리적 소비자,1000000,2026-05~2026-07,"온라인쇼핑·배달앱·카페 적립률 높은 카드, 대중교통 할인, 영화 할인 혜택",True,False,False,False,False,False,UNIVERSITY_STUDENT,KT,PUBLIC_TRANSIT,True,False,NONE,OTHER,False,False,0,,VERIFIED,"대학생·대중교통 중심 사용자. KT와 K-패스를 이용하며, 차량·하이패스·육아·복지·항공사 제휴 자격은 해당하지 않음.",3,UC101 | UC102 | UC103,노리2 체크카드(Global) | 청춘대로 톡톡카드 | 디지로카 Travel,노리2 체크카드(Global):생활·편의점·배달·문화 | 청춘대로 톡톡카드:카페·교통·간편결제 | 디지로카 Travel:국내여행·일반적립,hist-persona1-UC102-008,hist-persona1-UC102-008,2026-05,2026-05-28T22:10:00,메가커피,카페,카페 및 디저트,CAFE_DESSERT,47200,1200,46000,신용카드,CARD,APPROVED,메가커피 결제 · 카페/디저트 카테고리,,UC102,129,청춘대로 톡톡카드,KB국민카드,부모님 가족카드,카페·교통·간편결제,,5678,신용카드,,300000,25000.0,,https://www.card-gorilla.com/card/detail/129,404400,472200,Y,UC102,129.0,청춘대로 톡톡카드,KB국민카드,부모님 가족카드,카페·교통·간편결제,,신용카드,,300000.0,25000.0,404400.0,472200.0,Y,BENEFIT_RECEIVED,BENEFIT_APPLIED,1200,1200,0,,50%,10000.0,6800.0,5600.0,SYNTHETIC_RULE_MATCHING_V1,129-01,카페/디저트 맞춤 혜택,카페/디저트,45,할인,%,50.0,300000.0,,,10000.0,,,PICKA 표준 혜택 카테고리 '카페/디저트' 시연 데이터,https://www.card-gorilla.com/card/detail/129,DISCOUNT_APPLIED,청춘대로 톡톡카드 | [Great 서비스] 스타벅스 50% 청구할인,1400.0,KRW
ONE_TRANSACTION_PER_ROW,persona1,김서연,persona1@picka.app,24,2003-04-13,010-0842-5352,스타벅스 리워드|CJ ONE|대한항공 SKYPASS|네이버플러스 멤버십|신세계포인트,ADULT,,여성,대학생,서울 마포구,False,서울특별시,마포구,0,2026-07-24,[],,,,,,,,,자기관리와 여행을 즐기는 합리적 소비자,1000000,2026-05~2026-07,"온라인쇼핑·배달앱·카페 적립률 높은 카드, 대중교통 할인, 영화 할인 혜택",True,False,False,False,False,False,UNIVERSITY_STUDENT,KT,PUBLIC_TRANSIT,True,False,NONE,OTHER,False,False,0,,VERIFIED,"대학생·대중교통 중심 사용자. KT와 K-패스를 이용하며, 차량·하이패스·육아·복지·항공사 제휴 자격은 해당하지 않음.",3,UC101 | UC102 | UC103,노리2 체크카드(Global) | 청춘대로 톡톡카드 | 디지로카 Travel,노리2 체크카드(Global):생활·편의점·배달·문화 | 청춘대로 톡톡카드:카페·교통·간편결제 | 디지로카 Travel:국내여행·일반적립,hist-persona1-UC101-008,hist-persona1-UC101-008,2026-05,2026-05-28T22:10:00,이탈리안 레스토랑,외식,음식점,FOOD_DINING,35400,0,35400,체크카드,CARD,APPROVED,이탈리안 레스토랑 결제 · 푸드/외식 카테고리,,UC101,2423,노리2 체크카드(Global),KB국민카드,본인,생활·편의점·배달·문화,,1234,체크카드,,200000,70000.0,,https://www.card-gorilla.com/card/detail/2423,220500,354100,Y,UC102,129.0,청춘대로 톡톡카드,KB국민카드,부모님 가족카드,카페·교통·간편결제,,신용카드,,300000.0,25000.0,404400.0,472200.0,Y,WRONG_CARD_BEFORE_PICKA,BEFORE_PICKA,0,800,800,픽카 이용 전 다른 카드를 사용하여 받을 수 있었던 혜택을 놓침,10%,5000.0,,,SYNTHETIC_RULE_MATCHING_V1,129-04,푸드/외식 맞춤 혜택,푸드/외식,57,할인,%,10.0,300000.0,,,5000.0,,,PICKA 표준 혜택 카테고리 '푸드/외식' 시연 데이터,https://www.card-gorilla.com/card/detail/129,MISSED_WRONG_CARD,"청춘대로 톡톡카드 | [Basic 서비스] 대중교통, 택시/이동통신요금 10% 청구할인",1000.0,KRW
ONE_TRANSACTION_PER_ROW,persona1,김서연,persona1@picka.app,24,2003-04-13,010-0842-5352,스타벅스 리워드|CJ ONE|대한항공 SKYPASS|네이버플러스 멤버십|신세계포인트,ADULT,,여성,대학생,서울 마포구,False,서울특별시,마포구,0,2026-07-24,[],,,,,,,,,자기관리와 여행을 즐기는 합리적 소비자,1000000,2026-05~2026-07,"온라인쇼핑·배달앱·카페 적립률 높은 카드, 대중교통 할인, 영화 할인 혜택",True,False,False,False,False,False,UNIVERSITY_STUDENT,KT,PUBLIC_TRANSIT,True,False,NONE,OTHER,False,False,0,,VERIFIED,"대학생·대중교통 중심 사용자. KT와 K-패스를 이용하며, 차량·하이패스·육아·복지·항공사 제휴 자격은 해당하지 않음.",3,UC101 | UC102 | UC103,노리2 체크카드(Global) | 청춘대로 톡톡카드 | 디지로카 Travel,노리2 체크카드(Global):생활·편의점·배달·문화 | 청춘대로 톡톡카드:카페·교통·간편결제 | 디지로카 Travel:국내여행·일반적립,hist-persona1-UC103-008,hist-persona1-UC103-008,2026-05,2026-05-28T22:10:00,투썸플레이스,카페,카페 및 디저트,CAFE_DESSERT,12400,0,12400,신용카드,CARD,APPROVED,투썸플레이스 결제 · 카페/디저트 카테고리,,UC103,2863,디지로카 Travel,롯데카드,본인,국내여행·일반적립,,9012,신용카드,,0,100000.0,,https://www.card-gorilla.com/card/detail/2863,92400,123700,Y,UC102,129.0,청춘대로 톡톡카드,KB국민카드,부모님 가족카드,카페·교통·간편결제,,신용카드,,300000.0,25000.0,404400.0,472200.0,Y,WRONG_CARD_BEFORE_PICKA,BEFORE_PICKA,0,300,300,픽카 이용 전 다른 카드를 사용하여 받을 수 있었던 혜택을 놓침,10%,5000.0,,,SYNTHETIC_RULE_MATCHING_V1,129-04,카페/디저트 맞춤 혜택,카페/디저트,45,할인,%,10.0,300000.0,,,5000.0,,,PICKA 표준 혜택 카테고리 '카페/디저트' 시연 데이터,https://www.card-gorilla.com/card/detail/129,MISSED_WRONG_CARD,"청춘대로 톡톡카드 | [Basic 서비스] 대중교통, 택시/이동통신요금 10% 청구할인",400.0,KRW
ONE_TRANSACTION_PER_ROW,persona1,김서연,persona1@picka.app,24,2003-04-13,010-0842-5352,스타벅스 리워드|CJ ONE|대한항공 SKYPASS|네이버플러스 멤버십|신세계포인트,ADULT,,여성,대학생,서울 마포구,False,서울특별시,마포구,0,2026-07-24,[],,,,,,,,,자기관리와 여행을 즐기는 합리적 소비자,1000000,2026-05~2026-07,"온라인쇼핑·배달앱·카페 적립률 높은 카드, 대중교통 할인, 영화 할인 혜택",True,False,False,False,False,False,UNIVERSITY_STUDENT,KT,PUBLIC_TRANSIT,True,False,NONE,OTHER,False,False,0,,VERIFIED,"대학생·대중교통 중심 사용자. KT와 K-패스를 이용하며, 차량·하이패스·육아·복지·항공사 제휴 자격은 해당하지 않음.",3,UC101 | UC102 | UC103,노리2 체크카드(Global) | 청춘대로 톡톡카드 | 디지로카 Travel,노리2 체크카드(Global):생활·편의점·배달·문화 | 청춘대로 톡톡카드:카페·교통·간편결제 | 디지로카 Travel:국내여행·일반적립,persona1-001,persona1-001,2026-06,2026-06-01T08:50:00,올리브영,뷰티/피트니스,뷰티 및 운동,BEAUTY_FITNESS,7900,0,7900,체크카드,CARD,APPROVED,올리브영 결제 · 뷰티/피트니스 카테고리,,UC101,2423,노리2 체크카드(Global),KB국민카드,본인,생활·편의점·배달·문화,,1234,체크카드,,200000,70000.0,,https://www.card-gorilla.com/card/detail/2423,354100,565200,Y,UC102,129.0,청춘대로 톡톡카드,KB국민카드,부모님 가족카드,카페·교통·간편결제,,신용카드,,300000.0,25000.0,472200.0,368000.0,Y,WRONG_CARD_BEFORE_PICKA,BEFORE_PICKA,0,500,500,픽카 이용 전 다른 카드를 사용하여 받을 수 있었던 혜택을 놓침,10%,5000.0,,,SYNTHETIC_RULE_MATCHING_V1,129-04,뷰티/피트니스 맞춤 혜택,뷰티/피트니스,19,할인,%,10.0,300000.0,,,5000.0,,,PICKA 표준 혜택 카테고리 '뷰티/피트니스' 시연 데이터,https://www.card-gorilla.com/card/detail/129,MISSED_WRONG_CARD,"청춘대로 톡톡카드 | [Basic 서비스] 대중교통, 택시/이동통신요금 10% 청구할인",600.0,KRW
ONE_TRANSACTION_PER_ROW,persona1,김서연,persona1@picka.app,24,2003-04-13,010-0842-5352,스타벅스 리워드|CJ ONE|대한항공 SKYPASS|네이버플러스 멤버십|신세계포인트,ADULT,,여성,대학생,서울 마포구,False,서울특별시,마포구,0,2026-07-24,[],,,,,,,,,자기관리와 여행을 즐기는 합리적 소비자,1000000,2026-05~2026-07,"온라인쇼핑·배달앱·카페 적립률 높은 카드, 대중교통 할인, 영화 할인 혜택",True,False,False,False,False,False,UNIVERSITY_STUDENT,KT,PUBLIC_TRANSIT,True,False,NONE,OTHER,False,False,0,,VERIFIED,"대학생·대중교통 중심 사용자. KT와 K-패스를 이용하며, 차량·하이패스·육아·복지·항공사 제휴 자격은 해당하지 않음.",3,UC101 | UC102 | UC103,노리2 체크카드(Global) | 청춘대로 톡톡카드 | 디지로카 Travel,노리2 체크카드(Global):생활·편의점·배달·문화 | 청춘대로 톡톡카드:카페·교통·간편결제 | 디지로카 Travel:국내여행·일반적립,persona1-002,persona1-002,2026-06,2026-06-01T13:05:00,다이소,생활,생활용품,LIVING,3900,0,3900,체크카드,CARD,APPROVED,다이소 결제 · 생활 카테고리,,UC101,2423,노리2 체크카드(Global),KB국민카드,본인,생활·편의점·배달·문화,,1234,체크카드,,200000,70000.0,,https://www.card-gorilla.com/card/detail/2423,354100,565200,Y,UC102,129.0,청춘대로 톡톡카드,KB국민카드,부모님 가족카드,카페·교통·간편결제,,신용카드,,300000.0,25000.0,472200.0,368000.0,Y,WRONG_CARD_BEFORE_PICKA,BEFORE_PICKA,0,300,300,픽카 이용 전 다른 카드를 사용하여 받을 수 있었던 혜택을 놓침,10%,5000.0,,,SYNTHETIC_RULE_MATCHING_V1,129-04,생활 맞춤 혜택,생활,22,할인,%,10.0,300000.0,,,5000.0,,,PICKA 표준 혜택 카테고리 '생활' 시연 데이터,https://www.card-gorilla.com/card/detail/129,MISSED_WRONG_CARD,"청춘대로 톡톡카드 | [Basic 서비스] 대중교통, 택시/이동통신요금 10% 청구할인",300.0,KRW
ONE_TRANSACTION_PER_ROW,persona1,김서연,persona1@picka.app,24,2003-04-13,010-0842-5352,스타벅스 리워드|CJ ONE|대한항공 SKYPASS|네이버플러스 멤버십|신세계포인트,ADULT,,여성,대학생,서울 마포구,False,서울특별시,마포구,0,2026-07-24,[],,,,,,,,,자기관리와 여행을 즐기는 합리적 소비자,1000000,2026-05~2026-07,"온라인쇼핑·배달앱·카페 적립률 높은 카드, 대중교통 할인, 영화 할인 혜택",True,False,False,False,False,False,UNIVERSITY_STUDENT,KT,PUBLIC_TRANSIT,True,False,NONE,OTHER,False,False,0,,VERIFIED,"대학생·대중교통 중심 사용자. KT와 K-패스를 이용하며, 차량·하이패스·육아·복지·항공사 제휴 자격은 해당하지 않음.",3,UC101 | UC102 | UC103,노리2 체크카드(Global) | 청춘대로 톡톡카드 | 디지로카 Travel,노리2 체크카드(Global):생활·편의점·배달·문화 | 청춘대로 톡톡카드:카페·교통·간편결제 | 디지로카 Travel:국내여행·일반적립,persona1-003,persona1-003,2026-06,2026-06-01T14:15:00,스타벅스,카페,카페 및 디저트,CAFE_DESSERT,2400,200,2200,신용카드,CARD,APPROVED,스타벅스 결제 · 카페/디저트 카테고리,,UC102,129,청춘대로 톡톡카드,KB국민카드,부모님 가족카드,카페·교통·간편결제,,5678,신용카드,,300000,25000.0,,https://www.card-gorilla.com/card/detail/129,472200,368000,Y,UC102,129.0,청춘대로 톡톡카드,KB국민카드,부모님 가족카드,카페·교통·간편결제,,신용카드,,300000.0,25000.0,472200.0,368000.0,Y,BENEFIT_RECEIVED,BENEFIT_APPLIED,200,200,0,,50%,10000.0,10000.0,9800.0,SYNTHETIC_RULE_MATCHING_V1,129-01,카페/디저트 맞춤 혜택,카페/디저트,45,할인,%,50.0,300000.0,,,10000.0,,,PICKA 표준 혜택 카테고리 '카페/디저트' 시연 데이터,https://www.card-gorilla.com/card/detail/129,DISCOUNT_APPLIED,청춘대로 톡톡카드 | [Great 서비스] 스타벅스 50% 청구할인,200.0,KRW
ONE_TRANSACTION_PER_ROW,persona1,김서연,persona1@picka.app,24,2003-04-13,010-0842-5352,스타벅스 리워드|CJ ONE|대한항공 SKYPASS|네이버플러스 멤버십|신세계포인트,ADULT,,여성,대학생,서울 마포구,False,서울특별시,마포구,0,2026-07-24,[],,,,,,,,,자기관리와 여행을 즐기는 합리적 소비자,1000000,2026-05~2026-07,"온라인쇼핑·배달앱·카페 적립률 높은 카드, 대중교통 할인, 영화 할인 혜택",True,False,False,False,False,False,UNIVERSITY_STUDENT,KT,PUBLIC_TRANSIT,True,False,NONE,OTHER,False,False,0,,VERIFIED,"대학생·대중교통 중심 사용자. KT와 K-패스를 이용하며, 차량·하이패스·육아·복지·항공사 제휴 자격은 해당하지 않음.",3,UC101 | UC102 | UC103,노리2 체크카드(Global) | 청춘대로 톡톡카드 | 디지로카 Travel,노리2 체크카드(Global):생활·편의점·배달·문화 | 청춘대로 톡톡카드:카페·교통·간편결제 | 디지로카 Travel:국내여행·일반적립,persona1-004,persona1-004,2026-06,2026-06-02T10:15:00,롯데백화점,쇼핑,백화점,DEPARTMENT_STORE,469900,0,469900,체크카드,CARD,APPROVED,롯데백화점 결제 · 백화점 카테고리,,UC101,2423,노리2 체크카드(Global),KB국민카드,본인,생활·편의점·배달·문화,,1234,체크카드,,200000,70000.0,,https://www.card-gorilla.com/card/detail/2423,354100,565200,Y,,,,,,,,,,,,,,,NO_ELIGIBLE_BENEFIT,BEFORE_PICKA,0,0,0,,,,,,SYNTHETIC_RULE_MATCHING_V1,,백화점 맞춤 혜택,백화점,3,,,,,,,,,,PICKA 표준 혜택 카테고리 '백화점' 시연 데이터,,,,,
ONE_TRANSACTION_PER_ROW,persona1,김서연,persona1@picka.app,24,2003-04-13,010-0842-5352,스타벅스 리워드|CJ ONE|대한항공 SKYPASS|네이버플러스 멤버십|신세계포인트,ADULT,,여성,대학생,서울 마포구,False,서울특별시,마포구,0,2026-07-24,[],,,,,,,,,자기관리와 여행을 즐기는 합리적 소비자,1000000,2026-05~2026-07,"온라인쇼핑·배달앱·카페 적립률 높은 카드, 대중교통 할인, 영화 할인 혜택",True,False,False,False,False,False,UNIVERSITY_STUDENT,KT,PUBLIC_TRANSIT,True,False,NONE,OTHER,False,False,0,,VERIFIED,"대학생·대중교통 중심 사용자. KT와 K-패스를 이용하며, 차량·하이패스·육아·복지·항공사 제휴 자격은 해당하지 않음.",3,UC101 | UC102 | UC103,노리2 체크카드(Global) | 청춘대로 톡톡카드 | 디지로카 Travel,노리2 체크카드(Global):생활·편의점·배달·문화 | 청춘대로 톡톡카드:카페·교통·간편결제 | 디지로카 Travel:국내여행·일반적립,persona1-005,persona1-005,2026-06,2026-06-02T21:50:00,이마트,마트/쇼핑,대형마트 및 쇼핑,MART_SHOPPING,9100,500,8600,신용카드,CARD,APPROVED,이마트 결제 · 마트/쇼핑 카테고리,,UC102,129,청춘대로 톡톡카드,KB국민카드,부모님 가족카드,카페·교통·간편결제,,5678,신용카드,,300000,25000.0,,https://www.card-gorilla.com/card/detail/129,472200,368000,Y,UC102,129.0,청춘대로 톡톡카드,KB국민카드,부모님 가족카드,카페·교통·간편결제,,신용카드,,300000.0,25000.0,472200.0,368000.0,Y,BENEFIT_RECEIVED,BENEFIT_APPLIED,500,500,0,,20%,5000.0,5000.0,4500.0,SYNTHETIC_RULE_MATCHING_V1,129-02,마트/쇼핑 맞춤 혜택,마트/쇼핑,97,할인,%,20.0,300000.0,,,5000.0,,,PICKA 표준 혜택 카테고리 '마트/쇼핑' 시연 데이터,https://www.card-gorilla.com/card/detail/129,DISCOUNT_APPLIED,청춘대로 톡톡카드 | [Enjoy 서비스] 버거/패스트푸드 업종 20% 청구할인,600.0,KRW
ONE_TRANSACTION_PER_ROW,persona1,김서연,persona1@picka.app,24,2003-04-13,010-0842-5352,스타벅스 리워드|CJ ONE|대한항공 SKYPASS|네이버플러스 멤버십|신세계포인트,ADULT,,여성,대학생,서울 마포구,False,서울특별시,마포구,0,2026-07-24,[],,,,,,,,,자기관리와 여행을 즐기는 합리적 소비자,1000000,2026-05~2026-07,"온라인쇼핑·배달앱·카페 적립률 높은 카드, 대중교통 할인, 영화 할인 혜택",True,False,False,False,False,False,UNIVERSITY_STUDENT,KT,PUBLIC_TRANSIT,True,False,NONE,OTHER,False,False,0,,VERIFIED,"대학생·대중교통 중심 사용자. KT와 K-패스를 이용하며, 차량·하이패스·육아·복지·항공사 제휴 자격은 해당하지 않음.",3,UC101 | UC102 | UC103,노리2 체크카드(Global) | 청춘대로 톡톡카드 | 디지로카 Travel,노리2 체크카드(Global):생활·편의점·배달·문화 | 청춘대로 톡톡카드:카페·교통·간편결제 | 디지로카 Travel:국내여행·일반적립,persona1-006,persona1-006,2026-06,2026-06-03T11:35:00,메가커피,카페,카페 및 디저트,CAFE_DESSERT,2100,200,1900,신용카드,CARD,APPROVED,메가커피 결제 · 카페/디저트 카테고리,,UC102,129,청춘대로 톡톡카드,KB국민카드,부모님 가족카드,카페·교통·간편결제,,5678,신용카드,,300000,25000.0,,https://www.card-gorilla.com/card/detail/129,472200,368000,Y,UC102,129.0,청춘대로 톡톡카드,KB국민카드,부모님 가족카드,카페·교통·간편결제,,신용카드,,300000.0,25000.0,472200.0,368000.0,Y,BENEFIT_RECEIVED,BENEFIT_APPLIED,200,200,0,,50%,10000.0,9800.0,9600.0,SYNTHETIC_RULE_MATCHING_V1,129-01,카페/디저트 맞춤 혜택,카페/디저트,45,할인,%,50.0,300000.0,,,10000.0,,,PICKA 표준 혜택 카테고리 '카페/디저트' 시연 데이터,https://www.card-gorilla.com/card/detail/129,DISCOUNT_APPLIED,청춘대로 톡톡카드 | [Great 서비스] 스타벅스 50% 청구할인,200.0,KRW
ONE_TRANSACTION_PER_ROW,persona1,김서연,persona1@picka.app,24,2003-04-13,010-0842-5352,스타벅스 리워드|CJ ONE|대한항공 SKYPASS|네이버플러스 멤버십|신세계포인트,ADULT,,여성,대학생,서울 마포구,False,서울특별시,마포구,0,2026-07-24,[],,,,,,,,,자기관리와 여행을 즐기는 합리적 소비자,1000000,2026-05~2026-07,"온라인쇼핑·배달앱·카페 적립률 높은 카드, 대중교통 할인, 영화 할인 혜택",True,False,False,False,False,False,UNIVERSITY_STUDENT,KT,PUBLIC_TRANSIT,True,False,NONE,OTHER,False,False,0,,VERIFIED,"대학생·대중교통 중심 사용자. KT와 K-패스를 이용하며, 차량·하이패스·육아·복지·항공사 제휴 자격은 해당하지 않음.",3,UC101 | UC102 | UC103,노리2 체크카드(Global) | 청춘대로 톡톡카드 | 디지로카 Travel,노리2 체크카드(Global):생활·편의점·배달·문화 | 청춘대로 톡톡카드:카페·교통·간편결제 | 디지로카 Travel:국내여행·일반적립,persona1-007,persona1-007,2026-06,2026-06-03T19:00:00,무인양품,생활,차량정비 및 세차,LIVING,19000,1800,17200,신용카드,CARD,APPROVED,렌터카 세차비 결제 · 자동차/정비 카테고리,,UC102,129,청춘대로 톡톡카드,KB국민카드,부모님 가족카드,카페·교통·간편결제,,5678,신용카드,,300000,25000.0,,https://www.card-gorilla.com/card/detail/129,472200,368000,Y,UC102,129.0,청춘대로 톡톡카드,KB국민카드,부모님 가족카드,카페·교통·간편결제,,신용카드,,300000.0,25000.0,472200.0,368000.0,Y,BENEFIT_RECEIVED,BENEFIT_APPLIED,1800,1800,0,,10%,5000.0,5000.0,3200.0,SYNTHETIC_RULE_MATCHING_V1,129-04,생활 맞춤 혜택,생활,22,할인,%,10.0,300000.0,,,5000.0,,,PICKA 표준 혜택 카테고리 '생활' 시연 데이터,https://www.card-gorilla.com/card/detail/129,DISCOUNT_APPLIED,"청춘대로 톡톡카드 | [Basic 서비스] 대중교통, 택시/이동통신요금 10% 청구할인",2100.0,KRW
ONE_TRANSACTION_PER_ROW,persona1,김서연,persona1@picka.app,24,2003-04-13,010-0842-5352,스타벅스 리워드|CJ ONE|대한항공 SKYPASS|네이버플러스 멤버십|신세계포인트,ADULT,,여성,대학생,서울 마포구,False,서울특별시,마포구,0,2026-07-24,[],,,,,,,,,자기관리와 여행을 즐기는 합리적 소비자,1000000,2026-05~2026-07,"온라인쇼핑·배달앱·카페 적립률 높은 카드, 대중교통 할인, 영화 할인 혜택",True,False,False,False,False,False,UNIVERSITY_STUDENT,KT,PUBLIC_TRANSIT,True,False,NONE,OTHER,False,False,0,,VERIFIED,"대학생·대중교통 중심 사용자. KT와 K-패스를 이용하며, 차량·하이패스·육아·복지·항공사 제휴 자격은 해당하지 않음.",3,UC101 | UC102 | UC103,노리2 체크카드(Global) | 청춘대로 톡톡카드 | 디지로카 Travel,노리2 체크카드(Global):생활·편의점·배달·문화 | 청춘대로 톡톡카드:카페·교통·간편결제 | 디지로카 Travel:국내여행·일반적립,persona1-008,persona1-008,2026-06,2026-06-04T19:30:00,네이버페이,간편결제,온라인 간편결제,EASY_PAY,4200,400,3800,신용카드,CARD,APPROVED,네이버페이 결제 · 간편결제 카테고리,,UC102,129,청춘대로 톡톡카드,KB국민카드,부모님 가족카드,카페·교통·간편결제,,5678,신용카드,,300000,25000.0,,https://www.card-gorilla.com/card/detail/129,472200,368000,Y,UC102,129.0,청춘대로 톡톡카드,KB국민카드,부모님 가족카드,카페·교통·간편결제,,신용카드,,300000.0,25000.0,472200.0,368000.0,Y,BENEFIT_RECEIVED,BENEFIT_APPLIED,400,400,0,,20%,5000.0,4500.0,4100.0,SYNTHETIC_RULE_MATCHING_V1,129-02,간편결제 맞춤 혜택,간편결제,45,할인,%,20.0,300000.0,,,5000.0,,,PICKA 표준 혜택 카테고리 '간편결제' 시연 데이터,https://www.card-gorilla.com/card/detail/129,DISCOUNT_APPLIED,청춘대로 톡톡카드 | [Enjoy 서비스] 버거/패스트푸드 업종 20% 청구할인,500.0,KRW
ONE_TRANSACTION_PER_ROW,persona1,김서연,persona1@picka.app,24,2003-04-13,010-0842-5352,스타벅스 리워드|CJ ONE|대한항공 SKYPASS|네이버플러스 멤버십|신세계포인트,ADULT,,여성,대학생,서울 마포구,False,서울특별시,마포구,0,2026-07-24,[],,,,,,,,,자기관리와 여행을 즐기는 합리적 소비자,1000000,2026-05~2026-07,"온라인쇼핑·배달앱·카페 적립률 높은 카드, 대중교통 할인, 영화 할인 혜택",True,False,False,False,False,False,UNIVERSITY_STUDENT,KT,PUBLIC_TRANSIT,True,False,NONE,OTHER,False,False,0,,VERIFIED,"대학생·대중교통 중심 사용자. KT와 K-패스를 이용하며, 차량·하이패스·육아·복지·항공사 제휴 자격은 해당하지 않음.",3,UC101 | UC102 | UC103,노리2 체크카드(Global) | 청춘대로 톡톡카드 | 디지로카 Travel,노리2 체크카드(Global):생활·편의점·배달·문화 | 청춘대로 톡톡카드:카페·교통·간편결제 | 디지로카 Travel:국내여행·일반적립,persona1-009,persona1-009,2026-06,2026-06-04T23:55:00,티머니,교통,대중교통·택시,TRANSIT,2100,0,2100,체크카드,CARD,APPROVED,티머니 결제 · 교통 카테고리,,UC101,2423,노리2 체크카드(Global),KB국민카드,본인,생활·편의점·배달·문화,,1234,체크카드,,200000,70000.0,,https://www.card-gorilla.com/card/detail/2423,354100,565200,Y,UC102,129.0,청춘대로 톡톡카드,KB국민카드,부모님 가족카드,카페·교통·간편결제,,신용카드,,300000.0,25000.0,472200.0,368000.0,Y,WRONG_CARD_BEFORE_PICKA,BEFORE_PICKA,0,100,100,픽카 이용 전 다른 카드를 사용하여 받을 수 있었던 혜택을 놓침,10%,5000.0,,,SYNTHETIC_RULE_MATCHING_V1,129-04,교통 맞춤 혜택,교통,20,할인,%,10.0,300000.0,,,5000.0,,,PICKA 표준 혜택 카테고리 '교통' 시연 데이터,https://www.card-gorilla.com/card/detail/129,MISSED_WRONG_CARD,"청춘대로 톡톡카드 | [Basic 서비스] 대중교통, 택시/이동통신요금 10% 청구할인",100.0,KRW
ONE_TRANSACTION_PER_ROW,persona1,김서연,persona1@picka.app,24,2003-04-13,010-0842-5352,스타벅스 리워드|CJ ONE|대한항공 SKYPASS|네이버플러스 멤버십|신세계포인트,ADULT,,여성,대학생,서울 마포구,False,서울특별시,마포구,0,2026-07-24,[],,,,,,,,,자기관리와 여행을 즐기는 합리적 소비자,1000000,2026-05~2026-07,"온라인쇼핑·배달앱·카페 적립률 높은 카드, 대중교통 할인, 영화 할인 혜택",True,False,False,False,False,False,UNIVERSITY_STUDENT,KT,PUBLIC_TRANSIT,True,False,NONE,OTHER,False,False,0,,VERIFIED,"대학생·대중교통 중심 사용자. KT와 K-패스를 이용하며, 차량·하이패스·육아·복지·항공사 제휴 자격은 해당하지 않음.",3,UC101 | UC102 | UC103,노리2 체크카드(Global) | 청춘대로 톡톡카드 | 디지로카 Travel,노리2 체크카드(Global):생활·편의점·배달·문화 | 청춘대로 톡톡카드:카페·교통·간편결제 | 디지로카 Travel:국내여행·일반적립,persona1-010,persona1-010,2026-06,2026-06-05T16:00:00,투썸플레이스,카페,카페 및 디저트,CAFE_DESSERT,3100,200,2900,신용카드,CARD,APPROVED,투썸플레이스 결제 · 카페/디저트 카테고리,,UC102,129,청춘대로 톡톡카드,KB국민카드,부모님 가족카드,카페·교통·간편결제,,5678,신용카드,,300000,25000.0,,https://www.card-gorilla.com/card/detail/129,472200,368000,Y,UC102,129.0,청춘대로 톡톡카드,KB국민카드,부모님 가족카드,카페·교통·간편결제,,신용카드,,300000.0,25000.0,472200.0,368000.0,Y,BENEFIT_RECEIVED,BENEFIT_APPLIED,200,200,0,,50%,10000.0,9600.0,9400.0,SYNTHETIC_RULE_MATCHING_V1,129-01,카페/디저트 맞춤 혜택,카페/디저트,45,할인,%,50.0,300000.0,,,10000.0,,,PICKA 표준 혜택 카테고리 '카페/디저트' 시연 데이터,https://www.card-gorilla.com/card/detail/129,DISCOUNT_APPLIED,청춘대로 톡톡카드 | [Great 서비스] 스타벅스 50% 청구할인,200.0,KRW
ONE_TRANSACTION_PER_ROW,persona1,김서연,persona1@picka.app,24,2003-04-13,010-0842-5352,스타벅스 리워드|CJ ONE|대한항공 SKYPASS|네이버플러스 멤버십|신세계포인트,ADULT,,여성,대학생,서울 마포구,False,서울특별시,마포구,0,2026-07-24,[],,,,,,,,,자기관리와 여행을 즐기는 합리적 소비자,1000000,2026-05~2026-07,"온라인쇼핑·배달앱·카페 적립률 높은 카드, 대중교통 할인, 영화 할인 혜택",True,False,False,False,False,False,UNIVERSITY_STUDENT,KT,PUBLIC_TRANSIT,True,False,NONE,OTHER,False,False,0,,VERIFIED,"대학생·대중교통 중심 사용자. KT와 K-패스를 이용하며, 차량·하이패스·육아·복지·항공사 제휴 자격은 해당하지 않음.",3,UC101 | UC102 | UC103,노리2 체크카드(Global) | 청춘대로 톡톡카드 | 디지로카 Travel,노리2 체크카드(Global):생활·편의점·배달·문화 | 청춘대로 톡톡카드:카페·교통·간편결제 | 디지로카 Travel:국내여행·일반적립,persona1-011,persona1-011,2026-06,2026-06-05T21:40:00,인천공항 라운지,프리미엄서비스,프리미엄 서비스,PREMIUM_SERVICE,61400,0,61400,신용카드,CARD,APPROVED,인천공항 라운지 결제 · 프리미엄서비스 카테고리,,UC102,129,청춘대로 톡톡카드,KB국민카드,부모님 가족카드,카페·교통·간편결제,,5678,신용카드,,300000,25000.0,,https://www.card-gorilla.com/card/detail/129,472200,368000,Y,,,,,,,,,,,,,,,NO_ELIGIBLE_BENEFIT,BEFORE_PICKA,0,0,0,,,,,,SYNTHETIC_RULE_MATCHING_V1,,프리미엄서비스 맞춤 혜택,프리미엄서비스,1,,,,,,,,,,PICKA 표준 혜택 카테고리 '프리미엄서비스' 시연 데이터,,,,,
ONE_TRANSACTION_PER_ROW,persona1,김서연,persona1@picka.app,24,2003-04-13,010-0842-5352,스타벅스 리워드|CJ ONE|대한항공 SKYPASS|네이버플러스 멤버십|신세계포인트,ADULT,,여성,대학생,서울 마포구,False,서울특별시,마포구,0,2026-07-24,[],,,,,,,,,자기관리와 여행을 즐기는 합리적 소비자,1000000,2026-05~2026-07,"온라인쇼핑·배달앱·카페 적립률 높은 카드, 대중교통 할인, 영화 할인 혜택",True,False,False,False,False,False,UNIVERSITY_STUDENT,KT,PUBLIC_TRANSIT,True,False,NONE,OTHER,False,False,0,,VERIFIED,"대학생·대중교통 중심 사용자. KT와 K-패스를 이용하며, 차량·하이패스·육아·복지·항공사 제휴 자격은 해당하지 않음.",3,UC101 | UC102 | UC103,노리2 체크카드(Global) | 청춘대로 톡톡카드 | 디지로카 Travel,노리2 체크카드(Global):생활·편의점·배달·문화 | 청춘대로 톡톡카드:카페·교통·간편결제 | 디지로카 Travel:국내여행·일반적립,persona1-012,persona1-012,2026-06,2026-06-06T14:30:00,필라테스 스튜디오,뷰티/피트니스,뷰티 및 운동,BEAUTY_FITNESS,17900,0,17900,신용카드,CARD,APPROVED,필라테스 스튜디오 결제 · 뷰티/피트니스 카테고리,,UC102,129,청춘대로 톡톡카드,KB국민카드,부모님 가족카드,카페·교통·간편결제,,5678,신용카드,,300000,25000.0,,https://www.card-gorilla.com/card/detail/129,472200,368000,Y,UC101,2423.0,노리2 체크카드(Global),KB국민카드,본인,생활·편의점·배달·문화,,체크카드,,200000.0,70000.0,354100.0,565200.0,Y,WRONG_CARD_BEFORE_PICKA,BEFORE_PICKA,0,1100,1100,픽카 이용 전 다른 카드를 사용하여 받을 수 있었던 혜택을 놓침,5%,2000.0,,,SYNTHETIC_RULE_MATCHING_V1,2423-04,뷰티/피트니스 맞춤 혜택,뷰티/피트니스,19,할인,%,5.0,200000.0,,,2000.0,,,PICKA 표준 혜택 카테고리 '뷰티/피트니스' 시연 데이터,https://www.card-gorilla.com/card/detail/2423,MISSED_WRONG_CARD,"노리2 체크카드(Global) | [일상] 올리브영, 미용실 업종 5% 할인",1300.0,KRW
ONE_TRANSACTION_PER_ROW,persona1,김서연,persona1@picka.app,24,2003-04-13,010-0842-5352,스타벅스 리워드|CJ ONE|대한항공 SKYPASS|네이버플러스 멤버십|신세계포인트,ADULT,,여성,대학생,서울 마포구,False,서울특별시,마포구,0,2026-07-24,[],,,,,,,,,자기관리와 여행을 즐기는 합리적 소비자,1000000,2026-05~2026-07,"온라인쇼핑·배달앱·카페 적립률 높은 카드, 대중교통 할인, 영화 할인 혜택",True,False,False,False,False,False,UNIVERSITY_STUDENT,KT,PUBLIC_TRANSIT,True,False,NONE,OTHER,False,False,0,,VERIFIED,"대학생·대중교통 중심 사용자. KT와 K-패스를 이용하며, 차량·하이패스·육아·복지·항공사 제휴 자격은 해당하지 않음.",3,UC101 | UC102 | UC103,노리2 체크카드(Global) | 청춘대로 톡톡카드 | 디지로카 Travel,노리2 체크카드(Global):생활·편의점·배달·문화 | 청춘대로 톡톡카드:카페·교통·간편결제 | 디지로카 Travel:국내여행·일반적립,persona1-013,persona1-013,2026-06,2026-06-06T20:10:00,한식당,외식,음식점,FOOD_DINING,7700,500,7200,신용카드,CARD,APPROVED,한식당 결제 · 푸드/외식 카테고리,,UC102,129,청춘대로 톡톡카드,KB국민카드,부모님 가족카드,카페·교통·간편결제,,5678,신용카드,,300000,25000.0,,https://www.card-gorilla.com/card/detail/129,472200,368000,Y,UC102,129.0,청춘대로 톡톡카드,KB국민카드,부모님 가족카드,카페·교통·간편결제,,신용카드,,300000.0,25000.0,472200.0,368000.0,Y,BENEFIT_RECEIVED,BENEFIT_APPLIED,500,500,0,,20%,5000.0,4100.0,3600.0,SYNTHETIC_RULE_MATCHING_V1,129-02,푸드/외식 맞춤 혜택,푸드/외식,57,할인,%,20.0,300000.0,,,5000.0,,,PICKA 표준 혜택 카테고리 '푸드/외식' 시연 데이터,https://www.card-gorilla.com/card/detail/129,DISCOUNT_APPLIED,청춘대로 톡톡카드 | [Enjoy 서비스] 버거/패스트푸드 업종 20% 청구할인,600.0,KRW
ONE_TRANSACTION_PER_ROW,persona1,김서연,persona1@picka.app,24,2003-04-13,010-0842-5352,스타벅스 리워드|CJ ONE|대한항공 SKYPASS|네이버플러스 멤버십|신세계포인트,ADULT,,여성,대학생,서울 마포구,False,서울특별시,마포구,0,2026-07-24,[],,,,,,,,,자기관리와 여행을 즐기는 합리적 소비자,1000000,2026-05~2026-07,"온라인쇼핑·배달앱·카페 적립률 높은 카드, 대중교통 할인, 영화 할인 혜택",True,False,False,False,False,False,UNIVERSITY_STUDENT,KT,PUBLIC_TRANSIT,True,False,NONE,OTHER,False,False,0,,VERIFIED,"대학생·대중교통 중심 사용자. KT와 K-패스를 이용하며, 차량·하이패스·육아·복지·항공사 제휴 자격은 해당하지 않음.",3,UC101 | UC102 | UC103,노리2 체크카드(Global) | 청춘대로 톡톡카드 | 디지로카 Travel,노리2 체크카드(Global):생활·편의점·배달·문화 | 청춘대로 톡톡카드:카페·교통·간편결제 | 디지로카 Travel:국내여행·일반적립,persona1-014,persona1-014,2026-06,2026-06-07T19:35:00,CU,편의점,편의점,CONVENIENCE,3300,300,3000,체크카드,CARD,APPROVED,CU 결제 · 편의점 카테고리,,UC101,2423,노리2 체크카드(Global),KB국민카드,본인,생활·편의점·배달·문화,,1234,체크카드,,200000,70000.0,,https://www.card-gorilla.com/card/detail/2423,354100,565200,Y,UC101,2423.0,노리2 체크카드(Global),KB국민카드,본인,생활·편의점·배달·문화,,체크카드,,200000.0,70000.0,354100.0,565200.0,Y,BENEFIT_RECEIVED,BENEFIT_APPLIED,300,300,0,,5%,2000.0,2000.0,1700.0,SYNTHETIC_RULE_MATCHING_V1,2423-05,편의점 맞춤 혜택,편의점,21,할인,%,5.0,200000.0,,,2000.0,,,PICKA 표준 혜택 카테고리 '편의점' 시연 데이터,https://www.card-gorilla.com/card/detail/2423,DISCOUNT_APPLIED,"노리2 체크카드(Global) | [일상] GS25, CU 5% 할인",400.0,KRW
ONE_TRANSACTION_PER_ROW,persona1,김서연,persona1@picka.app,24,2003-04-13,010-0842-5352,스타벅스 리워드|CJ ONE|대한항공 SKYPASS|네이버플러스 멤버십|신세계포인트,ADULT,,여성,대학생,서울 마포구,False,서울특별시,마포구,0,2026-07-24,[],,,,,,,,,자기관리와 여행을 즐기는 합리적 소비자,1000000,2026-05~2026-07,"온라인쇼핑·배달앱·카페 적립률 높은 카드, 대중교통 할인, 영화 할인 혜택",True,False,False,False,False,False,UNIVERSITY_STUDENT,KT,PUBLIC_TRANSIT,True,False,NONE,OTHER,False,False,0,,VERIFIED,"대학생·대중교통 중심 사용자. KT와 K-패스를 이용하며, 차량·하이패스·육아·복지·항공사 제휴 자격은 해당하지 않음.",3,UC101 | UC102 | UC103,노리2 체크카드(Global) | 청춘대로 톡톡카드 | 디지로카 Travel,노리2 체크카드(Global):생활·편의점·배달·문화 | 청춘대로 톡톡카드:카페·교통·간편결제 | 디지로카 Travel:국내여행·일반적립,persona1-015,persona1-015,2026-06,2026-06-07T21:15:00,SK텔레콤,통신,이동통신요금,TELECOM,26400,2600,23800,신용카드,CARD,APPROVED,SK텔레콤 결제 · 통신 카테고리,,UC102,129,청춘대로 톡톡카드,KB국민카드,부모님 가족카드,카페·교통·간편결제,,5678,신용카드,,300000,25000.0,,https://www.card-gorilla.com/card/detail/129,472200,368000,Y,UC102,129.0,청춘대로 톡톡카드,KB국민카드,부모님 가족카드,카페·교통·간편결제,,신용카드,,300000.0,25000.0,472200.0,368000.0,Y,BENEFIT_RECEIVED,BENEFIT_APPLIED,2600,2600,0,,10%,5000.0,3200.0,600.0,SYNTHETIC_RULE_MATCHING_V1,129-04,통신 맞춤 혜택,통신,9,할인,%,10.0,300000.0,,,5000.0,,,PICKA 표준 혜택 카테고리 '통신' 시연 데이터,https://www.card-gorilla.com/card/detail/129,DISCOUNT_APPLIED,"청춘대로 톡톡카드 | [Basic 서비스] 대중교통, 택시/이동통신요금 10% 청구할인",3000.0,KRW
ONE_TRANSACTION_PER_ROW,persona1,김서연,persona1@picka.app,24,2003-04-13,010-0842-5352,스타벅스 리워드|CJ ONE|대한항공 SKYPASS|네이버플러스 멤버십|신세계포인트,ADULT,,여성,대학생,서울 마포구,False,서울특별시,마포구,0,2026-07-24,[],,,,,,,,,자기관리와 여행을 즐기는 합리적 소비자,1000000,2026-05~2026-07,"온라인쇼핑·배달앱·카페 적립률 높은 카드, 대중교통 할인, 영화 할인 혜택",True,False,False,False,False,False,UNIVERSITY_STUDENT,KT,PUBLIC_TRANSIT,True,False,NONE,OTHER,False,False,0,,VERIFIED,"대학생·대중교통 중심 사용자. KT와 K-패스를 이용하며, 차량·하이패스·육아·복지·항공사 제휴 자격은 해당하지 않음.",3,UC101 | UC102 | UC103,노리2 체크카드(Global) | 청춘대로 톡톡카드 | 디지로카 Travel,노리2 체크카드(Global):생활·편의점·배달·문화 | 청춘대로 톡톡카드:카페·교통·간편결제 | 디지로카 Travel:국내여행·일반적립,persona1-016,persona1-016,2026-06,2026-06-08T08:50:00,배달의민족,배달,배달앱,DELIVERY,7900,0,7900,체크카드,CARD,APPROVED,배달의민족 결제 · 배달앱 카테고리,,UC101,2423,노리2 체크카드(Global),KB국민카드,본인,생활·편의점·배달·문화,,1234,체크카드,,200000,70000.0,,https://www.card-gorilla.com/card/detail/2423,354100,565200,Y,UC102,129.0,청춘대로 톡톡카드,KB국민카드,부모님 가족카드,카페·교통·간편결제,,신용카드,,300000.0,25000.0,472200.0,368000.0,Y,WRONG_CARD_BEFORE_PICKA,BEFORE_PICKA,0,500,500,픽카 이용 전 다른 카드를 사용하여 받을 수 있었던 혜택을 놓침,10%,5000.0,,,SYNTHETIC_RULE_MATCHING_V1,129-04,배달앱 맞춤 혜택,배달앱,19,할인,%,10.0,300000.0,,,5000.0,,,PICKA 표준 혜택 카테고리 '배달앱' 시연 데이터,https://www.card-gorilla.com/card/detail/129,MISSED_WRONG_CARD,"청춘대로 톡톡카드 | [Basic 서비스] 대중교통, 택시/이동통신요금 10% 청구할인",600.0,KRW
ONE_TRANSACTION_PER_ROW,persona1,김서연,persona1@picka.app,24,2003-04-13,010-0842-5352,스타벅스 리워드|CJ ONE|대한항공 SKYPASS|네이버플러스 멤버십|신세계포인트,ADULT,,여성,대학생,서울 마포구,False,서울특별시,마포구,0,2026-07-24,[],,,,,,,,,자기관리와 여행을 즐기는 합리적 소비자,1000000,2026-05~2026-07,"온라인쇼핑·배달앱·카페 적립률 높은 카드, 대중교통 할인, 영화 할인 혜택",True,False,False,False,False,False,UNIVERSITY_STUDENT,KT,PUBLIC_TRANSIT,True,False,NONE,OTHER,False,False,0,,VERIFIED,"대학생·대중교통 중심 사용자. KT와 K-패스를 이용하며, 차량·하이패스·육아·복지·항공사 제휴 자격은 해당하지 않음.",3,UC101 | UC102 | UC103,노리2 체크카드(Global) | 청춘대로 톡톡카드 | 디지로카 Travel,노리2 체크카드(Global):생활·편의점·배달·문화 | 청춘대로 톡톡카드:카페·교통·간편결제 | 디지로카 Travel:국내여행·일반적립,persona1-017,persona1-017,2026-06,2026-06-08T13:25:00,카카오 T,교통,대중교통·택시,TRANSIT,1700,100,1600,신용카드,CARD,APPROVED,카카오 T 결제 · 교통 카테고리,,UC102,129,청춘대로 톡톡카드,KB국민카드,부모님 가족카드,카페·교통·간편결제,,5678,신용카드,,300000,25000.0,,https://www.card-gorilla.com/card/detail/129,472200,368000,Y,UC102,129.0,청춘대로 톡톡카드,KB국민카드,부모님 가족카드,카페·교통·간편결제,,신용카드,,300000.0,25000.0,472200.0,368000.0,Y,BENEFIT_RECEIVED,BENEFIT_APPLIED,100,100,0,,50%,10000.0,9400.0,9300.0,SYNTHETIC_RULE_MATCHING_V1,129-01,교통 맞춤 혜택,교통,20,할인,%,50.0,300000.0,,,10000.0,,,PICKA 표준 혜택 카테고리 '교통' 시연 데이터,https://www.card-gorilla.com/card/detail/129,DISCOUNT_APPLIED,청춘대로 톡톡카드 | [Great 서비스] 스타벅스 50% 청구할인,100.0,KRW
ONE_TRANSACTION_PER_ROW,persona1,김서연,persona1@picka.app,24,2003-04-13,010-0842-5352,스타벅스 리워드|CJ ONE|대한항공 SKYPASS|네이버플러스 멤버십|신세계포인트,ADULT,,여성,대학생,서울 마포구,False,서울특별시,마포구,0,2026-07-24,[],,,,,,,,,자기관리와 여행을 즐기는 합리적 소비자,1000000,2026-05~2026-07,"온라인쇼핑·배달앱·카페 적립률 높은 카드, 대중교통 할인, 영화 할인 혜택",True,False,False,False,False,False,UNIVERSITY_STUDENT,KT,PUBLIC_TRANSIT,True,False,NONE,OTHER,False,False,0,,VERIFIED,"대학생·대중교통 중심 사용자. KT와 K-패스를 이용하며, 차량·하이패스·육아·복지·항공사 제휴 자격은 해당하지 않음.",3,UC101 | UC102 | UC103,노리2 체크카드(Global) | 청춘대로 톡톡카드 | 디지로카 Travel,노리2 체크카드(Global):생활·편의점·배달·문화 | 청춘대로 톡톡카드:카페·교통·간편결제 | 디지로카 Travel:국내여행·일반적립,persona1-018,persona1-018,2026-06,2026-06-08T16:50:00,김밥전문점,외식,음식점,FOOD_DINING,6800,400,6400,신용카드,CARD,APPROVED,김밥전문점 결제 · 푸드/외식 카테고리,,UC102,129,청춘대로 톡톡카드,KB국민카드,부모님 가족카드,카페·교통·간편결제,,5678,신용카드,,300000,25000.0,,https://www.card-gorilla.com/card/detail/129,472200,368000,Y,UC102,129.0,청춘대로 톡톡카드,KB국민카드,부모님 가족카드,카페·교통·간편결제,,신용카드,,300000.0,25000.0,472200.0,368000.0,Y,BENEFIT_RECEIVED,BENEFIT_APPLIED,400,400,0,,20%,5000.0,3600.0,3200.0,SYNTHETIC_RULE_MATCHING_V1,129-02,푸드/외식 맞춤 혜택,푸드/외식,57,할인,%,20.0,300000.0,,,5000.0,,,PICKA 표준 혜택 카테고리 '푸드/외식' 시연 데이터,https://www.card-gorilla.com/card/detail/129,DISCOUNT_APPLIED,청춘대로 톡톡카드 | [Enjoy 서비스] 버거/패스트푸드 업종 20% 청구할인,500.0,KRW
ONE_TRANSACTION_PER_ROW,persona1,김서연,persona1@picka.app,24,2003-04-13,010-0842-5352,스타벅스 리워드|CJ ONE|대한항공 SKYPASS|네이버플러스 멤버십|신세계포인트,ADULT,,여성,대학생,서울 마포구,False,서울특별시,마포구,0,2026-07-24,[],,,,,,,,,자기관리와 여행을 즐기는 합리적 소비자,1000000,2026-05~2026-07,"온라인쇼핑·배달앱·카페 적립률 높은 카드, 대중교통 할인, 영화 할인 혜택",True,False,False,False,False,False,UNIVERSITY_STUDENT,KT,PUBLIC_TRANSIT,True,False,NONE,OTHER,False,False,0,,VERIFIED,"대학생·대중교통 중심 사용자. KT와 K-패스를 이용하며, 차량·하이패스·육아·복지·항공사 제휴 자격은 해당하지 않음.",3,UC101 | UC102 | UC103,노리2 체크카드(Global) | 청춘대로 톡톡카드 | 디지로카 Travel,노리2 체크카드(Global):생활·편의점·배달·문화 | 청춘대로 톡톡카드:카페·교통·간편결제 | 디지로카 Travel:국내여행·일반적립,persona1-019,persona1-019,2026-06,2026-06-09T20:25:00,이탈리안 레스토랑,외식,음식점,FOOD_DINING,5300,500,4800,신용카드,CARD,APPROVED,이탈리안 레스토랑 결제 · 푸드/외식 카테고리,,UC102,129,청춘대로 톡톡카드,KB국민카드,부모님 가족카드,카페·교통·간편결제,,5678,신용카드,,300000,25000.0,,https://www.card-gorilla.com/card/detail/129,472200,368000,Y,UC102,129.0,청춘대로 톡톡카드,KB국민카드,부모님 가족카드,카페·교통·간편결제,,신용카드,,300000.0,25000.0,472200.0,368000.0,Y,BENEFIT_RECEIVED,BENEFIT_APPLIED,500,500,0,,20%,5000.0,3200.0,2700.0,SYNTHETIC_RULE_MATCHING_V1,129-02,푸드/외식 맞춤 혜택,푸드/외식,57,할인,%,20.0,300000.0,,,5000.0,,,PICKA 표준 혜택 카테고리 '푸드/외식' 시연 데이터,https://www.card-gorilla.com/card/detail/129,DISCOUNT_APPLIED,청춘대로 톡톡카드 | [Enjoy 서비스] 버거/패스트푸드 업종 20% 청구할인,600.0,KRW
ONE_TRANSACTION_PER_ROW,persona1,김서연,persona1@picka.app,24,2003-04-13,010-0842-5352,스타벅스 리워드|CJ ONE|대한항공 SKYPASS|네이버플러스 멤버십|신세계포인트,ADULT,,여성,대학생,서울 마포구,False,서울특별시,마포구,0,2026-07-24,[],,,,,,,,,자기관리와 여행을 즐기는 합리적 소비자,1000000,2026-05~2026-07,"온라인쇼핑·배달앱·카페 적립률 높은 카드, 대중교통 할인, 영화 할인 혜택",True,False,False,False,False,False,UNIVERSITY_STUDENT,KT,PUBLIC_TRANSIT,True,False,NONE,OTHER,False,False,0,,VERIFIED,"대학생·대중교통 중심 사용자. KT와 K-패스를 이용하며, 차량·하이패스·육아·복지·항공사 제휴 자격은 해당하지 않음.",3,UC101 | UC102 | UC103,노리2 체크카드(Global) | 청춘대로 톡톡카드 | 디지로카 Travel,노리2 체크카드(Global):생활·편의점·배달·문화 | 청춘대로 톡톡카드:카페·교통·간편결제 | 디지로카 Travel:국내여행·일반적립,persona1-020,persona1-020,2026-06,2026-06-09T22:30:00,야놀자,여행,숙박 및 여행,TRAVEL_LODGING,47700,5700,42000,신용카드,CARD,APPROVED,야놀자 결제 · 여행/숙박 카테고리,,UC103,2863,디지로카 Travel,롯데카드,본인,국내여행·일반적립,,9012,신용카드,,0,100000.0,,https://www.card-gorilla.com/card/detail/2863,123700,86800,Y,UC103,,디지로카 Travel,,,,,,,,,,,,BENEFIT_RECEIVED,BENEFIT_APPLIED,5700,5700,0,,12%,,30000.0,24300.0,SYNTHETIC_RULE_MATCHING_V1,2455-01,여행/숙박 맞춤 혜택,여행/숙박,38,할인,%,12.0,300000.0,,,30000.0,,,PICKA 표준 혜택 카테고리 '여행/숙박' 시연 데이터,https://www.card-gorilla.com/card/detail/2455,DISCOUNT_APPLIED,,,
ONE_TRANSACTION_PER_ROW,persona1,김서연,persona1@picka.app,24,2003-04-13,010-0842-5352,스타벅스 리워드|CJ ONE|대한항공 SKYPASS|네이버플러스 멤버십|신세계포인트,ADULT,,여성,대학생,서울 마포구,False,서울특별시,마포구,0,2026-07-24,[],,,,,,,,,자기관리와 여행을 즐기는 합리적 소비자,1000000,2026-05~2026-07,"온라인쇼핑·배달앱·카페 적립률 높은 카드, 대중교통 할인, 영화 할인 혜택",True,False,False,False,False,False,UNIVERSITY_STUDENT,KT,PUBLIC_TRANSIT,True,False,NONE,OTHER,False,False,0,,VERIFIED,"대학생·대중교통 중심 사용자. KT와 K-패스를 이용하며, 차량·하이패스·육아·복지·항공사 제휴 자격은 해당하지 않음.",3,UC101 | UC102 | UC103,노리2 체크카드(Global) | 청춘대로 톡톡카드 | 디지로카 Travel,노리2 체크카드(Global):생활·편의점·배달·문화 | 청춘대로 톡톡카드:카페·교통·간편결제 | 디지로카 Travel:국내여행·일반적립,persona1-021,persona1-021,2026-06,2026-06-09T22:45:00,AMAZON.COM,해외,해외 결제,OVERSEAS,39100,0,39100,신용카드,CARD,APPROVED,AMAZON.COM 결제 · 해외 카테고리,,UC103,2863,디지로카 Travel,롯데카드,본인,국내여행·일반적립,,9012,신용카드,,0,100000.0,,https://www.card-gorilla.com/card/detail/2863,123700,86800,Y,UC101,2423.0,노리2 체크카드(Global),KB국민카드,본인,생활·편의점·배달·문화,,체크카드,,200000.0,70000.0,354100.0,565200.0,Y,WRONG_CARD_BEFORE_PICKA,BEFORE_PICKA,0,2300,2300,픽카 이용 전 다른 카드를 사용하여 받을 수 있었던 혜택을 놓침,2%,5000.0,,,SYNTHETIC_RULE_MATCHING_V1,2423-11,해외 맞춤 혜택,해외,8,할인,%,2.0,300000.0,,,5000.0,,,PICKA 표준 혜택 카테고리 '해외' 시연 데이터,https://www.card-gorilla.com/card/detail/2423,MISSED_WRONG_CARD,노리2 체크카드(Global) | [Global] 해외 가맹점 2% 할인,2700.0,KRW
ONE_TRANSACTION_PER_ROW,persona1,김서연,persona1@picka.app,24,2003-04-13,010-0842-5352,스타벅스 리워드|CJ ONE|대한항공 SKYPASS|네이버플러스 멤버십|신세계포인트,ADULT,,여성,대학생,서울 마포구,False,서울특별시,마포구,0,2026-07-24,[],,,,,,,,,자기관리와 여행을 즐기는 합리적 소비자,1000000,2026-05~2026-07,"온라인쇼핑·배달앱·카페 적립률 높은 카드, 대중교통 할인, 영화 할인 혜택",True,False,False,False,False,False,UNIVERSITY_STUDENT,KT,PUBLIC_TRANSIT,True,False,NONE,OTHER,False,False,0,,VERIFIED,"대학생·대중교통 중심 사용자. KT와 K-패스를 이용하며, 차량·하이패스·육아·복지·항공사 제휴 자격은 해당하지 않음.",3,UC101 | UC102 | UC103,노리2 체크카드(Global) | 청춘대로 톡톡카드 | 디지로카 Travel,노리2 체크카드(Global):생활·편의점·배달·문화 | 청춘대로 톡톡카드:카페·교통·간편결제 | 디지로카 Travel:국내여행·일반적립,persona1-022,persona1-022,2026-06,2026-06-10T11:20:00,동네문구점,기타,기타 생활지출,OTHER,2200,0,2200,체크카드,CARD,APPROVED,동네문구점 결제 · 기타 카테고리,,UC101,2423,노리2 체크카드(Global),KB국민카드,본인,생활·편의점·배달·문화,,1234,체크카드,,200000,70000.0,,https://www.card-gorilla.com/card/detail/2423,354100,565200,Y,UC102,129.0,청춘대로 톡톡카드,KB국민카드,부모님 가족카드,카페·교통·간편결제,,신용카드,,300000.0,25000.0,472200.0,368000.0,Y,WRONG_CARD_BEFORE_PICKA,BEFORE_PICKA,0,200,200,픽카 이용 전 다른 카드를 사용하여 받을 수 있었던 혜택을 놓침,10%,5000.0,,,SYNTHETIC_RULE_MATCHING_V1,129-04,기타 맞춤 혜택,기타,77,할인,%,10.0,300000.0,,,5000.0,,,PICKA 표준 혜택 카테고리 '기타' 시연 데이터,https://www.card-gorilla.com/card/detail/129,MISSED_WRONG_CARD,"청춘대로 톡톡카드 | [Basic 서비스] 대중교통, 택시/이동통신요금 10% 청구할인",200.0,KRW
ONE_TRANSACTION_PER_ROW,persona1,김서연,persona1@picka.app,24,2003-04-13,010-0842-5352,스타벅스 리워드|CJ ONE|대한항공 SKYPASS|네이버플러스 멤버십|신세계포인트,ADULT,,여성,대학생,서울 마포구,False,서울특별시,마포구,0,2026-07-24,[],,,,,,,,,자기관리와 여행을 즐기는 합리적 소비자,1000000,2026-05~2026-07,"온라인쇼핑·배달앱·카페 적립률 높은 카드, 대중교통 할인, 영화 할인 혜택",True,False,False,False,False,False,UNIVERSITY_STUDENT,KT,PUBLIC_TRANSIT,True,False,NONE,OTHER,False,False,0,,VERIFIED,"대학생·대중교통 중심 사용자. KT와 K-패스를 이용하며, 차량·하이패스·육아·복지·항공사 제휴 자격은 해당하지 않음.",3,UC101 | UC102 | UC103,노리2 체크카드(Global) | 청춘대로 톡톡카드 | 디지로카 Travel,노리2 체크카드(Global):생활·편의점·배달·문화 | 청춘대로 톡톡카드:카페·교통·간편결제 | 디지로카 Travel:국내여행·일반적립,persona1-023,persona1-023,2026-06,2026-06-10T11:25:00,서울교통공사,교통,대중교통·택시,TRANSIT,1500,100,1400,신용카드,CARD,APPROVED,서울교통공사 결제 · 교통 카테고리,,UC102,129,청춘대로 톡톡카드,KB국민카드,부모님 가족카드,카페·교통·간편결제,,5678,신용카드,,300000,25000.0,,https://www.card-gorilla.com/card/detail/129,472200,368000,Y,UC102,129.0,청춘대로 톡톡카드,KB국민카드,부모님 가족카드,카페·교통·간편결제,,신용카드,,300000.0,25000.0,472200.0,368000.0,Y,BENEFIT_RECEIVED,BENEFIT_APPLIED,100,100,0,,50%,10000.0,9300.0,9200.0,SYNTHETIC_RULE_MATCHING_V1,129-01,교통 맞춤 혜택,교통,20,할인,%,50.0,300000.0,,,10000.0,,,PICKA 표준 혜택 카테고리 '교통' 시연 데이터,https://www.card-gorilla.com/card/detail/129,DISCOUNT_APPLIED,청춘대로 톡톡카드 | [Great 서비스] 스타벅스 50% 청구할인,100.0,KRW
ONE_TRANSACTION_PER_ROW,persona1,김서연,persona1@picka.app,24,2003-04-13,010-0842-5352,스타벅스 리워드|CJ ONE|대한항공 SKYPASS|네이버플러스 멤버십|신세계포인트,ADULT,,여성,대학생,서울 마포구,False,서울특별시,마포구,0,2026-07-24,[],,,,,,,,,자기관리와 여행을 즐기는 합리적 소비자,1000000,2026-05~2026-07,"온라인쇼핑·배달앱·카페 적립률 높은 카드, 대중교통 할인, 영화 할인 혜택",True,False,False,False,False,False,UNIVERSITY_STUDENT,KT,PUBLIC_TRANSIT,True,False,NONE,OTHER,False,False,0,,VERIFIED,"대학생·대중교통 중심 사용자. KT와 K-패스를 이용하며, 차량·하이패스·육아·복지·항공사 제휴 자격은 해당하지 않음.",3,UC101 | UC102 | UC103,노리2 체크카드(Global) | 청춘대로 톡톡카드 | 디지로카 Travel,노리2 체크카드(Global):생활·편의점·배달·문화 | 청춘대로 톡톡카드:카페·교통·간편결제 | 디지로카 Travel:국내여행·일반적립,persona1-024,persona1-024,2026-06,2026-06-11T20:55:00,쿠팡이츠,배달,배달앱,DELIVERY,14800,600,14200,신용카드,CARD,APPROVED,쿠팡이츠 결제 · 배달앱 카테고리,,UC102,129,청춘대로 톡톡카드,KB국민카드,부모님 가족카드,카페·교통·간편결제,,5678,신용카드,,300000,25000.0,,https://www.card-gorilla.com/card/detail/129,472200,368000,Y,UC102,129.0,청춘대로 톡톡카드,KB국민카드,부모님 가족카드,카페·교통·간편결제,,신용카드,,300000.0,25000.0,472200.0,368000.0,Y,BENEFIT_RECEIVED,BENEFIT_APPLIED,600,900,300,,10%,5000.0,600.0,0.0,SYNTHETIC_RULE_MATCHING_V1,129-04,배달앱 맞춤 혜택,배달앱,19,할인,%,10.0,300000.0,,,5000.0,,,PICKA 표준 혜택 카테고리 '배달앱' 시연 데이터,https://www.card-gorilla.com/card/detail/129,DISCOUNT_APPLIED,"청춘대로 톡톡카드 | [Basic 서비스] 대중교통, 택시/이동통신요금 10% 청구할인",1100.0,KRW
ONE_TRANSACTION_PER_ROW,persona1,김서연,persona1@picka.app,24,2003-04-13,010-0842-5352,스타벅스 리워드|CJ ONE|대한항공 SKYPASS|네이버플러스 멤버십|신세계포인트,ADULT,,여성,대학생,서울 마포구,False,서울특별시,마포구,0,2026-07-24,[],,,,,,,,,자기관리와 여행을 즐기는 합리적 소비자,1000000,2026-05~2026-07,"온라인쇼핑·배달앱·카페 적립률 높은 카드, 대중교통 할인, 영화 할인 혜택",True,False,False,False,False,False,UNIVERSITY_STUDENT,KT,PUBLIC_TRANSIT,True,False,NONE,OTHER,False,False,0,,VERIFIED,"대학생·대중교통 중심 사용자. KT와 K-패스를 이용하며, 차량·하이패스·육아·복지·항공사 제휴 자격은 해당하지 않음.",3,UC101 | UC102 | UC103,노리2 체크카드(Global) | 청춘대로 톡톡카드 | 디지로카 Travel,노리2 체크카드(Global):생활·편의점·배달·문화 | 청춘대로 톡톡카드:카페·교통·간편결제 | 디지로카 Travel:국내여행·일반적립,persona1-025,persona1-025,2026-06,2026-06-12T13:05:00,파리바게뜨,카페,카페 및 디저트,CAFE_DESSERT,2300,200,2100,신용카드,CARD,APPROVED,파리바게뜨 결제 · 카페/디저트 카테고리,,UC102,129,청춘대로 톡톡카드,KB국민카드,부모님 가족카드,카페·교통·간편결제,,5678,신용카드,,300000,25000.0,,https://www.card-gorilla.com/card/detail/129,472200,368000,Y,UC102,129.0,청춘대로 톡톡카드,KB국민카드,부모님 가족카드,카페·교통·간편결제,,신용카드,,300000.0,25000.0,472200.0,368000.0,Y,BENEFIT_RECEIVED,BENEFIT_APPLIED,200,200,0,,50%,10000.0,9200.0,9000.0,SYNTHETIC_RULE_MATCHING_V1,129-01,카페/디저트 맞춤 혜택,카페/디저트,45,할인,%,50.0,300000.0,,,10000.0,,,PICKA 표준 혜택 카테고리 '카페/디저트' 시연 데이터,https://www.card-gorilla.com/card/detail/129,DISCOUNT_APPLIED,청춘대로 톡톡카드 | [Great 서비스] 스타벅스 50% 청구할인,200.0,KRW
ONE_TRANSACTION_PER_ROW,persona1,김서연,persona1@picka.app,24,2003-04-13,010-0842-5352,스타벅스 리워드|CJ ONE|대한항공 SKYPASS|네이버플러스 멤버십|신세계포인트,ADULT,,여성,대학생,서울 마포구,False,서울특별시,마포구,0,2026-07-24,[],,,,,,,,,자기관리와 여행을 즐기는 합리적 소비자,1000000,2026-05~2026-07,"온라인쇼핑·배달앱·카페 적립률 높은 카드, 대중교통 할인, 영화 할인 혜택",True,False,False,False,False,False,UNIVERSITY_STUDENT,KT,PUBLIC_TRANSIT,True,False,NONE,OTHER,False,False,0,,VERIFIED,"대학생·대중교통 중심 사용자. KT와 K-패스를 이용하며, 차량·하이패스·육아·복지·항공사 제휴 자격은 해당하지 않음.",3,UC101 | UC102 | UC103,노리2 체크카드(Global) | 청춘대로 톡톡카드 | 디지로카 Travel,노리2 체크카드(Global):생활·편의점·배달·문화 | 청춘대로 톡톡카드:카페·교통·간편결제 | 디지로카 Travel:국내여행·일반적립,persona1-026,persona1-026,2026-06,2026-06-12T15:50:00,넷플릭스,구독,정기 구독,SUBSCRIPTION_MEMBERSHIP,3500,300,3200,신용카드,CARD,APPROVED,넷플릭스 결제 · 구독/멤버십 카테고리,,UC102,129,청춘대로 톡톡카드,KB국민카드,부모님 가족카드,카페·교통·간편결제,,5678,신용카드,,300000,25000.0,,https://www.card-gorilla.com/card/detail/129,472200,368000,Y,UC102,129.0,청춘대로 톡톡카드,KB국민카드,부모님 가족카드,카페·교통·간편결제,,신용카드,,300000.0,25000.0,472200.0,368000.0,Y,BENEFIT_RECEIVED,BENEFIT_APPLIED,300,300,0,,20%,5000.0,2700.0,2400.0,SYNTHETIC_RULE_MATCHING_V1,129-02,구독/멤버십 맞춤 혜택,구독/멤버십,44,할인,%,20.0,300000.0,,,5000.0,,,PICKA 표준 혜택 카테고리 '구독/멤버십' 시연 데이터,https://www.card-gorilla.com/card/detail/129,DISCOUNT_APPLIED,청춘대로 톡톡카드 | [Enjoy 서비스] 버거/패스트푸드 업종 20% 청구할인,400.0,KRW
ONE_TRANSACTION_PER_ROW,persona1,김서연,persona1@picka.app,24,2003-04-13,010-0842-5352,스타벅스 리워드|CJ ONE|대한항공 SKYPASS|네이버플러스 멤버십|신세계포인트,ADULT,,여성,대학생,서울 마포구,False,서울특별시,마포구,0,2026-07-24,[],,,,,,,,,자기관리와 여행을 즐기는 합리적 소비자,1000000,2026-05~2026-07,"온라인쇼핑·배달앱·카페 적립률 높은 카드, 대중교통 할인, 영화 할인 혜택",True,False,False,False,False,False,UNIVERSITY_STUDENT,KT,PUBLIC_TRANSIT,True,False,NONE,OTHER,False,False,0,,VERIFIED,"대학생·대중교통 중심 사용자. KT와 K-패스를 이용하며, 차량·하이패스·육아·복지·항공사 제휴 자격은 해당하지 않음.",3,UC101 | UC102 | UC103,노리2 체크카드(Global) | 청춘대로 톡톡카드 | 디지로카 Travel,노리2 체크카드(Global):생활·편의점·배달·문화 | 청춘대로 톡톡카드:카페·교통·간편결제 | 디지로카 Travel:국내여행·일반적립,persona1-027,persona1-027,2026-06,2026-06-13T19:20:00,CGV,문화,영화 및 문화,MOVIE_CULTURE,12000,0,12000,신용카드,CARD,APPROVED,CGV 결제 · 영화/문화 카테고리,,UC102,129,청춘대로 톡톡카드,KB국민카드,부모님 가족카드,카페·교통·간편결제,,5678,신용카드,,300000,25000.0,,https://www.card-gorilla.com/card/detail/129,472200,368000,Y,UC101,2423.0,노리2 체크카드(Global),KB국민카드,본인,생활·편의점·배달·문화,,체크카드,,200000.0,70000.0,354100.0,565200.0,Y,WRONG_CARD_BEFORE_PICKA,BEFORE_PICKA,0,900,900,픽카 이용 전 다른 카드를 사용하여 받을 수 있었던 혜택을 놓침,4000원,8000.0,,,SYNTHETIC_RULE_MATCHING_V1,2423-09,영화/문화 맞춤 혜택,영화/문화,55,할인,원,4000.0,200000.0,,,8000.0,,,PICKA 표준 혜택 카테고리 '영화/문화' 시연 데이터,https://www.card-gorilla.com/card/detail/2423,MISSED_WRONG_CARD,"노리2 체크카드(Global) | [일상] CGV 4,000원 할인",900.0,KRW
ONE_TRANSACTION_PER_ROW,persona1,김서연,persona1@picka.app,24,2003-04-13,010-0842-5352,스타벅스 리워드|CJ ONE|대한항공 SKYPASS|네이버플러스 멤버십|신세계포인트,ADULT,,여성,대학생,서울 마포구,False,서울특별시,마포구,0,2026-07-24,[],,,,,,,,,자기관리와 여행을 즐기는 합리적 소비자,1000000,2026-05~2026-07,"온라인쇼핑·배달앱·카페 적립률 높은 카드, 대중교통 할인, 영화 할인 혜택",True,False,False,False,False,False,UNIVERSITY_STUDENT,KT,PUBLIC_TRANSIT,True,False,NONE,OTHER,False,False,0,,VERIFIED,"대학생·대중교통 중심 사용자. KT와 K-패스를 이용하며, 차량·하이패스·육아·복지·항공사 제휴 자격은 해당하지 않음.",3,UC101 | UC102 | UC103,노리2 체크카드(Global) | 청춘대로 톡톡카드 | 디지로카 Travel,노리2 체크카드(Global):생활·편의점·배달·문화 | 청춘대로 톡톡카드:카페·교통·간편결제 | 디지로카 Travel:국내여행·일반적립,persona1-028,persona1-028,2026-06,2026-06-13T19:50:00,일식당,외식,음식점,FOOD_DINING,8500,500,8000,신용카드,CARD,APPROVED,일식당 결제 · 푸드/외식 카테고리,,UC102,129,청춘대로 톡톡카드,KB국민카드,부모님 가족카드,카페·교통·간편결제,,5678,신용카드,,300000,25000.0,,https://www.card-gorilla.com/card/detail/129,472200,368000,Y,UC102,129.0,청춘대로 톡톡카드,KB국민카드,부모님 가족카드,카페·교통·간편결제,,신용카드,,300000.0,25000.0,472200.0,368000.0,Y,BENEFIT_RECEIVED,BENEFIT_APPLIED,500,500,0,,20%,5000.0,2400.0,1900.0,SYNTHETIC_RULE_MATCHING_V1,129-02,푸드/외식 맞춤 혜택,푸드/외식,57,할인,%,20.0,300000.0,,,5000.0,,,PICKA 표준 혜택 카테고리 '푸드/외식' 시연 데이터,https://www.card-gorilla.com/card/detail/129,DISCOUNT_APPLIED,청춘대로 톡톡카드 | [Enjoy 서비스] 버거/패스트푸드 업종 20% 청구할인,600.0,KRW
ONE_TRANSACTION_PER_ROW,persona1,김서연,persona1@picka.app,24,2003-04-13,010-0842-5352,스타벅스 리워드|CJ ONE|대한항공 SKYPASS|네이버플러스 멤버십|신세계포인트,ADULT,,여성,대학생,서울 마포구,False,서울특별시,마포구,0,2026-07-24,[],,,,,,,,,자기관리와 여행을 즐기는 합리적 소비자,1000000,2026-05~2026-07,"온라인쇼핑·배달앱·카페 적립률 높은 카드, 대중교통 할인, 영화 할인 혜택",True,False,False,False,False,False,UNIVERSITY_STUDENT,KT,PUBLIC_TRANSIT,True,False,NONE,OTHER,False,False,0,,VERIFIED,"대학생·대중교통 중심 사용자. KT와 K-패스를 이용하며, 차량·하이패스·육아·복지·항공사 제휴 자격은 해당하지 않음.",3,UC101 | UC102 | UC103,노리2 체크카드(Global) | 청춘대로 톡톡카드 | 디지로카 Travel,노리2 체크카드(Global):생활·편의점·배달·문화 | 청춘대로 톡톡카드:카페·교통·간편결제 | 디지로카 Travel:국내여행·일반적립,persona1-029,persona1-029,2026-06,2026-06-13T20:40:00,일반 가맹점,모든가맹점,일반 결제,ALL_MERCHANTS,2300,0,2300,체크카드,CARD,APPROVED,일반 가맹점 결제 · 모든가맹점 카테고리,,UC101,2423,노리2 체크카드(Global),KB국민카드,본인,생활·편의점·배달·문화,,1234,체크카드,,200000,70000.0,,https://www.card-gorilla.com/card/detail/2423,354100,565200,Y,UC102,129.0,청춘대로 톡톡카드,KB국민카드,부모님 가족카드,카페·교통·간편결제,,신용카드,,300000.0,25000.0,472200.0,368000.0,Y,WRONG_CARD_BEFORE_PICKA,BEFORE_PICKA,0,200,200,픽카 이용 전 다른 카드를 사용하여 받을 수 있었던 혜택을 놓침,10%,5000.0,,,SYNTHETIC_RULE_MATCHING_V1,129-04,모든가맹점 맞춤 혜택,모든가맹점,15,할인,%,10.0,300000.0,,,5000.0,,,PICKA 표준 혜택 카테고리 '모든가맹점' 시연 데이터,https://www.card-gorilla.com/card/detail/129,MISSED_WRONG_CARD,"청춘대로 톡톡카드 | [Basic 서비스] 대중교통, 택시/이동통신요금 10% 청구할인",200.0,KRW
ONE_TRANSACTION_PER_ROW,persona1,김서연,persona1@picka.app,24,2003-04-13,010-0842-5352,스타벅스 리워드|CJ ONE|대한항공 SKYPASS|네이버플러스 멤버십|신세계포인트,ADULT,,여성,대학생,서울 마포구,False,서울특별시,마포구,0,2026-07-24,[],,,,,,,,,자기관리와 여행을 즐기는 합리적 소비자,1000000,2026-05~2026-07,"온라인쇼핑·배달앱·카페 적립률 높은 카드, 대중교통 할인, 영화 할인 혜택",True,False,False,False,False,False,UNIVERSITY_STUDENT,KT,PUBLIC_TRANSIT,True,False,NONE,OTHER,False,False,0,,VERIFIED,"대학생·대중교통 중심 사용자. KT와 K-패스를 이용하며, 차량·하이패스·육아·복지·항공사 제휴 자격은 해당하지 않음.",3,UC101 | UC102 | UC103,노리2 체크카드(Global) | 청춘대로 톡톡카드 | 디지로카 Travel,노리2 체크카드(Global):생활·편의점·배달·문화 | 청춘대로 톡톡카드:카페·교통·간편결제 | 디지로카 Travel:국내여행·일반적립,persona1-030,persona1-030,2026-06,2026-06-14T13:20:00,카카오페이,간편결제,온라인 간편결제,EASY_PAY,4700,300,4400,체크카드,CARD,APPROVED,카카오페이 결제 · 간편결제 카테고리,,UC101,2423,노리2 체크카드(Global),KB국민카드,본인,생활·편의점·배달·문화,,1234,체크카드,,200000,70000.0,,https://www.card-gorilla.com/card/detail/2423,354100,565200,Y,UC101,2423.0,노리2 체크카드(Global),KB국민카드,본인,생활·편의점·배달·문화,,체크카드,,200000.0,70000.0,354100.0,565200.0,Y,BENEFIT_RECEIVED,BENEFIT_APPLIED,300,300,0,,2%,5000.0,5000.0,4700.0,SYNTHETIC_RULE_MATCHING_V1,2423-11,간편결제 맞춤 혜택,간편결제,45,할인,%,2.0,300000.0,,,5000.0,,,PICKA 표준 혜택 카테고리 '간편결제' 시연 데이터,https://www.card-gorilla.com/card/detail/2423,DISCOUNT_APPLIED,노리2 체크카드(Global) | [Global] 해외 가맹점 2% 할인,300.0,KRW
ONE_TRANSACTION_PER_ROW,persona1,김서연,persona1@picka.app,24,2003-04-13,010-0842-5352,스타벅스 리워드|CJ ONE|대한항공 SKYPASS|네이버플러스 멤버십|신세계포인트,ADULT,,여성,대학생,서울 마포구,False,서울특별시,마포구,0,2026-07-24,[],,,,,,,,,자기관리와 여행을 즐기는 합리적 소비자,1000000,2026-05~2026-07,"온라인쇼핑·배달앱·카페 적립률 높은 카드, 대중교통 할인, 영화 할인 혜택",True,False,False,False,False,False,UNIVERSITY_STUDENT,KT,PUBLIC_TRANSIT,True,False,NONE,OTHER,False,False,0,,VERIFIED,"대학생·대중교통 중심 사용자. KT와 K-패스를 이용하며, 차량·하이패스·육아·복지·항공사 제휴 자격은 해당하지 않음.",3,UC101 | UC102 | UC103,노리2 체크카드(Global) | 청춘대로 톡톡카드 | 디지로카 Travel,노리2 체크카드(Global):생활·편의점·배달·문화 | 청춘대로 톡톡카드:카페·교통·간편결제 | 디지로카 Travel:국내여행·일반적립,persona1-031,persona1-031,2026-06,2026-06-14T23:05:00,올리브영 홍대점,뷰티/피트니스,뷰티·자기관리,BEAUTY_FITNESS,16000,0,16000,신용카드,CARD,APPROVED,올리브영 홍대점 결제 · 뷰티/피트니스 카테고리,,UC102,129,청춘대로 톡톡카드,KB국민카드,부모님 가족카드,카페·교통·간편결제,,5678,신용카드,,300000,25000.0,,https://www.card-gorilla.com/card/detail/129,472200,368000,Y,UC102,129.0,청춘대로 톡톡카드,KB국민카드,부모님 가족카드,카페·교통·간편결제,,신용카드,,300000.0,25000.0,472200.0,368000.0,Y,CAP_EXHAUSTED,CARD_LIMIT_EXHAUSTED,0,1500,1500,월 할인한도 소진으로 혜택 미적용,10%,5000.0,0.0,0.0,SYNTHETIC_RULE_MATCHING_V1,129-04,뷰티/피트니스 맞춤 혜택,뷰티/피트니스,19,할인,%,10.0,300000.0,,,5000.0,,,PICKA 표준 혜택 카테고리 '뷰티/피트니스' 시연 데이터,https://www.card-gorilla.com/card/detail/129,MISSED_CAP_EXHAUSTED,"청춘대로 톡톡카드 | [Basic 서비스] 대중교통, 택시/이동통신요금 10% 청구할인",1800.0,KRW
ONE_TRANSACTION_PER_ROW,persona1,김서연,persona1@picka.app,24,2003-04-13,010-0842-5352,스타벅스 리워드|CJ ONE|대한항공 SKYPASS|네이버플러스 멤버십|신세계포인트,ADULT,,여성,대학생,서울 마포구,False,서울특별시,마포구,0,2026-07-24,[],,,,,,,,,자기관리와 여행을 즐기는 합리적 소비자,1000000,2026-05~2026-07,"온라인쇼핑·배달앱·카페 적립률 높은 카드, 대중교통 할인, 영화 할인 혜택",True,False,False,False,False,False,UNIVERSITY_STUDENT,KT,PUBLIC_TRANSIT,True,False,NONE,OTHER,False,False,0,,VERIFIED,"대학생·대중교통 중심 사용자. KT와 K-패스를 이용하며, 차량·하이패스·육아·복지·항공사 제휴 자격은 해당하지 않음.",3,UC101 | UC102 | UC103,노리2 체크카드(Global) | 청춘대로 톡톡카드 | 디지로카 Travel,노리2 체크카드(Global):생활·편의점·배달·문화 | 청춘대로 톡톡카드:카페·교통·간편결제 | 디지로카 Travel:국내여행·일반적립,persona1-032,persona1-032,2026-06,2026-06-15T00:05:00,경기버스,교통,대중교통·택시,TRANSIT,2200,0,2200,신용카드,CARD,APPROVED,경기버스 결제 · 교통 카테고리,,UC102,129,청춘대로 톡톡카드,KB국민카드,부모님 가족카드,카페·교통·간편결제,,5678,신용카드,,300000,25000.0,,https://www.card-gorilla.com/card/detail/129,472200,368000,Y,UC101,2423.0,노리2 체크카드(Global),KB국민카드,본인,생활·편의점·배달·문화,,체크카드,,200000.0,70000.0,354100.0,565200.0,Y,WRONG_CARD_BEFORE_PICKA,BEFORE_PICKA,0,200,200,픽카 이용 전 다른 카드를 사용하여 받을 수 있었던 혜택을 놓침,1000원,2000.0,,,SYNTHETIC_RULE_MATCHING_V1,2423-06,교통 맞춤 혜택,교통,20,할인,원,1000.0,200000.0,,,2000.0,,,PICKA 표준 혜택 카테고리 '교통' 시연 데이터,https://www.card-gorilla.com/card/detail/2423,MISSED_WRONG_CARD,"노리2 체크카드(Global) | [일상]넷플릭스, 유튜브프리미엄 1,000원 할인",200.0,KRW
ONE_TRANSACTION_PER_ROW,persona1,김서연,persona1@picka.app,24,2003-04-13,010-0842-5352,스타벅스 리워드|CJ ONE|대한항공 SKYPASS|네이버플러스 멤버십|신세계포인트,ADULT,,여성,대학생,서울 마포구,False,서울특별시,마포구,0,2026-07-24,[],,,,,,,,,자기관리와 여행을 즐기는 합리적 소비자,1000000,2026-05~2026-07,"온라인쇼핑·배달앱·카페 적립률 높은 카드, 대중교통 할인, 영화 할인 혜택",True,False,False,False,False,False,UNIVERSITY_STUDENT,KT,PUBLIC_TRANSIT,True,False,NONE,OTHER,False,False,0,,VERIFIED,"대학생·대중교통 중심 사용자. KT와 K-패스를 이용하며, 차량·하이패스·육아·복지·항공사 제휴 자격은 해당하지 않음.",3,UC101 | UC102 | UC103,노리2 체크카드(Global) | 청춘대로 톡톡카드 | 디지로카 Travel,노리2 체크카드(Global):생활·편의점·배달·문화 | 청춘대로 톡톡카드:카페·교통·간편결제 | 디지로카 Travel:국내여행·일반적립,persona1-033,persona1-033,2026-06,2026-06-15T09:50:00,홈플러스,마트/쇼핑,대형마트 및 쇼핑,MART_SHOPPING,7900,0,7900,체크카드,CARD,APPROVED,홈플러스 결제 · 마트/쇼핑 카테고리,,UC101,2423,노리2 체크카드(Global),KB국민카드,본인,생활·편의점·배달·문화,,1234,체크카드,,200000,70000.0,,https://www.card-gorilla.com/card/detail/2423,354100,565200,Y,UC102,129.0,청춘대로 톡톡카드,KB국민카드,부모님 가족카드,카페·교통·간편결제,,신용카드,,300000.0,25000.0,472200.0,368000.0,Y,WRONG_CARD_BEFORE_PICKA,BEFORE_PICKA,0,500,500,픽카 이용 전 다른 카드를 사용하여 받을 수 있었던 혜택을 놓침,10%,5000.0,,,SYNTHETIC_RULE_MATCHING_V1,129-04,마트/쇼핑 맞춤 혜택,마트/쇼핑,97,할인,%,10.0,300000.0,,,5000.0,,,PICKA 표준 혜택 카테고리 '마트/쇼핑' 시연 데이터,https://www.card-gorilla.com/card/detail/129,MISSED_WRONG_CARD,"청춘대로 톡톡카드 | [Basic 서비스] 대중교통, 택시/이동통신요금 10% 청구할인",600.0,KRW
ONE_TRANSACTION_PER_ROW,persona1,김서연,persona1@picka.app,24,2003-04-13,010-0842-5352,스타벅스 리워드|CJ ONE|대한항공 SKYPASS|네이버플러스 멤버십|신세계포인트,ADULT,,여성,대학생,서울 마포구,False,서울특별시,마포구,0,2026-07-24,[],,,,,,,,,자기관리와 여행을 즐기는 합리적 소비자,1000000,2026-05~2026-07,"온라인쇼핑·배달앱·카페 적립률 높은 카드, 대중교통 할인, 영화 할인 혜택",True,False,False,False,False,False,UNIVERSITY_STUDENT,KT,PUBLIC_TRANSIT,True,False,NONE,OTHER,False,False,0,,VERIFIED,"대학생·대중교통 중심 사용자. KT와 K-패스를 이용하며, 차량·하이패스·육아·복지·항공사 제휴 자격은 해당하지 않음.",3,UC101 | UC102 | UC103,노리2 체크카드(Global) | 청춘대로 톡톡카드 | 디지로카 Travel,노리2 체크카드(Global):생활·편의점·배달·문화 | 청춘대로 톡톡카드:카페·교통·간편결제 | 디지로카 Travel:국내여행·일반적립,persona1-034,persona1-034,2026-06,2026-06-15T14:20:00,스타벅스,카페,카페 및 디저트,CAFE_DESSERT,3300,300,3000,신용카드,CARD,APPROVED,스타벅스 결제 · 카페/디저트 카테고리,,UC102,129,청춘대로 톡톡카드,KB국민카드,부모님 가족카드,카페·교통·간편결제,,5678,신용카드,,300000,25000.0,,https://www.card-gorilla.com/card/detail/129,472200,368000,Y,UC102,129.0,청춘대로 톡톡카드,KB국민카드,부모님 가족카드,카페·교통·간편결제,,신용카드,,300000.0,25000.0,472200.0,368000.0,Y,BENEFIT_RECEIVED,BENEFIT_APPLIED,300,300,0,,50%,10000.0,9000.0,8700.0,SYNTHETIC_RULE_MATCHING_V1,129-01,카페/디저트 맞춤 혜택,카페/디저트,45,할인,%,50.0,300000.0,,,10000.0,,,PICKA 표준 혜택 카테고리 '카페/디저트' 시연 데이터,https://www.card-gorilla.com/card/detail/129,DISCOUNT_APPLIED,청춘대로 톡톡카드 | [Great 서비스] 스타벅스 50% 청구할인,400.0,KRW
ONE_TRANSACTION_PER_ROW,persona1,김서연,persona1@picka.app,24,2003-04-13,010-0842-5352,스타벅스 리워드|CJ ONE|대한항공 SKYPASS|네이버플러스 멤버십|신세계포인트,ADULT,,여성,대학생,서울 마포구,False,서울특별시,마포구,0,2026-07-24,[],,,,,,,,,자기관리와 여행을 즐기는 합리적 소비자,1000000,2026-05~2026-07,"온라인쇼핑·배달앱·카페 적립률 높은 카드, 대중교통 할인, 영화 할인 혜택",True,False,False,False,False,False,UNIVERSITY_STUDENT,KT,PUBLIC_TRANSIT,True,False,NONE,OTHER,False,False,0,,VERIFIED,"대학생·대중교통 중심 사용자. KT와 K-패스를 이용하며, 차량·하이패스·육아·복지·항공사 제휴 자격은 해당하지 않음.",3,UC101 | UC102 | UC103,노리2 체크카드(Global) | 청춘대로 톡톡카드 | 디지로카 Travel,노리2 체크카드(Global):생활·편의점·배달·문화 | 청춘대로 톡톡카드:카페·교통·간편결제 | 디지로카 Travel:국내여행·일반적립,persona1-035,persona1-035,2026-06,2026-06-16T20:45:00,GS25,편의점,편의점,CONVENIENCE,3000,300,2700,체크카드,CARD,APPROVED,GS25 결제 · 편의점 카테고리,,UC101,2423,노리2 체크카드(Global),KB국민카드,본인,생활·편의점·배달·문화,,1234,체크카드,,200000,70000.0,,https://www.card-gorilla.com/card/detail/2423,354100,565200,Y,UC101,2423.0,노리2 체크카드(Global),KB국민카드,본인,생활·편의점·배달·문화,,체크카드,,200000.0,70000.0,354100.0,565200.0,Y,BENEFIT_RECEIVED,BENEFIT_APPLIED,300,300,0,,5%,2000.0,1700.0,1400.0,SYNTHETIC_RULE_MATCHING_V1,2423-05,편의점 맞춤 혜택,편의점,21,할인,%,5.0,200000.0,,,2000.0,,,PICKA 표준 혜택 카테고리 '편의점' 시연 데이터,https://www.card-gorilla.com/card/detail/2423,DISCOUNT_APPLIED,"노리2 체크카드(Global) | [일상] GS25, CU 5% 할인",300.0,KRW
ONE_TRANSACTION_PER_ROW,persona1,김서연,persona1@picka.app,24,2003-04-13,010-0842-5352,스타벅스 리워드|CJ ONE|대한항공 SKYPASS|네이버플러스 멤버십|신세계포인트,ADULT,,여성,대학생,서울 마포구,False,서울특별시,마포구,0,2026-07-24,[],,,,,,,,,자기관리와 여행을 즐기는 합리적 소비자,1000000,2026-05~2026-07,"온라인쇼핑·배달앱·카페 적립률 높은 카드, 대중교통 할인, 영화 할인 혜택",True,False,False,False,False,False,UNIVERSITY_STUDENT,KT,PUBLIC_TRANSIT,True,False,NONE,OTHER,False,False,0,,VERIFIED,"대학생·대중교통 중심 사용자. KT와 K-패스를 이용하며, 차량·하이패스·육아·복지·항공사 제휴 자격은 해당하지 않음.",3,UC101 | UC102 | UC103,노리2 체크카드(Global) | 청춘대로 톡톡카드 | 디지로카 Travel,노리2 체크카드(Global):생활·편의점·배달·문화 | 청춘대로 톡톡카드:카페·교통·간편결제 | 디지로카 Travel:국내여행·일반적립,persona1-036,persona1-036,2026-06,2026-06-16T20:55:00,토스페이,간편결제,온라인 간편결제,EASY_PAY,4700,300,4400,신용카드,CARD,APPROVED,토스페이 결제 · 간편결제 카테고리,,UC102,129,청춘대로 톡톡카드,KB국민카드,부모님 가족카드,카페·교통·간편결제,,5678,신용카드,,300000,25000.0,,https://www.card-gorilla.com/card/detail/129,472200,368000,Y,UC102,129.0,청춘대로 톡톡카드,KB국민카드,부모님 가족카드,카페·교통·간편결제,,신용카드,,300000.0,25000.0,472200.0,368000.0,Y,BENEFIT_RECEIVED,BENEFIT_APPLIED,300,300,0,,20%,5000.0,1900.0,1600.0,SYNTHETIC_RULE_MATCHING_V1,129-02,간편결제 맞춤 혜택,간편결제,45,할인,%,20.0,300000.0,,,5000.0,,,PICKA 표준 혜택 카테고리 '간편결제' 시연 데이터,https://www.card-gorilla.com/card/detail/129,DISCOUNT_APPLIED,청춘대로 톡톡카드 | [Enjoy 서비스] 버거/패스트푸드 업종 20% 청구할인,300.0,KRW
ONE_TRANSACTION_PER_ROW,persona1,김서연,persona1@picka.app,24,2003-04-13,010-0842-5352,스타벅스 리워드|CJ ONE|대한항공 SKYPASS|네이버플러스 멤버십|신세계포인트,ADULT,,여성,대학생,서울 마포구,False,서울특별시,마포구,0,2026-07-24,[],,,,,,,,,자기관리와 여행을 즐기는 합리적 소비자,1000000,2026-05~2026-07,"온라인쇼핑·배달앱·카페 적립률 높은 카드, 대중교통 할인, 영화 할인 혜택",True,False,False,False,False,False,UNIVERSITY_STUDENT,KT,PUBLIC_TRANSIT,True,False,NONE,OTHER,False,False,0,,VERIFIED,"대학생·대중교통 중심 사용자. KT와 K-패스를 이용하며, 차량·하이패스·육아·복지·항공사 제휴 자격은 해당하지 않음.",3,UC101 | UC102 | UC103,노리2 체크카드(Global) | 청춘대로 톡톡카드 | 디지로카 Travel,노리2 체크카드(Global):생활·편의점·배달·문화 | 청춘대로 톡톡카드:카페·교통·간편결제 | 디지로카 Travel:국내여행·일반적립,persona1-037,persona1-037,2026-06,2026-06-17T13:40:00,메가커피,카페,카페 및 디저트,CAFE_DESSERT,2300,200,2100,신용카드,CARD,APPROVED,메가커피 결제 · 카페/디저트 카테고리,,UC102,129,청춘대로 톡톡카드,KB국민카드,부모님 가족카드,카페·교통·간편결제,,5678,신용카드,,300000,25000.0,,https://www.card-gorilla.com/card/detail/129,472200,368000,Y,UC102,129.0,청춘대로 톡톡카드,KB국민카드,부모님 가족카드,카페·교통·간편결제,,신용카드,,300000.0,25000.0,472200.0,368000.0,Y,BENEFIT_RECEIVED,BENEFIT_APPLIED,200,200,0,,50%,10000.0,8700.0,8500.0,SYNTHETIC_RULE_MATCHING_V1,129-01,카페/디저트 맞춤 혜택,카페/디저트,45,할인,%,50.0,300000.0,,,10000.0,,,PICKA 표준 혜택 카테고리 '카페/디저트' 시연 데이터,https://www.card-gorilla.com/card/detail/129,DISCOUNT_APPLIED,청춘대로 톡톡카드 | [Great 서비스] 스타벅스 50% 청구할인,200.0,KRW
ONE_TRANSACTION_PER_ROW,persona1,김서연,persona1@picka.app,24,2003-04-13,010-0842-5352,스타벅스 리워드|CJ ONE|대한항공 SKYPASS|네이버플러스 멤버십|신세계포인트,ADULT,,여성,대학생,서울 마포구,False,서울특별시,마포구,0,2026-07-24,[],,,,,,,,,자기관리와 여행을 즐기는 합리적 소비자,1000000,2026-05~2026-07,"온라인쇼핑·배달앱·카페 적립률 높은 카드, 대중교통 할인, 영화 할인 혜택",True,False,False,False,False,False,UNIVERSITY_STUDENT,KT,PUBLIC_TRANSIT,True,False,NONE,OTHER,False,False,0,,VERIFIED,"대학생·대중교통 중심 사용자. KT와 K-패스를 이용하며, 차량·하이패스·육아·복지·항공사 제휴 자격은 해당하지 않음.",3,UC101 | UC102 | UC103,노리2 체크카드(Global) | 청춘대로 톡톡카드 | 디지로카 Travel,노리2 체크카드(Global):생활·편의점·배달·문화 | 청춘대로 톡톡카드:카페·교통·간편결제 | 디지로카 Travel:국내여행·일반적립,persona1-038,persona1-038,2026-06,2026-06-18T00:05:00,쿠팡,온라인쇼핑,온라인 종합몰,ONLINE_SHOPPING,5900,0,5900,신용카드,CARD,APPROVED,쿠팡 결제 · 온라인쇼핑 카테고리,,UC102,129,청춘대로 톡톡카드,KB국민카드,부모님 가족카드,카페·교통·간편결제,,5678,신용카드,,300000,25000.0,,https://www.card-gorilla.com/card/detail/129,472200,368000,Y,UC102,129.0,청춘대로 톡톡카드,KB국민카드,부모님 가족카드,카페·교통·간편결제,,신용카드,,300000.0,25000.0,472200.0,368000.0,Y,CAP_EXHAUSTED,CARD_LIMIT_EXHAUSTED,0,600,600,월 할인한도 소진으로 혜택 미적용,10%,5000.0,0.0,0.0,SYNTHETIC_RULE_MATCHING_V1,129-04,온라인쇼핑 맞춤 혜택,온라인쇼핑,7,할인,%,10.0,300000.0,,,5000.0,,,PICKA 표준 혜택 카테고리 '온라인쇼핑' 시연 데이터,https://www.card-gorilla.com/card/detail/129,MISSED_CAP_EXHAUSTED,"청춘대로 톡톡카드 | [Basic 서비스] 대중교통, 택시/이동통신요금 10% 청구할인",700.0,KRW
ONE_TRANSACTION_PER_ROW,persona1,김서연,persona1@picka.app,24,2003-04-13,010-0842-5352,스타벅스 리워드|CJ ONE|대한항공 SKYPASS|네이버플러스 멤버십|신세계포인트,ADULT,,여성,대학생,서울 마포구,False,서울특별시,마포구,0,2026-07-24,[],,,,,,,,,자기관리와 여행을 즐기는 합리적 소비자,1000000,2026-05~2026-07,"온라인쇼핑·배달앱·카페 적립률 높은 카드, 대중교통 할인, 영화 할인 혜택",True,False,False,False,False,False,UNIVERSITY_STUDENT,KT,PUBLIC_TRANSIT,True,False,NONE,OTHER,False,False,0,,VERIFIED,"대학생·대중교통 중심 사용자. KT와 K-패스를 이용하며, 차량·하이패스·육아·복지·항공사 제휴 자격은 해당하지 않음.",3,UC101 | UC102 | UC103,노리2 체크카드(Global) | 청춘대로 톡톡카드 | 디지로카 Travel,노리2 체크카드(Global):생활·편의점·배달·문화 | 청춘대로 톡톡카드:카페·교통·간편결제 | 디지로카 Travel:국내여행·일반적립,persona1-039,persona1-039,2026-06,2026-06-18T14:15:00,무인양품,생활,생활용품,LIVING,3600,0,3600,체크카드,CARD,APPROVED,무인양품 결제 · 생활 카테고리,,UC101,2423,노리2 체크카드(Global),KB국민카드,본인,생활·편의점·배달·문화,,1234,체크카드,,200000,70000.0,,https://www.card-gorilla.com/card/detail/2423,354100,565200,Y,UC102,129.0,청춘대로 톡톡카드,KB국민카드,부모님 가족카드,카페·교통·간편결제,,신용카드,,300000.0,25000.0,472200.0,368000.0,Y,WRONG_CARD_BEFORE_PICKA,BEFORE_PICKA,0,300,300,픽카 이용 전 다른 카드를 사용하여 받을 수 있었던 혜택을 놓침,10%,5000.0,,,SYNTHETIC_RULE_MATCHING_V1,129-04,생활 맞춤 혜택,생활,22,할인,%,10.0,300000.0,,,5000.0,,,PICKA 표준 혜택 카테고리 '생활' 시연 데이터,https://www.card-gorilla.com/card/detail/129,MISSED_WRONG_CARD,"청춘대로 톡톡카드 | [Basic 서비스] 대중교통, 택시/이동통신요금 10% 청구할인",300.0,KRW
ONE_TRANSACTION_PER_ROW,persona1,김서연,persona1@picka.app,24,2003-04-13,010-0842-5352,스타벅스 리워드|CJ ONE|대한항공 SKYPASS|네이버플러스 멤버십|신세계포인트,ADULT,,여성,대학생,서울 마포구,False,서울특별시,마포구,0,2026-07-24,[],,,,,,,,,자기관리와 여행을 즐기는 합리적 소비자,1000000,2026-05~2026-07,"온라인쇼핑·배달앱·카페 적립률 높은 카드, 대중교통 할인, 영화 할인 혜택",True,False,False,False,False,False,UNIVERSITY_STUDENT,KT,PUBLIC_TRANSIT,True,False,NONE,OTHER,False,False,0,,VERIFIED,"대학생·대중교통 중심 사용자. KT와 K-패스를 이용하며, 차량·하이패스·육아·복지·항공사 제휴 자격은 해당하지 않음.",3,UC101 | UC102 | UC103,노리2 체크카드(Global) | 청춘대로 톡톡카드 | 디지로카 Travel,노리2 체크카드(Global):생활·편의점·배달·문화 | 청춘대로 톡톡카드:카페·교통·간편결제 | 디지로카 Travel:국내여행·일반적립,persona1-040,persona1-040,2026-06,2026-06-18T17:00:00,패스트푸드,외식,음식점,FOOD_DINING,16700,1600,15100,신용카드,CARD,APPROVED,패스트푸드 결제 · 푸드/외식 카테고리,,UC102,129,청춘대로 톡톡카드,KB국민카드,부모님 가족카드,카페·교통·간편결제,,5678,신용카드,,300000,25000.0,,https://www.card-gorilla.com/card/detail/129,472200,368000,Y,UC102,129.0,청춘대로 톡톡카드,KB국민카드,부모님 가족카드,카페·교통·간편결제,,신용카드,,300000.0,25000.0,472200.0,368000.0,Y,BENEFIT_RECEIVED,BENEFIT_APPLIED,1600,1600,0,,20%,5000.0,1600.0,0.0,SYNTHETIC_RULE_MATCHING_V1,129-02,푸드/외식 맞춤 혜택,푸드/외식,57,할인,%,20.0,300000.0,,,5000.0,,,PICKA 표준 혜택 카테고리 '푸드/외식' 시연 데이터,https://www.card-gorilla.com/card/detail/129,DISCOUNT_APPLIED,청춘대로 톡톡카드 | [Enjoy 서비스] 버거/패스트푸드 업종 20% 청구할인,1900.0,KRW
ONE_TRANSACTION_PER_ROW,persona1,김서연,persona1@picka.app,24,2003-04-13,010-0842-5352,스타벅스 리워드|CJ ONE|대한항공 SKYPASS|네이버플러스 멤버십|신세계포인트,ADULT,,여성,대학생,서울 마포구,False,서울특별시,마포구,0,2026-07-24,[],,,,,,,,,자기관리와 여행을 즐기는 합리적 소비자,1000000,2026-05~2026-07,"온라인쇼핑·배달앱·카페 적립률 높은 카드, 대중교통 할인, 영화 할인 혜택",True,False,False,False,False,False,UNIVERSITY_STUDENT,KT,PUBLIC_TRANSIT,True,False,NONE,OTHER,False,False,0,,VERIFIED,"대학생·대중교통 중심 사용자. KT와 K-패스를 이용하며, 차량·하이패스·육아·복지·항공사 제휴 자격은 해당하지 않음.",3,UC101 | UC102 | UC103,노리2 체크카드(Global) | 청춘대로 톡톡카드 | 디지로카 Travel,노리2 체크카드(Global):생활·편의점·배달·문화 | 청춘대로 톡톡카드:카페·교통·간편결제 | 디지로카 Travel:국내여행·일반적립,persona1-041,persona1-041,2026-06,2026-06-19T10:40:00,투썸플레이스,카페,카페 및 디저트,CAFE_DESSERT,3000,200,2800,신용카드,CARD,APPROVED,투썸플레이스 결제 · 카페/디저트 카테고리,,UC102,129,청춘대로 톡톡카드,KB국민카드,부모님 가족카드,카페·교통·간편결제,,5678,신용카드,,300000,25000.0,,https://www.card-gorilla.com/card/detail/129,472200,368000,Y,UC102,129.0,청춘대로 톡톡카드,KB국민카드,부모님 가족카드,카페·교통·간편결제,,신용카드,,300000.0,25000.0,472200.0,368000.0,Y,BENEFIT_RECEIVED,BENEFIT_APPLIED,200,200,0,,50%,10000.0,8500.0,8300.0,SYNTHETIC_RULE_MATCHING_V1,129-01,카페/디저트 맞춤 혜택,카페/디저트,45,할인,%,50.0,300000.0,,,10000.0,,,PICKA 표준 혜택 카테고리 '카페/디저트' 시연 데이터,https://www.card-gorilla.com/card/detail/129,DISCOUNT_APPLIED,청춘대로 톡톡카드 | [Great 서비스] 스타벅스 50% 청구할인,200.0,KRW
ONE_TRANSACTION_PER_ROW,persona1,김서연,persona1@picka.app,24,2003-04-13,010-0842-5352,스타벅스 리워드|CJ ONE|대한항공 SKYPASS|네이버플러스 멤버십|신세계포인트,ADULT,,여성,대학생,서울 마포구,False,서울특별시,마포구,0,2026-07-24,[],,,,,,,,,자기관리와 여행을 즐기는 합리적 소비자,1000000,2026-05~2026-07,"온라인쇼핑·배달앱·카페 적립률 높은 카드, 대중교통 할인, 영화 할인 혜택",True,False,False,False,False,False,UNIVERSITY_STUDENT,KT,PUBLIC_TRANSIT,True,False,NONE,OTHER,False,False,0,,VERIFIED,"대학생·대중교통 중심 사용자. KT와 K-패스를 이용하며, 차량·하이패스·육아·복지·항공사 제휴 자격은 해당하지 않음.",3,UC101 | UC102 | UC103,노리2 체크카드(Global) | 청춘대로 톡톡카드 | 디지로카 Travel,노리2 체크카드(Global):생활·편의점·배달·문화 | 청춘대로 톡톡카드:카페·교통·간편결제 | 디지로카 Travel:국내여행·일반적립,persona1-042,persona1-042,2026-06,2026-06-19T13:05:00,이마트,마트/쇼핑,주유,MART_SHOPPING,20900,0,20900,체크카드,CARD,APPROVED,제주 렌터카 주유 결제 · 주유 카테고리,,UC101,2423,노리2 체크카드(Global),KB국민카드,본인,생활·편의점·배달·문화,,1234,체크카드,,200000,70000.0,,https://www.card-gorilla.com/card/detail/2423,354100,565200,Y,UC102,,청춘대로 톡톡카드,,,,,,,,,,,,WRONG_CARD_BEFORE_PICKA,BEFORE_PICKA,0,1300,1300,더 높은 할인율의 보유 카드를 두고 다른 카드로 결제,10%,,,,SYNTHETIC_RULE_MATCHING_V1,129-04,마트/쇼핑 맞춤 혜택,마트/쇼핑,97,할인,%,10.0,300000.0,,,5000.0,,,PICKA 표준 혜택 카테고리 '마트/쇼핑' 시연 데이터,https://www.card-gorilla.com/card/detail/129,MISSED_WRONG_CARD,,,
ONE_TRANSACTION_PER_ROW,persona1,김서연,persona1@picka.app,24,2003-04-13,010-0842-5352,스타벅스 리워드|CJ ONE|대한항공 SKYPASS|네이버플러스 멤버십|신세계포인트,ADULT,,여성,대학생,서울 마포구,False,서울특별시,마포구,0,2026-07-24,[],,,,,,,,,자기관리와 여행을 즐기는 합리적 소비자,1000000,2026-05~2026-07,"온라인쇼핑·배달앱·카페 적립률 높은 카드, 대중교통 할인, 영화 할인 혜택",True,False,False,False,False,False,UNIVERSITY_STUDENT,KT,PUBLIC_TRANSIT,True,False,NONE,OTHER,False,False,0,,VERIFIED,"대학생·대중교통 중심 사용자. KT와 K-패스를 이용하며, 차량·하이패스·육아·복지·항공사 제휴 자격은 해당하지 않음.",3,UC101 | UC102 | UC103,노리2 체크카드(Global) | 청춘대로 톡톡카드 | 디지로카 Travel,노리2 체크카드(Global):생활·편의점·배달·문화 | 청춘대로 톡톡카드:카페·교통·간편결제 | 디지로카 Travel:국내여행·일반적립,persona1-043,persona1-043,2026-06,2026-06-20T16:00:00,피트니스센터,뷰티/피트니스,뷰티 및 운동,BEAUTY_FITNESS,27100,0,27100,신용카드,CARD,APPROVED,피트니스센터 결제 · 뷰티/피트니스 카테고리,,UC102,129,청춘대로 톡톡카드,KB국민카드,부모님 가족카드,카페·교통·간편결제,,5678,신용카드,,300000,25000.0,,https://www.card-gorilla.com/card/detail/129,472200,368000,Y,UC101,2423.0,노리2 체크카드(Global),KB국민카드,본인,생활·편의점·배달·문화,,체크카드,,200000.0,70000.0,354100.0,565200.0,Y,WRONG_CARD_BEFORE_PICKA,BEFORE_PICKA,0,1500,1500,픽카 이용 전 다른 카드를 사용하여 받을 수 있었던 혜택을 놓침,5%,2000.0,,,SYNTHETIC_RULE_MATCHING_V1,2423-04,뷰티/피트니스 맞춤 혜택,뷰티/피트니스,19,할인,%,5.0,200000.0,,,2000.0,,,PICKA 표준 혜택 카테고리 '뷰티/피트니스' 시연 데이터,https://www.card-gorilla.com/card/detail/2423,MISSED_WRONG_CARD,"노리2 체크카드(Global) | [일상] 올리브영, 미용실 업종 5% 할인",1800.0,KRW
ONE_TRANSACTION_PER_ROW,persona1,김서연,persona1@picka.app,24,2003-04-13,010-0842-5352,스타벅스 리워드|CJ ONE|대한항공 SKYPASS|네이버플러스 멤버십|신세계포인트,ADULT,,여성,대학생,서울 마포구,False,서울특별시,마포구,0,2026-07-24,[],,,,,,,,,자기관리와 여행을 즐기는 합리적 소비자,1000000,2026-05~2026-07,"온라인쇼핑·배달앱·카페 적립률 높은 카드, 대중교통 할인, 영화 할인 혜택",True,False,False,False,False,False,UNIVERSITY_STUDENT,KT,PUBLIC_TRANSIT,True,False,NONE,OTHER,False,False,0,,VERIFIED,"대학생·대중교통 중심 사용자. KT와 K-패스를 이용하며, 차량·하이패스·육아·복지·항공사 제휴 자격은 해당하지 않음.",3,UC101 | UC102 | UC103,노리2 체크카드(Global) | 청춘대로 톡톡카드 | 디지로카 Travel,노리2 체크카드(Global):생활·편의점·배달·문화 | 청춘대로 톡톡카드:카페·교통·간편결제 | 디지로카 Travel:국내여행·일반적립,persona1-044,persona1-044,2026-06,2026-06-20T18:45:00,유튜브 프리미엄,구독,정기 구독,SUBSCRIPTION_MEMBERSHIP,4700,0,4700,신용카드,CARD,APPROVED,유튜브 프리미엄 결제 · 구독/멤버십 카테고리,,UC102,129,청춘대로 톡톡카드,KB국민카드,부모님 가족카드,카페·교통·간편결제,,5678,신용카드,,300000,25000.0,,https://www.card-gorilla.com/card/detail/129,472200,368000,Y,UC102,129.0,청춘대로 톡톡카드,KB국민카드,부모님 가족카드,카페·교통·간편결제,,신용카드,,300000.0,25000.0,472200.0,368000.0,Y,CAP_EXHAUSTED,CARD_LIMIT_EXHAUSTED,0,300,300,월 할인한도 소진으로 혜택 미적용,20%,5000.0,0.0,0.0,SYNTHETIC_RULE_MATCHING_V1,129-02,구독/멤버십 맞춤 혜택,구독/멤버십,44,할인,%,20.0,300000.0,,,5000.0,,,PICKA 표준 혜택 카테고리 '구독/멤버십' 시연 데이터,https://www.card-gorilla.com/card/detail/129,MISSED_CAP_EXHAUSTED,청춘대로 톡톡카드 | [Enjoy 서비스] 버거/패스트푸드 업종 20% 청구할인,300.0,KRW
ONE_TRANSACTION_PER_ROW,persona1,김서연,persona1@picka.app,24,2003-04-13,010-0842-5352,스타벅스 리워드|CJ ONE|대한항공 SKYPASS|네이버플러스 멤버십|신세계포인트,ADULT,,여성,대학생,서울 마포구,False,서울특별시,마포구,0,2026-07-24,[],,,,,,,,,자기관리와 여행을 즐기는 합리적 소비자,1000000,2026-05~2026-07,"온라인쇼핑·배달앱·카페 적립률 높은 카드, 대중교통 할인, 영화 할인 혜택",True,False,False,False,False,False,UNIVERSITY_STUDENT,KT,PUBLIC_TRANSIT,True,False,NONE,OTHER,False,False,0,,VERIFIED,"대학생·대중교통 중심 사용자. KT와 K-패스를 이용하며, 차량·하이패스·육아·복지·항공사 제휴 자격은 해당하지 않음.",3,UC101 | UC102 | UC103,노리2 체크카드(Global) | 청춘대로 톡톡카드 | 디지로카 Travel,노리2 체크카드(Global):생활·편의점·배달·문화 | 청춘대로 톡톡카드:카페·교통·간편결제 | 디지로카 Travel:국내여행·일반적립,persona1-045,persona1-045,2026-06,2026-06-21T16:05:00,코레일,교통,대중교통·택시,TRANSIT,1500,0,1500,체크카드,CARD,APPROVED,코레일 결제 · 교통 카테고리,,UC101,2423,노리2 체크카드(Global),KB국민카드,본인,생활·편의점·배달·문화,,1234,체크카드,,200000,70000.0,,https://www.card-gorilla.com/card/detail/2423,354100,565200,Y,UC102,129.0,청춘대로 톡톡카드,KB국민카드,부모님 가족카드,카페·교통·간편결제,,신용카드,,300000.0,25000.0,472200.0,368000.0,Y,WRONG_CARD_BEFORE_PICKA,BEFORE_PICKA,0,100,100,픽카 이용 전 다른 카드를 사용하여 받을 수 있었던 혜택을 놓침,10%,5000.0,,,SYNTHETIC_RULE_MATCHING_V1,129-04,교통 맞춤 혜택,교통,20,할인,%,10.0,300000.0,,,5000.0,,,PICKA 표준 혜택 카테고리 '교통' 시연 데이터,https://www.card-gorilla.com/card/detail/129,MISSED_WRONG_CARD,"청춘대로 톡톡카드 | [Basic 서비스] 대중교통, 택시/이동통신요금 10% 청구할인",100.0,KRW
ONE_TRANSACTION_PER_ROW,persona1,김서연,persona1@picka.app,24,2003-04-13,010-0842-5352,스타벅스 리워드|CJ ONE|대한항공 SKYPASS|네이버플러스 멤버십|신세계포인트,ADULT,,여성,대학생,서울 마포구,False,서울특별시,마포구,0,2026-07-24,[],,,,,,,,,자기관리와 여행을 즐기는 합리적 소비자,1000000,2026-05~2026-07,"온라인쇼핑·배달앱·카페 적립률 높은 카드, 대중교통 할인, 영화 할인 혜택",True,False,False,False,False,False,UNIVERSITY_STUDENT,KT,PUBLIC_TRANSIT,True,False,NONE,OTHER,False,False,0,,VERIFIED,"대학생·대중교통 중심 사용자. KT와 K-패스를 이용하며, 차량·하이패스·육아·복지·항공사 제휴 자격은 해당하지 않음.",3,UC101 | UC102 | UC103,노리2 체크카드(Global) | 청춘대로 톡톡카드 | 디지로카 Travel,노리2 체크카드(Global):생활·편의점·배달·문화 | 청춘대로 톡톡카드:카페·교통·간편결제 | 디지로카 Travel:국내여행·일반적립,persona1-046,persona1-046,2026-06,2026-06-21T22:00:00,11번가,온라인쇼핑,온라인 종합몰,ONLINE_SHOPPING,7500,0,7500,신용카드,CARD,APPROVED,11번가 결제 · 온라인쇼핑 카테고리,,UC102,129,청춘대로 톡톡카드,KB국민카드,부모님 가족카드,카페·교통·간편결제,,5678,신용카드,,300000,25000.0,,https://www.card-gorilla.com/card/detail/129,472200,368000,Y,UC102,129.0,청춘대로 톡톡카드,KB국민카드,부모님 가족카드,카페·교통·간편결제,,신용카드,,300000.0,25000.0,472200.0,368000.0,Y,CAP_EXHAUSTED,CARD_LIMIT_EXHAUSTED,0,400,400,월 할인한도 소진으로 혜택 미적용,10%,5000.0,0.0,0.0,SYNTHETIC_RULE_MATCHING_V1,129-04,온라인쇼핑 맞춤 혜택,온라인쇼핑,7,할인,%,10.0,300000.0,,,5000.0,,,PICKA 표준 혜택 카테고리 '온라인쇼핑' 시연 데이터,https://www.card-gorilla.com/card/detail/129,MISSED_CAP_EXHAUSTED,"청춘대로 톡톡카드 | [Basic 서비스] 대중교통, 택시/이동통신요금 10% 청구할인",500.0,KRW
ONE_TRANSACTION_PER_ROW,persona1,김서연,persona1@picka.app,24,2003-04-13,010-0842-5352,스타벅스 리워드|CJ ONE|대한항공 SKYPASS|네이버플러스 멤버십|신세계포인트,ADULT,,여성,대학생,서울 마포구,False,서울특별시,마포구,0,2026-07-24,[],,,,,,,,,자기관리와 여행을 즐기는 합리적 소비자,1000000,2026-05~2026-07,"온라인쇼핑·배달앱·카페 적립률 높은 카드, 대중교통 할인, 영화 할인 혜택",True,False,False,False,False,False,UNIVERSITY_STUDENT,KT,PUBLIC_TRANSIT,True,False,NONE,OTHER,False,False,0,,VERIFIED,"대학생·대중교통 중심 사용자. KT와 K-패스를 이용하며, 차량·하이패스·육아·복지·항공사 제휴 자격은 해당하지 않음.",3,UC101 | UC102 | UC103,노리2 체크카드(Global) | 청춘대로 톡톡카드 | 디지로카 Travel,노리2 체크카드(Global):생활·편의점·배달·문화 | 청춘대로 톡톡카드:카페·교통·간편결제 | 디지로카 Travel:국내여행·일반적립,persona1-047,persona1-047,2026-06,2026-06-22T09:05:00,요기요,배달,배달앱,DELIVERY,7900,0,7900,체크카드,CARD,APPROVED,요기요 결제 · 배달앱 카테고리,,UC101,2423,노리2 체크카드(Global),KB국민카드,본인,생활·편의점·배달·문화,,1234,체크카드,,200000,70000.0,,https://www.card-gorilla.com/card/detail/2423,354100,565200,Y,UC102,129.0,청춘대로 톡톡카드,KB국민카드,부모님 가족카드,카페·교통·간편결제,,신용카드,,300000.0,25000.0,472200.0,368000.0,Y,WRONG_CARD_BEFORE_PICKA,BEFORE_PICKA,0,500,500,픽카 이용 전 다른 카드를 사용하여 받을 수 있었던 혜택을 놓침,10%,5000.0,,,SYNTHETIC_RULE_MATCHING_V1,129-04,배달앱 맞춤 혜택,배달앱,19,할인,%,10.0,300000.0,,,5000.0,,,PICKA 표준 혜택 카테고리 '배달앱' 시연 데이터,https://www.card-gorilla.com/card/detail/129,MISSED_WRONG_CARD,"청춘대로 톡톡카드 | [Basic 서비스] 대중교통, 택시/이동통신요금 10% 청구할인",600.0,KRW
ONE_TRANSACTION_PER_ROW,persona1,김서연,persona1@picka.app,24,2003-04-13,010-0842-5352,스타벅스 리워드|CJ ONE|대한항공 SKYPASS|네이버플러스 멤버십|신세계포인트,ADULT,,여성,대학생,서울 마포구,False,서울특별시,마포구,0,2026-07-24,[],,,,,,,,,자기관리와 여행을 즐기는 합리적 소비자,1000000,2026-05~2026-07,"온라인쇼핑·배달앱·카페 적립률 높은 카드, 대중교통 할인, 영화 할인 혜택",True,False,False,False,False,False,UNIVERSITY_STUDENT,KT,PUBLIC_TRANSIT,True,False,NONE,OTHER,False,False,0,,VERIFIED,"대학생·대중교통 중심 사용자. KT와 K-패스를 이용하며, 차량·하이패스·육아·복지·항공사 제휴 자격은 해당하지 않음.",3,UC101 | UC102 | UC103,노리2 체크카드(Global) | 청춘대로 톡톡카드 | 디지로카 Travel,노리2 체크카드(Global):생활·편의점·배달·문화 | 청춘대로 톡톡카드:카페·교통·간편결제 | 디지로카 Travel:국내여행·일반적립,persona1-048,persona1-048,2026-06,2026-06-22T14:25:00,티머니,교통,대중교통·택시,TRANSIT,1900,100,1800,신용카드,CARD,APPROVED,티머니 결제 · 교통 카테고리,,UC102,129,청춘대로 톡톡카드,KB국민카드,부모님 가족카드,카페·교통·간편결제,,5678,신용카드,,300000,25000.0,,https://www.card-gorilla.com/card/detail/129,472200,368000,Y,UC102,129.0,청춘대로 톡톡카드,KB국민카드,부모님 가족카드,카페·교통·간편결제,,신용카드,,300000.0,25000.0,472200.0,368000.0,Y,BENEFIT_RECEIVED,BENEFIT_APPLIED,100,100,0,,50%,10000.0,8300.0,8200.0,SYNTHETIC_RULE_MATCHING_V1,129-01,교통 맞춤 혜택,교통,20,할인,%,50.0,300000.0,,,10000.0,,,PICKA 표준 혜택 카테고리 '교통' 시연 데이터,https://www.card-gorilla.com/card/detail/129,DISCOUNT_APPLIED,청춘대로 톡톡카드 | [Great 서비스] 스타벅스 50% 청구할인,100.0,KRW
ONE_TRANSACTION_PER_ROW,persona1,김서연,persona1@picka.app,24,2003-04-13,010-0842-5352,스타벅스 리워드|CJ ONE|대한항공 SKYPASS|네이버플러스 멤버십|신세계포인트,ADULT,,여성,대학생,서울 마포구,False,서울특별시,마포구,0,2026-07-24,[],,,,,,,,,자기관리와 여행을 즐기는 합리적 소비자,1000000,2026-05~2026-07,"온라인쇼핑·배달앱·카페 적립률 높은 카드, 대중교통 할인, 영화 할인 혜택",True,False,False,False,False,False,UNIVERSITY_STUDENT,KT,PUBLIC_TRANSIT,True,False,NONE,OTHER,False,False,0,,VERIFIED,"대학생·대중교통 중심 사용자. KT와 K-패스를 이용하며, 차량·하이패스·육아·복지·항공사 제휴 자격은 해당하지 않음.",3,UC101 | UC102 | UC103,노리2 체크카드(Global) | 청춘대로 톡톡카드 | 디지로카 Travel,노리2 체크카드(Global):생활·편의점·배달·문화 | 청춘대로 톡톡카드:카페·교통·간편결제 | 디지로카 Travel:국내여행·일반적립,persona1-049,persona1-049,2026-06,2026-06-22T15:00:00,삼성페이,간편결제,온라인 간편결제,EASY_PAY,3600,0,3600,신용카드,CARD,APPROVED,삼성페이 결제 · 간편결제 카테고리,,UC102,129,청춘대로 톡톡카드,KB국민카드,부모님 가족카드,카페·교통·간편결제,,5678,신용카드,,300000,25000.0,,https://www.card-gorilla.com/card/detail/129,472200,368000,Y,UC102,129.0,청춘대로 톡톡카드,KB국민카드,부모님 가족카드,카페·교통·간편결제,,신용카드,,300000.0,25000.0,472200.0,368000.0,Y,CAP_EXHAUSTED,CARD_LIMIT_EXHAUSTED,0,300,300,월 할인한도 소진으로 혜택 미적용,20%,5000.0,0.0,0.0,SYNTHETIC_RULE_MATCHING_V1,129-02,간편결제 맞춤 혜택,간편결제,45,할인,%,20.0,300000.0,,,5000.0,,,PICKA 표준 혜택 카테고리 '간편결제' 시연 데이터,https://www.card-gorilla.com/card/detail/129,MISSED_CAP_EXHAUSTED,청춘대로 톡톡카드 | [Enjoy 서비스] 버거/패스트푸드 업종 20% 청구할인,300.0,KRW
ONE_TRANSACTION_PER_ROW,persona1,김서연,persona1@picka.app,24,2003-04-13,010-0842-5352,스타벅스 리워드|CJ ONE|대한항공 SKYPASS|네이버플러스 멤버십|신세계포인트,ADULT,,여성,대학생,서울 마포구,False,서울특별시,마포구,0,2026-07-24,[],,,,,,,,,자기관리와 여행을 즐기는 합리적 소비자,1000000,2026-05~2026-07,"온라인쇼핑·배달앱·카페 적립률 높은 카드, 대중교통 할인, 영화 할인 혜택",True,False,False,False,False,False,UNIVERSITY_STUDENT,KT,PUBLIC_TRANSIT,True,False,NONE,OTHER,False,False,0,,VERIFIED,"대학생·대중교통 중심 사용자. KT와 K-패스를 이용하며, 차량·하이패스·육아·복지·항공사 제휴 자격은 해당하지 않음.",3,UC101 | UC102 | UC103,노리2 체크카드(Global) | 청춘대로 톡톡카드 | 디지로카 Travel,노리2 체크카드(Global):생활·편의점·배달·문화 | 청춘대로 톡톡카드:카페·교통·간편결제 | 디지로카 Travel:국내여행·일반적립,persona1-050,persona1-050,2026-06,2026-06-23T19:40:00,한식당,외식,음식점,FOOD_DINING,6700,0,6700,신용카드,CARD,APPROVED,한식당 결제 · 푸드/외식 카테고리,,UC102,129,청춘대로 톡톡카드,KB국민카드,부모님 가족카드,카페·교통·간편결제,,5678,신용카드,,300000,25000.0,,https://www.card-gorilla.com/card/detail/129,472200,368000,Y,UC102,129.0,청춘대로 톡톡카드,KB국민카드,부모님 가족카드,카페·교통·간편결제,,신용카드,,300000.0,25000.0,472200.0,368000.0,Y,CAP_EXHAUSTED,CARD_LIMIT_EXHAUSTED,0,400,400,월 할인한도 소진으로 혜택 미적용,20%,5000.0,0.0,0.0,SYNTHETIC_RULE_MATCHING_V1,129-02,푸드/외식 맞춤 혜택,푸드/외식,57,할인,%,20.0,300000.0,,,5000.0,,,PICKA 표준 혜택 카테고리 '푸드/외식' 시연 데이터,https://www.card-gorilla.com/card/detail/129,MISSED_CAP_EXHAUSTED,청춘대로 톡톡카드 | [Enjoy 서비스] 버거/패스트푸드 업종 20% 청구할인,500.0,KRW
ONE_TRANSACTION_PER_ROW,persona1,김서연,persona1@picka.app,24,2003-04-13,010-0842-5352,스타벅스 리워드|CJ ONE|대한항공 SKYPASS|네이버플러스 멤버십|신세계포인트,ADULT,,여성,대학생,서울 마포구,False,서울특별시,마포구,0,2026-07-24,[],,,,,,,,,자기관리와 여행을 즐기는 합리적 소비자,1000000,2026-05~2026-07,"온라인쇼핑·배달앱·카페 적립률 높은 카드, 대중교통 할인, 영화 할인 혜택",True,False,False,False,False,False,UNIVERSITY_STUDENT,KT,PUBLIC_TRANSIT,True,False,NONE,OTHER,False,False,0,,VERIFIED,"대학생·대중교통 중심 사용자. KT와 K-패스를 이용하며, 차량·하이패스·육아·복지·항공사 제휴 자격은 해당하지 않음.",3,UC101 | UC102 | UC103,노리2 체크카드(Global) | 청춘대로 톡톡카드 | 디지로카 Travel,노리2 체크카드(Global):생활·편의점·배달·문화 | 청춘대로 톡톡카드:카페·교통·간편결제 | 디지로카 Travel:국내여행·일반적립,persona1-051,persona1-051,2026-06,2026-06-24T15:05:00,파리바게뜨,카페,카페 및 디저트,CAFE_DESSERT,3100,200,2900,신용카드,CARD,APPROVED,파리바게뜨 결제 · 카페/디저트 카테고리,,UC102,129,청춘대로 톡톡카드,KB국민카드,부모님 가족카드,카페·교통·간편결제,,5678,신용카드,,300000,25000.0,,https://www.card-gorilla.com/card/detail/129,472200,368000,Y,UC102,129.0,청춘대로 톡톡카드,KB국민카드,부모님 가족카드,카페·교통·간편결제,,신용카드,,300000.0,25000.0,472200.0,368000.0,Y,BENEFIT_RECEIVED,BENEFIT_APPLIED,200,200,0,,50%,10000.0,8200.0,8000.0,SYNTHETIC_RULE_MATCHING_V1,129-01,카페/디저트 맞춤 혜택,카페/디저트,45,할인,%,50.0,300000.0,,,10000.0,,,PICKA 표준 혜택 카테고리 '카페/디저트' 시연 데이터,https://www.card-gorilla.com/card/detail/129,DISCOUNT_APPLIED,청춘대로 톡톡카드 | [Great 서비스] 스타벅스 50% 청구할인,200.0,KRW
ONE_TRANSACTION_PER_ROW,persona1,김서연,persona1@picka.app,24,2003-04-13,010-0842-5352,스타벅스 리워드|CJ ONE|대한항공 SKYPASS|네이버플러스 멤버십|신세계포인트,ADULT,,여성,대학생,서울 마포구,False,서울특별시,마포구,0,2026-07-24,[],,,,,,,,,자기관리와 여행을 즐기는 합리적 소비자,1000000,2026-05~2026-07,"온라인쇼핑·배달앱·카페 적립률 높은 카드, 대중교통 할인, 영화 할인 혜택",True,False,False,False,False,False,UNIVERSITY_STUDENT,KT,PUBLIC_TRANSIT,True,False,NONE,OTHER,False,False,0,,VERIFIED,"대학생·대중교통 중심 사용자. KT와 K-패스를 이용하며, 차량·하이패스·육아·복지·항공사 제휴 자격은 해당하지 않음.",3,UC101 | UC102 | UC103,노리2 체크카드(Global) | 청춘대로 톡톡카드 | 디지로카 Travel,노리2 체크카드(Global):생활·편의점·배달·문화 | 청춘대로 톡톡카드:카페·교통·간편결제 | 디지로카 Travel:국내여행·일반적립,persona1-052,persona1-052,2026-06,2026-06-24T19:15:00,한국전력공사,공과금,생활요금,UTILITIES,20200,0,20200,신용카드,CARD,APPROVED,한국전력공사 결제 · 공과금/생활요금 카테고리,,UC102,129,청춘대로 톡톡카드,KB국민카드,부모님 가족카드,카페·교통·간편결제,,5678,신용카드,,300000,25000.0,,https://www.card-gorilla.com/card/detail/129,472200,368000,Y,UC102,129.0,청춘대로 톡톡카드,KB국민카드,부모님 가족카드,카페·교통·간편결제,,신용카드,,300000.0,25000.0,472200.0,368000.0,Y,CAP_EXHAUSTED,CARD_LIMIT_EXHAUSTED,0,2000,2000,월 할인한도 소진으로 혜택 미적용,10%,5000.0,0.0,0.0,SYNTHETIC_RULE_MATCHING_V1,129-04,공과금/생활요금 맞춤 혜택,공과금/생활요금,3,할인,%,10.0,300000.0,,,5000.0,,,PICKA 표준 혜택 카테고리 '공과금/생활요금' 시연 데이터,https://www.card-gorilla.com/card/detail/129,MISSED_CAP_EXHAUSTED,"청춘대로 톡톡카드 | [Basic 서비스] 대중교통, 택시/이동통신요금 10% 청구할인",2300.0,KRW
ONE_TRANSACTION_PER_ROW,persona1,김서연,persona1@picka.app,24,2003-04-13,010-0842-5352,스타벅스 리워드|CJ ONE|대한항공 SKYPASS|네이버플러스 멤버십|신세계포인트,ADULT,,여성,대학생,서울 마포구,False,서울특별시,마포구,0,2026-07-24,[],,,,,,,,,자기관리와 여행을 즐기는 합리적 소비자,1000000,2026-05~2026-07,"온라인쇼핑·배달앱·카페 적립률 높은 카드, 대중교통 할인, 영화 할인 혜택",True,False,False,False,False,False,UNIVERSITY_STUDENT,KT,PUBLIC_TRANSIT,True,False,NONE,OTHER,False,False,0,,VERIFIED,"대학생·대중교통 중심 사용자. KT와 K-패스를 이용하며, 차량·하이패스·육아·복지·항공사 제휴 자격은 해당하지 않음.",3,UC101 | UC102 | UC103,노리2 체크카드(Global) | 청춘대로 톡톡카드 | 디지로카 Travel,노리2 체크카드(Global):생활·편의점·배달·문화 | 청춘대로 톡톡카드:카페·교통·간편결제 | 디지로카 Travel:국내여행·일반적립,persona1-053,persona1-053,2026-06,2026-06-25T11:50:00,세탁특공대,생활,생활용품,LIVING,3100,0,3100,체크카드,CARD,APPROVED,세탁특공대 결제 · 생활 카테고리,,UC101,2423,노리2 체크카드(Global),KB국민카드,본인,생활·편의점·배달·문화,,1234,체크카드,,200000,70000.0,,https://www.card-gorilla.com/card/detail/2423,354100,565200,Y,UC102,129.0,청춘대로 톡톡카드,KB국민카드,부모님 가족카드,카페·교통·간편결제,,신용카드,,300000.0,25000.0,472200.0,368000.0,Y,WRONG_CARD_BEFORE_PICKA,BEFORE_PICKA,0,200,200,픽카 이용 전 다른 카드를 사용하여 받을 수 있었던 혜택을 놓침,10%,5000.0,,,SYNTHETIC_RULE_MATCHING_V1,129-04,생활 맞춤 혜택,생활,22,할인,%,10.0,300000.0,,,5000.0,,,PICKA 표준 혜택 카테고리 '생활' 시연 데이터,https://www.card-gorilla.com/card/detail/129,MISSED_WRONG_CARD,"청춘대로 톡톡카드 | [Basic 서비스] 대중교통, 택시/이동통신요금 10% 청구할인",200.0,KRW
ONE_TRANSACTION_PER_ROW,persona1,김서연,persona1@picka.app,24,2003-04-13,010-0842-5352,스타벅스 리워드|CJ ONE|대한항공 SKYPASS|네이버플러스 멤버십|신세계포인트,ADULT,,여성,대학생,서울 마포구,False,서울특별시,마포구,0,2026-07-24,[],,,,,,,,,자기관리와 여행을 즐기는 합리적 소비자,1000000,2026-05~2026-07,"온라인쇼핑·배달앱·카페 적립률 높은 카드, 대중교통 할인, 영화 할인 혜택",True,False,False,False,False,False,UNIVERSITY_STUDENT,KT,PUBLIC_TRANSIT,True,False,NONE,OTHER,False,False,0,,VERIFIED,"대학생·대중교통 중심 사용자. KT와 K-패스를 이용하며, 차량·하이패스·육아·복지·항공사 제휴 자격은 해당하지 않음.",3,UC101 | UC102 | UC103,노리2 체크카드(Global) | 청춘대로 톡톡카드 | 디지로카 Travel,노리2 체크카드(Global):생활·편의점·배달·문화 | 청춘대로 톡톡카드:카페·교통·간편결제 | 디지로카 Travel:국내여행·일반적립,persona1-054,persona1-054,2026-06,2026-06-26T11:20:00,카카오 T,교통,대중교통·택시,TRANSIT,2000,200,1800,신용카드,CARD,APPROVED,카카오 T 결제 · 교통 카테고리,,UC102,129,청춘대로 톡톡카드,KB국민카드,부모님 가족카드,카페·교통·간편결제,,5678,신용카드,,300000,25000.0,,https://www.card-gorilla.com/card/detail/129,472200,368000,Y,UC102,129.0,청춘대로 톡톡카드,KB국민카드,부모님 가족카드,카페·교통·간편결제,,신용카드,,300000.0,25000.0,472200.0,368000.0,Y,BENEFIT_RECEIVED,BENEFIT_APPLIED,200,200,0,,50%,10000.0,8000.0,7800.0,SYNTHETIC_RULE_MATCHING_V1,129-01,교통 맞춤 혜택,교통,20,할인,%,50.0,300000.0,,,10000.0,,,PICKA 표준 혜택 카테고리 '교통' 시연 데이터,https://www.card-gorilla.com/card/detail/129,DISCOUNT_APPLIED,청춘대로 톡톡카드 | [Great 서비스] 스타벅스 50% 청구할인,200.0,KRW
ONE_TRANSACTION_PER_ROW,persona1,김서연,persona1@picka.app,24,2003-04-13,010-0842-5352,스타벅스 리워드|CJ ONE|대한항공 SKYPASS|네이버플러스 멤버십|신세계포인트,ADULT,,여성,대학생,서울 마포구,False,서울특별시,마포구,0,2026-07-24,[],,,,,,,,,자기관리와 여행을 즐기는 합리적 소비자,1000000,2026-05~2026-07,"온라인쇼핑·배달앱·카페 적립률 높은 카드, 대중교통 할인, 영화 할인 혜택",True,False,False,False,False,False,UNIVERSITY_STUDENT,KT,PUBLIC_TRANSIT,True,False,NONE,OTHER,False,False,0,,VERIFIED,"대학생·대중교통 중심 사용자. KT와 K-패스를 이용하며, 차량·하이패스·육아·복지·항공사 제휴 자격은 해당하지 않음.",3,UC101 | UC102 | UC103,노리2 체크카드(Global) | 청춘대로 톡톡카드 | 디지로카 Travel,노리2 체크카드(Global):생활·편의점·배달·문화 | 청춘대로 톡톡카드:카페·교통·간편결제 | 디지로카 Travel:국내여행·일반적립,persona1-055,persona1-055,2026-06,2026-06-26T20:10:00,롯데시네마,문화,영화 및 문화,MOVIE_CULTURE,5900,0,5900,신용카드,CARD,APPROVED,롯데시네마 결제 · 영화/문화 카테고리,,UC102,129,청춘대로 톡톡카드,KB국민카드,부모님 가족카드,카페·교통·간편결제,,5678,신용카드,,300000,25000.0,,https://www.card-gorilla.com/card/detail/129,472200,368000,Y,UC101,2423.0,노리2 체크카드(Global),KB국민카드,본인,생활·편의점·배달·문화,,체크카드,,200000.0,70000.0,354100.0,565200.0,Y,WRONG_CARD_BEFORE_PICKA,BEFORE_PICKA,0,400,400,픽카 이용 전 다른 카드를 사용하여 받을 수 있었던 혜택을 놓침,4000원,8000.0,,,SYNTHETIC_RULE_MATCHING_V1,2423-09,영화/문화 맞춤 혜택,영화/문화,55,할인,원,4000.0,200000.0,,,8000.0,,,PICKA 표준 혜택 카테고리 '영화/문화' 시연 데이터,https://www.card-gorilla.com/card/detail/2423,MISSED_WRONG_CARD,"노리2 체크카드(Global) | [일상] CGV 4,000원 할인",400.0,KRW
ONE_TRANSACTION_PER_ROW,persona1,김서연,persona1@picka.app,24,2003-04-13,010-0842-5352,스타벅스 리워드|CJ ONE|대한항공 SKYPASS|네이버플러스 멤버십|신세계포인트,ADULT,,여성,대학생,서울 마포구,False,서울특별시,마포구,0,2026-07-24,[],,,,,,,,,자기관리와 여행을 즐기는 합리적 소비자,1000000,2026-05~2026-07,"온라인쇼핑·배달앱·카페 적립률 높은 카드, 대중교통 할인, 영화 할인 혜택",True,False,False,False,False,False,UNIVERSITY_STUDENT,KT,PUBLIC_TRANSIT,True,False,NONE,OTHER,False,False,0,,VERIFIED,"대학생·대중교통 중심 사용자. KT와 K-패스를 이용하며, 차량·하이패스·육아·복지·항공사 제휴 자격은 해당하지 않음.",3,UC101 | UC102 | UC103,노리2 체크카드(Global) | 청춘대로 톡톡카드 | 디지로카 Travel,노리2 체크카드(Global):생활·편의점·배달·문화 | 청춘대로 톡톡카드:카페·교통·간편결제 | 디지로카 Travel:국내여행·일반적립,persona1-056,persona1-056,2026-06,2026-06-27T17:30:00,김밥전문점,외식,음식점,FOOD_DINING,5800,0,5800,신용카드,CARD,APPROVED,김밥전문점 결제 · 푸드/외식 카테고리,,UC102,129,청춘대로 톡톡카드,KB국민카드,부모님 가족카드,카페·교통·간편결제,,5678,신용카드,,300000,25000.0,,https://www.card-gorilla.com/card/detail/129,472200,368000,Y,UC102,129.0,청춘대로 톡톡카드,KB국민카드,부모님 가족카드,카페·교통·간편결제,,신용카드,,300000.0,25000.0,472200.0,368000.0,Y,CAP_EXHAUSTED,CARD_LIMIT_EXHAUSTED,0,500,500,월 할인한도 소진으로 혜택 미적용,20%,5000.0,0.0,0.0,SYNTHETIC_RULE_MATCHING_V1,129-02,푸드/외식 맞춤 혜택,푸드/외식,57,할인,%,20.0,300000.0,,,5000.0,,,PICKA 표준 혜택 카테고리 '푸드/외식' 시연 데이터,https://www.card-gorilla.com/card/detail/129,MISSED_CAP_EXHAUSTED,청춘대로 톡톡카드 | [Enjoy 서비스] 버거/패스트푸드 업종 20% 청구할인,600.0,KRW
ONE_TRANSACTION_PER_ROW,persona1,김서연,persona1@picka.app,24,2003-04-13,010-0842-5352,스타벅스 리워드|CJ ONE|대한항공 SKYPASS|네이버플러스 멤버십|신세계포인트,ADULT,,여성,대학생,서울 마포구,False,서울특별시,마포구,0,2026-07-24,[],,,,,,,,,자기관리와 여행을 즐기는 합리적 소비자,1000000,2026-05~2026-07,"온라인쇼핑·배달앱·카페 적립률 높은 카드, 대중교통 할인, 영화 할인 혜택",True,False,False,False,False,False,UNIVERSITY_STUDENT,KT,PUBLIC_TRANSIT,True,False,NONE,OTHER,False,False,0,,VERIFIED,"대학생·대중교통 중심 사용자. KT와 K-패스를 이용하며, 차량·하이패스·육아·복지·항공사 제휴 자격은 해당하지 않음.",3,UC101 | UC102 | UC103,노리2 체크카드(Global) | 청춘대로 톡톡카드 | 디지로카 Travel,노리2 체크카드(Global):생활·편의점·배달·문화 | 청춘대로 톡톡카드:카페·교통·간편결제 | 디지로카 Travel:국내여행·일반적립,persona1-057,persona1-057,2026-06,2026-06-27T23:45:00,G마켓,온라인쇼핑,온라인 종합몰,ONLINE_SHOPPING,6200,0,6200,신용카드,CARD,APPROVED,G마켓 결제 · 온라인쇼핑 카테고리,,UC102,129,청춘대로 톡톡카드,KB국민카드,부모님 가족카드,카페·교통·간편결제,,5678,신용카드,,300000,25000.0,,https://www.card-gorilla.com/card/detail/129,472200,368000,Y,UC102,129.0,청춘대로 톡톡카드,KB국민카드,부모님 가족카드,카페·교통·간편결제,,신용카드,,300000.0,25000.0,472200.0,368000.0,Y,CAP_EXHAUSTED,CARD_LIMIT_EXHAUSTED,0,300,300,월 할인한도 소진으로 혜택 미적용,10%,5000.0,0.0,0.0,SYNTHETIC_RULE_MATCHING_V1,129-04,온라인쇼핑 맞춤 혜택,온라인쇼핑,7,할인,%,10.0,300000.0,,,5000.0,,,PICKA 표준 혜택 카테고리 '온라인쇼핑' 시연 데이터,https://www.card-gorilla.com/card/detail/129,MISSED_CAP_EXHAUSTED,"청춘대로 톡톡카드 | [Basic 서비스] 대중교통, 택시/이동통신요금 10% 청구할인",400.0,KRW
ONE_TRANSACTION_PER_ROW,persona1,김서연,persona1@picka.app,24,2003-04-13,010-0842-5352,스타벅스 리워드|CJ ONE|대한항공 SKYPASS|네이버플러스 멤버십|신세계포인트,ADULT,,여성,대학생,서울 마포구,False,서울특별시,마포구,0,2026-07-24,[],,,,,,,,,자기관리와 여행을 즐기는 합리적 소비자,1000000,2026-05~2026-07,"온라인쇼핑·배달앱·카페 적립률 높은 카드, 대중교통 할인, 영화 할인 혜택",True,False,False,False,False,False,UNIVERSITY_STUDENT,KT,PUBLIC_TRANSIT,True,False,NONE,OTHER,False,False,0,,VERIFIED,"대학생·대중교통 중심 사용자. KT와 K-패스를 이용하며, 차량·하이패스·육아·복지·항공사 제휴 자격은 해당하지 않음.",3,UC101 | UC102 | UC103,노리2 체크카드(Global) | 청춘대로 톡톡카드 | 디지로카 Travel,노리2 체크카드(Global):생활·편의점·배달·문화 | 청춘대로 톡톡카드:카페·교통·간편결제 | 디지로카 Travel:국내여행·일반적립,persona1-058,persona1-058,2026-06,2026-06-28T18:05:00,캐시백 대상 일반가맹점,캐시백,일반 캐시백,CASHBACK,2900,0,2900,체크카드,CARD,APPROVED,캐시백 대상 일반가맹점 결제 · 캐시백 카테고리,,UC101,2423,노리2 체크카드(Global),KB국민카드,본인,생활·편의점·배달·문화,,1234,체크카드,,200000,70000.0,,https://www.card-gorilla.com/card/detail/2423,354100,565200,Y,UC102,129.0,청춘대로 톡톡카드,KB국민카드,부모님 가족카드,카페·교통·간편결제,,신용카드,,300000.0,25000.0,472200.0,368000.0,Y,WRONG_CARD_BEFORE_PICKA,BEFORE_PICKA,0,200,200,픽카 이용 전 다른 카드를 사용하여 받을 수 있었던 혜택을 놓침,10%,5000.0,,,SYNTHETIC_RULE_MATCHING_V1,129-04,캐시백 맞춤 혜택,캐시백,7,할인,%,10.0,300000.0,,,5000.0,,,PICKA 표준 혜택 카테고리 '캐시백' 시연 데이터,https://www.card-gorilla.com/card/detail/129,MISSED_WRONG_CARD,"청춘대로 톡톡카드 | [Basic 서비스] 대중교통, 택시/이동통신요금 10% 청구할인",200.0,KRW
ONE_TRANSACTION_PER_ROW,persona1,김서연,persona1@picka.app,24,2003-04-13,010-0842-5352,스타벅스 리워드|CJ ONE|대한항공 SKYPASS|네이버플러스 멤버십|신세계포인트,ADULT,,여성,대학생,서울 마포구,False,서울특별시,마포구,0,2026-07-24,[],,,,,,,,,자기관리와 여행을 즐기는 합리적 소비자,1000000,2026-05~2026-07,"온라인쇼핑·배달앱·카페 적립률 높은 카드, 대중교통 할인, 영화 할인 혜택",True,False,False,False,False,False,UNIVERSITY_STUDENT,KT,PUBLIC_TRANSIT,True,False,NONE,OTHER,False,False,0,,VERIFIED,"대학생·대중교통 중심 사용자. KT와 K-패스를 이용하며, 차량·하이패스·육아·복지·항공사 제휴 자격은 해당하지 않음.",3,UC101 | UC102 | UC103,노리2 체크카드(Global) | 청춘대로 톡톡카드 | 디지로카 Travel,노리2 체크카드(Global):생활·편의점·배달·문화 | 청춘대로 톡톡카드:카페·교통·간편결제 | 디지로카 Travel:국내여행·일반적립,persona1-059,persona1-059,2026-06,2026-06-28T19:10:00,이탈리안 레스토랑,외식,음식점,FOOD_DINING,7400,0,7400,신용카드,CARD,APPROVED,이탈리안 레스토랑 결제 · 푸드/외식 카테고리,,UC102,129,청춘대로 톡톡카드,KB국민카드,부모님 가족카드,카페·교통·간편결제,,5678,신용카드,,300000,25000.0,,https://www.card-gorilla.com/card/detail/129,472200,368000,Y,UC102,129.0,청춘대로 톡톡카드,KB국민카드,부모님 가족카드,카페·교통·간편결제,,신용카드,,300000.0,25000.0,472200.0,368000.0,Y,CAP_EXHAUSTED,CARD_LIMIT_EXHAUSTED,0,400,400,월 할인한도 소진으로 혜택 미적용,20%,5000.0,0.0,0.0,SYNTHETIC_RULE_MATCHING_V1,129-02,푸드/외식 맞춤 혜택,푸드/외식,57,할인,%,20.0,300000.0,,,5000.0,,,PICKA 표준 혜택 카테고리 '푸드/외식' 시연 데이터,https://www.card-gorilla.com/card/detail/129,MISSED_CAP_EXHAUSTED,청춘대로 톡톡카드 | [Enjoy 서비스] 버거/패스트푸드 업종 20% 청구할인,500.0,KRW
ONE_TRANSACTION_PER_ROW,persona1,김서연,persona1@picka.app,24,2003-04-13,010-0842-5352,스타벅스 리워드|CJ ONE|대한항공 SKYPASS|네이버플러스 멤버십|신세계포인트,ADULT,,여성,대학생,서울 마포구,False,서울특별시,마포구,0,2026-07-24,[],,,,,,,,,자기관리와 여행을 즐기는 합리적 소비자,1000000,2026-05~2026-07,"온라인쇼핑·배달앱·카페 적립률 높은 카드, 대중교통 할인, 영화 할인 혜택",True,False,False,False,False,False,UNIVERSITY_STUDENT,KT,PUBLIC_TRANSIT,True,False,NONE,OTHER,False,False,0,,VERIFIED,"대학생·대중교통 중심 사용자. KT와 K-패스를 이용하며, 차량·하이패스·육아·복지·항공사 제휴 자격은 해당하지 않음.",3,UC101 | UC102 | UC103,노리2 체크카드(Global) | 청춘대로 톡톡카드 | 디지로카 Travel,노리2 체크카드(Global):생활·편의점·배달·문화 | 청춘대로 톡톡카드:카페·교통·간편결제 | 디지로카 Travel:국내여행·일반적립,persona1-060,persona1-060,2026-06,2026-06-29T09:30:00,롯데마트,마트/쇼핑,대형마트 및 쇼핑,MART_SHOPPING,7900,0,7900,체크카드,CARD,APPROVED,롯데마트 결제 · 마트/쇼핑 카테고리,,UC101,2423,노리2 체크카드(Global),KB국민카드,본인,생활·편의점·배달·문화,,1234,체크카드,,200000,70000.0,,https://www.card-gorilla.com/card/detail/2423,354100,565200,Y,UC102,129.0,청춘대로 톡톡카드,KB국민카드,부모님 가족카드,카페·교통·간편결제,,신용카드,,300000.0,25000.0,472200.0,368000.0,Y,WRONG_CARD_BEFORE_PICKA,BEFORE_PICKA,0,500,500,픽카 이용 전 다른 카드를 사용하여 받을 수 있었던 혜택을 놓침,10%,5000.0,,,SYNTHETIC_RULE_MATCHING_V1,129-04,마트/쇼핑 맞춤 혜택,마트/쇼핑,97,할인,%,10.0,300000.0,,,5000.0,,,PICKA 표준 혜택 카테고리 '마트/쇼핑' 시연 데이터,https://www.card-gorilla.com/card/detail/129,MISSED_WRONG_CARD,"청춘대로 톡톡카드 | [Basic 서비스] 대중교통, 택시/이동통신요금 10% 청구할인",600.0,KRW
ONE_TRANSACTION_PER_ROW,persona1,김서연,persona1@picka.app,24,2003-04-13,010-0842-5352,스타벅스 리워드|CJ ONE|대한항공 SKYPASS|네이버플러스 멤버십|신세계포인트,ADULT,,여성,대학생,서울 마포구,False,서울특별시,마포구,0,2026-07-24,[],,,,,,,,,자기관리와 여행을 즐기는 합리적 소비자,1000000,2026-05~2026-07,"온라인쇼핑·배달앱·카페 적립률 높은 카드, 대중교통 할인, 영화 할인 혜택",True,False,False,False,False,False,UNIVERSITY_STUDENT,KT,PUBLIC_TRANSIT,True,False,NONE,OTHER,False,False,0,,VERIFIED,"대학생·대중교통 중심 사용자. KT와 K-패스를 이용하며, 차량·하이패스·육아·복지·항공사 제휴 자격은 해당하지 않음.",3,UC101 | UC102 | UC103,노리2 체크카드(Global) | 청춘대로 톡톡카드 | 디지로카 Travel,노리2 체크카드(Global):생활·편의점·배달·문화 | 청춘대로 톡톡카드:카페·교통·간편결제 | 디지로카 Travel:국내여행·일반적립,persona1-061,persona1-061,2026-06,2026-06-29T16:05:00,서울교통공사,교통,대중교통·택시,TRANSIT,2100,100,2000,신용카드,CARD,APPROVED,서울교통공사 결제 · 교통 카테고리,,UC102,129,청춘대로 톡톡카드,KB국민카드,부모님 가족카드,카페·교통·간편결제,,5678,신용카드,,300000,25000.0,,https://www.card-gorilla.com/card/detail/129,472200,368000,Y,UC102,129.0,청춘대로 톡톡카드,KB국민카드,부모님 가족카드,카페·교통·간편결제,,신용카드,,300000.0,25000.0,472200.0,368000.0,Y,BENEFIT_RECEIVED,BENEFIT_APPLIED,100,100,0,,50%,10000.0,7800.0,7700.0,SYNTHETIC_RULE_MATCHING_V1,129-01,교통 맞춤 혜택,교통,20,할인,%,50.0,300000.0,,,10000.0,,,PICKA 표준 혜택 카테고리 '교통' 시연 데이터,https://www.card-gorilla.com/card/detail/129,DISCOUNT_APPLIED,청춘대로 톡톡카드 | [Great 서비스] 스타벅스 50% 청구할인,100.0,KRW
ONE_TRANSACTION_PER_ROW,persona1,김서연,persona1@picka.app,24,2003-04-13,010-0842-5352,스타벅스 리워드|CJ ONE|대한항공 SKYPASS|네이버플러스 멤버십|신세계포인트,ADULT,,여성,대학생,서울 마포구,False,서울특별시,마포구,0,2026-07-24,[],,,,,,,,,자기관리와 여행을 즐기는 합리적 소비자,1000000,2026-05~2026-07,"온라인쇼핑·배달앱·카페 적립률 높은 카드, 대중교통 할인, 영화 할인 혜택",True,False,False,False,False,False,UNIVERSITY_STUDENT,KT,PUBLIC_TRANSIT,True,False,NONE,OTHER,False,False,0,,VERIFIED,"대학생·대중교통 중심 사용자. KT와 K-패스를 이용하며, 차량·하이패스·육아·복지·항공사 제휴 자격은 해당하지 않음.",3,UC101 | UC102 | UC103,노리2 체크카드(Global) | 청춘대로 톡톡카드 | 디지로카 Travel,노리2 체크카드(Global):생활·편의점·배달·문화 | 청춘대로 톡톡카드:카페·교통·간편결제 | 디지로카 Travel:국내여행·일반적립,persona1-062,persona1-062,2026-06,2026-06-30T18:35:00,세븐일레븐,편의점,편의점,CONVENIENCE,2300,0,2300,체크카드,CARD,APPROVED,세븐일레븐 결제 · 편의점 카테고리,,UC101,2423,노리2 체크카드(Global),KB국민카드,본인,생활·편의점·배달·문화,,1234,체크카드,,200000,70000.0,,https://www.card-gorilla.com/card/detail/2423,354100,565200,Y,UC102,129.0,청춘대로 톡톡카드,KB국민카드,부모님 가족카드,카페·교통·간편결제,,신용카드,,300000.0,25000.0,472200.0,368000.0,Y,WRONG_CARD_BEFORE_PICKA,BEFORE_PICKA,0,200,200,픽카 이용 전 다른 카드를 사용하여 받을 수 있었던 혜택을 놓침,10%,5000.0,,,SYNTHETIC_RULE_MATCHING_V1,129-04,편의점 맞춤 혜택,편의점,21,할인,%,10.0,300000.0,,,5000.0,,,PICKA 표준 혜택 카테고리 '편의점' 시연 데이터,https://www.card-gorilla.com/card/detail/129,MISSED_WRONG_CARD,"청춘대로 톡톡카드 | [Basic 서비스] 대중교통, 택시/이동통신요금 10% 청구할인",200.0,KRW
ONE_TRANSACTION_PER_ROW,persona1,김서연,persona1@picka.app,24,2003-04-13,010-0842-5352,스타벅스 리워드|CJ ONE|대한항공 SKYPASS|네이버플러스 멤버십|신세계포인트,ADULT,,여성,대학생,서울 마포구,False,서울특별시,마포구,0,2026-07-24,[],,,,,,,,,자기관리와 여행을 즐기는 합리적 소비자,1000000,2026-05~2026-07,"온라인쇼핑·배달앱·카페 적립률 높은 카드, 대중교통 할인, 영화 할인 혜택",True,False,False,False,False,False,UNIVERSITY_STUDENT,KT,PUBLIC_TRANSIT,True,False,NONE,OTHER,False,False,0,,VERIFIED,"대학생·대중교통 중심 사용자. KT와 K-패스를 이용하며, 차량·하이패스·육아·복지·항공사 제휴 자격은 해당하지 않음.",3,UC101 | UC102 | UC103,노리2 체크카드(Global) | 청춘대로 톡톡카드 | 디지로카 Travel,노리2 체크카드(Global):생활·편의점·배달·문화 | 청춘대로 톡톡카드:카페·교통·간편결제 | 디지로카 Travel:국내여행·일반적립,july26-persona1-0007,july26-persona1-0007,2026-07,2026-07-04T16:15:00,네이버페이,간편결제,온라인 간편결제,EASY_PAY,29400,0,29400,신용카드,CARD,APPROVED,네이버페이 결제 · 간편결제 카테고리,,UC103,2863,디지로카 Travel,롯데카드,본인,국내여행·일반적립,,9012,신용카드,,0,100000.0,,https://www.card-gorilla.com/card/detail/2863,86800,318100,Y,UC102,129.0,청춘대로 톡톡카드,KB국민카드,부모님 가족카드,카페·교통·간편결제,,신용카드,,300000.0,25000.0,368000.0,582800.0,Y,WRONG_CARD_BEFORE_PICKA,BEFORE_PICKA,0,800,800,픽카 이용 전 다른 카드를 사용하여 받을 수 있었던 혜택을 놓침,20%,5000.0,,,SYNTHETIC_RULE_MATCHING_V1,129-02,간편결제 맞춤 혜택,간편결제,45,할인,%,20.0,300000.0,,,5000.0,,,PICKA 표준 혜택 카테고리 '간편결제' 시연 데이터,https://www.card-gorilla.com/card/detail/129,MISSED_WRONG_CARD,청춘대로 톡톡카드 | [Enjoy 서비스] 버거/패스트푸드 업종 20% 청구할인,900.0,KRW
ONE_TRANSACTION_PER_ROW,persona1,김서연,persona1@picka.app,24,2003-04-13,010-0842-5352,스타벅스 리워드|CJ ONE|대한항공 SKYPASS|네이버플러스 멤버십|신세계포인트,ADULT,,여성,대학생,서울 마포구,False,서울특별시,마포구,0,2026-07-24,[],,,,,,,,,자기관리와 여행을 즐기는 합리적 소비자,1000000,2026-05~2026-07,"온라인쇼핑·배달앱·카페 적립률 높은 카드, 대중교통 할인, 영화 할인 혜택",True,False,False,False,False,False,UNIVERSITY_STUDENT,KT,PUBLIC_TRANSIT,True,False,NONE,OTHER,False,False,0,,VERIFIED,"대학생·대중교통 중심 사용자. KT와 K-패스를 이용하며, 차량·하이패스·육아·복지·항공사 제휴 자격은 해당하지 않음.",3,UC101 | UC102 | UC103,노리2 체크카드(Global) | 청춘대로 톡톡카드 | 디지로카 Travel,노리2 체크카드(Global):생활·편의점·배달·문화 | 청춘대로 톡톡카드:카페·교통·간편결제 | 디지로카 Travel:국내여행·일반적립,july26-persona1-0016,july26-persona1-0016,2026-07,2026-07-04T22:50:00,SK텔레콤,통신,이동통신요금,TELECOM,51600,2400,49200,체크카드,CARD,APPROVED,SK텔레콤 결제 · 통신 카테고리,,UC101,2423,노리2 체크카드(Global),KB국민카드,본인,생활·편의점·배달·문화,,1234,체크카드,,200000,70000.0,,https://www.card-gorilla.com/card/detail/2423,565200,89100,Y,UC101,2423.0,노리2 체크카드(Global),KB국민카드,본인,생활·편의점·배달·문화,,체크카드,,200000.0,70000.0,565200.0,89100.0,Y,BENEFIT_RECEIVED,BENEFIT_APPLIED,2400,2400,0,,10%,5000.0,5000.0,2600.0,SYNTHETIC_RULE_MATCHING_V1,2423-02,통신 맞춤 혜택,통신,9,할인,%,10.0,200000.0,,,5000.0,,,PICKA 표준 혜택 카테고리 '통신' 시연 데이터,https://www.card-gorilla.com/card/detail/2423,DISCOUNT_APPLIED,"노리2 체크카드(Global) | [일상] 구글플레이스토어, 앱스토어 10% 할인",2900.0,KRW
ONE_TRANSACTION_PER_ROW,persona1,김서연,persona1@picka.app,24,2003-04-13,010-0842-5352,스타벅스 리워드|CJ ONE|대한항공 SKYPASS|네이버플러스 멤버십|신세계포인트,ADULT,,여성,대학생,서울 마포구,False,서울특별시,마포구,0,2026-07-24,[],,,,,,,,,자기관리와 여행을 즐기는 합리적 소비자,1000000,2026-05~2026-07,"온라인쇼핑·배달앱·카페 적립률 높은 카드, 대중교통 할인, 영화 할인 혜택",True,False,False,False,False,False,UNIVERSITY_STUDENT,KT,PUBLIC_TRANSIT,True,False,NONE,OTHER,False,False,0,,VERIFIED,"대학생·대중교통 중심 사용자. KT와 K-패스를 이용하며, 차량·하이패스·육아·복지·항공사 제휴 자격은 해당하지 않음.",3,UC101 | UC102 | UC103,노리2 체크카드(Global) | 청춘대로 톡톡카드 | 디지로카 Travel,노리2 체크카드(Global):생활·편의점·배달·문화 | 청춘대로 톡톡카드:카페·교통·간편결제 | 디지로카 Travel:국내여행·일반적립,july26-persona1-0010,july26-persona1-0010,2026-07,2026-07-07T09:25:00,다이소,생활,생활용품,LIVING,33600,1600,32000,신용카드,CARD,APPROVED,다이소 결제 · 생활 카테고리,,UC102,129,청춘대로 톡톡카드,KB국민카드,부모님 가족카드,카페·교통·간편결제,,5678,신용카드,,300000,25000.0,,https://www.card-gorilla.com/card/detail/129,368000,582800,Y,UC102,129.0,청춘대로 톡톡카드,KB국민카드,부모님 가족카드,카페·교통·간편결제,,신용카드,,300000.0,25000.0,368000.0,582800.0,Y,BENEFIT_RECEIVED,BENEFIT_APPLIED,1600,1600,0,,10%,5000.0,5000.0,3400.0,SYNTHETIC_RULE_MATCHING_V1,129-04,생활 맞춤 혜택,생활,22,할인,%,10.0,300000.0,,,5000.0,,,PICKA 표준 혜택 카테고리 '생활' 시연 데이터,https://www.card-gorilla.com/card/detail/129,DISCOUNT_APPLIED,"청춘대로 톡톡카드 | [Basic 서비스] 대중교통, 택시/이동통신요금 10% 청구할인",1900.0,KRW
ONE_TRANSACTION_PER_ROW,persona1,김서연,persona1@picka.app,24,2003-04-13,010-0842-5352,스타벅스 리워드|CJ ONE|대한항공 SKYPASS|네이버플러스 멤버십|신세계포인트,ADULT,,여성,대학생,서울 마포구,False,서울특별시,마포구,0,2026-07-24,[],,,,,,,,,자기관리와 여행을 즐기는 합리적 소비자,1000000,2026-05~2026-07,"온라인쇼핑·배달앱·카페 적립률 높은 카드, 대중교통 할인, 영화 할인 혜택",True,False,False,False,False,False,UNIVERSITY_STUDENT,KT,PUBLIC_TRANSIT,True,False,NONE,OTHER,False,False,0,,VERIFIED,"대학생·대중교통 중심 사용자. KT와 K-패스를 이용하며, 차량·하이패스·육아·복지·항공사 제휴 자격은 해당하지 않음.",3,UC101 | UC102 | UC103,노리2 체크카드(Global) | 청춘대로 톡톡카드 | 디지로카 Travel,노리2 체크카드(Global):생활·편의점·배달·문화 | 청춘대로 톡톡카드:카페·교통·간편결제 | 디지로카 Travel:국내여행·일반적립,july26-persona1-0003,july26-persona1-0003,2026-07,2026-07-08T08:50:00,CU,편의점,편의점,CONVENIENCE,9900,0,9900,신용카드,CARD,APPROVED,CU 결제 · 편의점 카테고리,,UC103,2863,디지로카 Travel,롯데카드,본인,국내여행·일반적립,,9012,신용카드,,0,100000.0,,https://www.card-gorilla.com/card/detail/2863,86800,318100,Y,UC102,129.0,청춘대로 톡톡카드,KB국민카드,부모님 가족카드,카페·교통·간편결제,,신용카드,,300000.0,25000.0,368000.0,582800.0,Y,WRONG_CARD_BEFORE_PICKA,BEFORE_PICKA,0,300,300,픽카 이용 전 다른 카드를 사용하여 받을 수 있었던 혜택을 놓침,20%,5000.0,,,SYNTHETIC_RULE_MATCHING_V1,129-02,편의점 맞춤 혜택,편의점,21,할인,%,20.0,300000.0,,,5000.0,,,PICKA 표준 혜택 카테고리 '편의점' 시연 데이터,https://www.card-gorilla.com/card/detail/129,MISSED_WRONG_CARD,청춘대로 톡톡카드 | [Enjoy 서비스] 버거/패스트푸드 업종 20% 청구할인,300.0,KRW
ONE_TRANSACTION_PER_ROW,persona1,김서연,persona1@picka.app,24,2003-04-13,010-0842-5352,스타벅스 리워드|CJ ONE|대한항공 SKYPASS|네이버플러스 멤버십|신세계포인트,ADULT,,여성,대학생,서울 마포구,False,서울특별시,마포구,0,2026-07-24,[],,,,,,,,,자기관리와 여행을 즐기는 합리적 소비자,1000000,2026-05~2026-07,"온라인쇼핑·배달앱·카페 적립률 높은 카드, 대중교통 할인, 영화 할인 혜택",True,False,False,False,False,False,UNIVERSITY_STUDENT,KT,PUBLIC_TRANSIT,True,False,NONE,OTHER,False,False,0,,VERIFIED,"대학생·대중교통 중심 사용자. KT와 K-패스를 이용하며, 차량·하이패스·육아·복지·항공사 제휴 자격은 해당하지 않음.",3,UC101 | UC102 | UC103,노리2 체크카드(Global) | 청춘대로 톡톡카드 | 디지로카 Travel,노리2 체크카드(Global):생활·편의점·배달·문화 | 청춘대로 톡톡카드:카페·교통·간편결제 | 디지로카 Travel:국내여행·일반적립,july26-persona1-0031,july26-persona1-0031,2026-07,2026-07-09T07:30:00,제주항공,항공,대형마트 및 쇼핑,AIRLINE_MILEAGE,51400,5100,46300,신용카드,CARD,APPROVED,이마트 결제 · 마트/쇼핑 카테고리,,UC103,129,디지로카 Travel,KB국민카드,부모님 가족카드,카페·교통·간편결제,,5678,신용카드,,300000,25000.0,,https://www.card-gorilla.com/card/detail/129,368000,582800,Y,UC103,129.0,디지로카 Travel,KB국민카드,부모님 가족카드,카페·교통·간편결제,,신용카드,,300000.0,25000.0,368000.0,582800.0,Y,BENEFIT_RECEIVED,BENEFIT_APPLIED,5100,5100,0,,10%,5000.0,30000.0,24900.0,SYNTHETIC_RULE_MATCHING_V1,2455-02,항공/마일리지 맞춤 혜택,항공/마일리지,24,할인,%,10.0,300000.0,,,30000.0,,,PICKA 표준 혜택 카테고리 '항공/마일리지' 시연 데이터,https://www.card-gorilla.com/card/detail/2455,DISCOUNT_APPLIED,청춘대로 톡톡카드 | [Enjoy 서비스] 버거/패스트푸드 업종 20% 청구할인,1500.0,KRW
ONE_TRANSACTION_PER_ROW,persona1,김서연,persona1@picka.app,24,2003-04-13,010-0842-5352,스타벅스 리워드|CJ ONE|대한항공 SKYPASS|네이버플러스 멤버십|신세계포인트,ADULT,,여성,대학생,서울 마포구,False,서울특별시,마포구,0,2026-07-24,[],,,,,,,,,자기관리와 여행을 즐기는 합리적 소비자,1000000,2026-05~2026-07,"온라인쇼핑·배달앱·카페 적립률 높은 카드, 대중교통 할인, 영화 할인 혜택",True,False,False,False,False,False,UNIVERSITY_STUDENT,KT,PUBLIC_TRANSIT,True,False,NONE,OTHER,False,False,0,,VERIFIED,"대학생·대중교통 중심 사용자. KT와 K-패스를 이용하며, 차량·하이패스·육아·복지·항공사 제휴 자격은 해당하지 않음.",3,UC101 | UC102 | UC103,노리2 체크카드(Global) | 청춘대로 톡톡카드 | 디지로카 Travel,노리2 체크카드(Global):생활·편의점·배달·문화 | 청춘대로 톡톡카드:카페·교통·간편결제 | 디지로카 Travel:국내여행·일반적립,july26-persona1-0009,july26-persona1-0009,2026-07,2026-07-09T08:45:00,공항철도,교통,대중교통·택시,TRANSIT,5100,300,4800,신용카드,CARD,APPROVED,티머니 결제 · 교통 카테고리,,UC102,129,청춘대로 톡톡카드,KB국민카드,부모님 가족카드,카페·교통·간편결제,,5678,신용카드,,300000,25000.0,,https://www.card-gorilla.com/card/detail/129,368000,582800,Y,UC102,129.0,청춘대로 톡톡카드,KB국민카드,부모님 가족카드,카페·교통·간편결제,,신용카드,,300000.0,25000.0,368000.0,582800.0,Y,BENEFIT_RECEIVED,BENEFIT_APPLIED,300,300,0,,10%,5000.0,3400.0,3100.0,SYNTHETIC_RULE_MATCHING_V1,129-04,교통 맞춤 혜택,교통,20,할인,%,10.0,300000.0,,,5000.0,,,PICKA 표준 혜택 카테고리 '교통' 시연 데이터,https://www.card-gorilla.com/card/detail/129,DISCOUNT_APPLIED,"청춘대로 톡톡카드 | [Basic 서비스] 대중교통, 택시/이동통신요금 10% 청구할인",300.0,KRW
ONE_TRANSACTION_PER_ROW,persona1,김서연,persona1@picka.app,24,2003-04-13,010-0842-5352,스타벅스 리워드|CJ ONE|대한항공 SKYPASS|네이버플러스 멤버십|신세계포인트,ADULT,,여성,대학생,서울 마포구,False,서울특별시,마포구,0,2026-07-24,[],,,,,,,,,자기관리와 여행을 즐기는 합리적 소비자,1000000,2026-05~2026-07,"온라인쇼핑·배달앱·카페 적립률 높은 카드, 대중교통 할인, 영화 할인 혜택",True,False,False,False,False,False,UNIVERSITY_STUDENT,KT,PUBLIC_TRANSIT,True,False,NONE,OTHER,False,False,0,,VERIFIED,"대학생·대중교통 중심 사용자. KT와 K-패스를 이용하며, 차량·하이패스·육아·복지·항공사 제휴 자격은 해당하지 않음.",3,UC101 | UC102 | UC103,노리2 체크카드(Global) | 청춘대로 톡톡카드 | 디지로카 Travel,노리2 체크카드(Global):생활·편의점·배달·문화 | 청춘대로 톡톡카드:카페·교통·간편결제 | 디지로카 Travel:국내여행·일반적립,july26-persona1-0026,july26-persona1-0026,2026-07,2026-07-09T19:30:00,야놀자 (제주 3박),여행,숙박 및 여행,TRAVEL_LODGING,157100,0,157100,신용카드,CARD,APPROVED,야놀자 결제 · 여행/숙박 카테고리,,UC102,129,청춘대로 톡톡카드,KB국민카드,부모님 가족카드,카페·교통·간편결제,,5678,신용카드,,300000,25000.0,,https://www.card-gorilla.com/card/detail/129,368000,582800,Y,UC103,129.0,디지로카 Travel,KB국민카드,부모님 가족카드,카페·교통·간편결제,,신용카드,,300000.0,25000.0,368000.0,582800.0,Y,WRONG_CARD_BEFORE_PICKA,BEFORE_PICKA,0,18900,18900,더 높은 혜택의 보유 카드를 두고 다른 카드로 결제,12%,5000.0,,,SYNTHETIC_RULE_MATCHING_V1,2455-01,여행/숙박 맞춤 혜택,여행/숙박,38,할인,%,12.0,300000.0,,,30000.0,,,PICKA 표준 혜택 카테고리 '여행/숙박' 시연 데이터,https://www.card-gorilla.com/card/detail/2455,MISSED_WRONG_CARD,청춘대로 톡톡카드 | [Check 서비스] 간편결제(Pay) 10% 청구할인,9000.0,KRW
ONE_TRANSACTION_PER_ROW,persona1,김서연,persona1@picka.app,24,2003-04-13,010-0842-5352,스타벅스 리워드|CJ ONE|대한항공 SKYPASS|네이버플러스 멤버십|신세계포인트,ADULT,,여성,대학생,서울 마포구,False,서울특별시,마포구,0,2026-07-24,[],,,,,,,,,자기관리와 여행을 즐기는 합리적 소비자,1000000,2026-05~2026-07,"온라인쇼핑·배달앱·카페 적립률 높은 카드, 대중교통 할인, 영화 할인 혜택",True,False,False,False,False,False,UNIVERSITY_STUDENT,KT,PUBLIC_TRANSIT,True,False,NONE,OTHER,False,False,0,,VERIFIED,"대학생·대중교통 중심 사용자. KT와 K-패스를 이용하며, 차량·하이패스·육아·복지·항공사 제휴 자격은 해당하지 않음.",3,UC101 | UC102 | UC103,노리2 체크카드(Global) | 청춘대로 톡톡카드 | 디지로카 Travel,노리2 체크카드(Global):생활·편의점·배달·문화 | 청춘대로 톡톡카드:카페·교통·간편결제 | 디지로카 Travel:국내여행·일반적립,july26-persona1-0017,july26-persona1-0017,2026-07,2026-07-10T09:15:00,스타벅스 제주공항점,카페,카페 및 디저트,CAFE_DESSERT,11200,0,11200,신용카드,CARD,APPROVED,스타벅스 결제 · 카페/디저트 카테고리,,UC103,2863,디지로카 Travel,롯데카드,본인,국내여행·일반적립,,9012,신용카드,,0,100000.0,,https://www.card-gorilla.com/card/detail/2863,86800,318100,Y,UC102,129.0,청춘대로 톡톡카드,KB국민카드,부모님 가족카드,카페·교통·간편결제,,신용카드,,300000.0,25000.0,368000.0,582800.0,Y,WRONG_CARD_BEFORE_PICKA,BEFORE_PICKA,0,300,300,픽카 이용 전 다른 카드를 사용하여 받을 수 있었던 혜택을 놓침,10%,5000.0,,,SYNTHETIC_RULE_MATCHING_V1,129-04,카페/디저트 맞춤 혜택,카페/디저트,45,할인,%,10.0,300000.0,,,5000.0,,,PICKA 표준 혜택 카테고리 '카페/디저트' 시연 데이터,https://www.card-gorilla.com/card/detail/129,MISSED_WRONG_CARD,"청춘대로 톡톡카드 | [Basic 서비스] 대중교통, 택시/이동통신요금 10% 청구할인",300.0,KRW
ONE_TRANSACTION_PER_ROW,persona1,김서연,persona1@picka.app,24,2003-04-13,010-0842-5352,스타벅스 리워드|CJ ONE|대한항공 SKYPASS|네이버플러스 멤버십|신세계포인트,ADULT,,여성,대학생,서울 마포구,False,서울특별시,마포구,0,2026-07-24,[],,,,,,,,,자기관리와 여행을 즐기는 합리적 소비자,1000000,2026-05~2026-07,"온라인쇼핑·배달앱·카페 적립률 높은 카드, 대중교통 할인, 영화 할인 혜택",True,False,False,False,False,False,UNIVERSITY_STUDENT,KT,PUBLIC_TRANSIT,True,False,NONE,OTHER,False,False,0,,VERIFIED,"대학생·대중교통 중심 사용자. KT와 K-패스를 이용하며, 차량·하이패스·육아·복지·항공사 제휴 자격은 해당하지 않음.",3,UC101 | UC102 | UC103,노리2 체크카드(Global) | 청춘대로 톡톡카드 | 디지로카 Travel,노리2 체크카드(Global):생활·편의점·배달·문화 | 청춘대로 톡톡카드:카페·교통·간편결제 | 디지로카 Travel:국내여행·일반적립,july26-persona1-0027,july26-persona1-0027,2026-07,2026-07-10T12:40:00,제주 흑돼지집,외식,음식점,FOOD_DINING,18000,0,18000,체크카드,CARD,APPROVED,한식당 결제 · 푸드/외식 카테고리,,UC101,2423,노리2 체크카드(Global),KB국민카드,본인,생활·편의점·배달·문화,,1234,체크카드,,200000,70000.0,,https://www.card-gorilla.com/card/detail/2423,565200,89100,Y,UC102,129.0,청춘대로 톡톡카드,KB국민카드,부모님 가족카드,카페·교통·간편결제,,신용카드,,300000.0,25000.0,368000.0,582800.0,Y,WRONG_CARD_BEFORE_PICKA,BEFORE_PICKA,0,400,400,픽카 이용 전 다른 카드를 사용하여 받을 수 있었던 혜택을 놓침,20%,5000.0,,,SYNTHETIC_RULE_MATCHING_V1,129-02,푸드/외식 맞춤 혜택,푸드/외식,57,할인,%,20.0,300000.0,,,5000.0,,,PICKA 표준 혜택 카테고리 '푸드/외식' 시연 데이터,https://www.card-gorilla.com/card/detail/129,MISSED_WRONG_CARD,청춘대로 톡톡카드 | [Enjoy 서비스] 버거/패스트푸드 업종 20% 청구할인,500.0,KRW
ONE_TRANSACTION_PER_ROW,persona1,김서연,persona1@picka.app,24,2003-04-13,010-0842-5352,스타벅스 리워드|CJ ONE|대한항공 SKYPASS|네이버플러스 멤버십|신세계포인트,ADULT,,여성,대학생,서울 마포구,False,서울특별시,마포구,0,2026-07-24,[],,,,,,,,,자기관리와 여행을 즐기는 합리적 소비자,1000000,2026-05~2026-07,"온라인쇼핑·배달앱·카페 적립률 높은 카드, 대중교통 할인, 영화 할인 혜택",True,False,False,False,False,False,UNIVERSITY_STUDENT,KT,PUBLIC_TRANSIT,True,False,NONE,OTHER,False,False,0,,VERIFIED,"대학생·대중교통 중심 사용자. KT와 K-패스를 이용하며, 차량·하이패스·육아·복지·항공사 제휴 자격은 해당하지 않음.",3,UC101 | UC102 | UC103,노리2 체크카드(Global) | 청춘대로 톡톡카드 | 디지로카 Travel,노리2 체크카드(Global):생활·편의점·배달·문화 | 청춘대로 톡톡카드:카페·교통·간편결제 | 디지로카 Travel:국내여행·일반적립,july26-persona1-0028,july26-persona1-0028,2026-07,2026-07-10T18:05:00,카카오 T,교통,대중교통·택시,TRANSIT,13900,0,13900,신용카드,CARD,APPROVED,카카오 T 결제 · 교통 카테고리,,UC103,2863,디지로카 Travel,롯데카드,본인,국내여행·일반적립,,9012,신용카드,,0,100000.0,,https://www.card-gorilla.com/card/detail/2863,86800,318100,Y,UC102,129.0,청춘대로 톡톡카드,KB국민카드,부모님 가족카드,카페·교통·간편결제,,신용카드,,300000.0,25000.0,368000.0,582800.0,Y,WRONG_CARD_BEFORE_PICKA,BEFORE_PICKA,0,300,300,픽카 이용 전 다른 카드를 사용하여 받을 수 있었던 혜택을 놓침,20%,5000.0,,,SYNTHETIC_RULE_MATCHING_V1,129-02,교통 맞춤 혜택,교통,20,할인,%,20.0,300000.0,,,5000.0,,,PICKA 표준 혜택 카테고리 '교통' 시연 데이터,https://www.card-gorilla.com/card/detail/129,MISSED_WRONG_CARD,청춘대로 톡톡카드 | [Enjoy 서비스] 버거/패스트푸드 업종 20% 청구할인,400.0,KRW
ONE_TRANSACTION_PER_ROW,persona1,김서연,persona1@picka.app,24,2003-04-13,010-0842-5352,스타벅스 리워드|CJ ONE|대한항공 SKYPASS|네이버플러스 멤버십|신세계포인트,ADULT,,여성,대학생,서울 마포구,False,서울특별시,마포구,0,2026-07-24,[],,,,,,,,,자기관리와 여행을 즐기는 합리적 소비자,1000000,2026-05~2026-07,"온라인쇼핑·배달앱·카페 적립률 높은 카드, 대중교통 할인, 영화 할인 혜택",True,False,False,False,False,False,UNIVERSITY_STUDENT,KT,PUBLIC_TRANSIT,True,False,NONE,OTHER,False,False,0,,VERIFIED,"대학생·대중교통 중심 사용자. KT와 K-패스를 이용하며, 차량·하이패스·육아·복지·항공사 제휴 자격은 해당하지 않음.",3,UC101 | UC102 | UC103,노리2 체크카드(Global) | 청춘대로 톡톡카드 | 디지로카 Travel,노리2 체크카드(Global):생활·편의점·배달·문화 | 청춘대로 톡톡카드:카페·교통·간편결제 | 디지로카 Travel:국내여행·일반적립,july26-persona1-0015,july26-persona1-0015,2026-07,2026-07-11T11:30:00,제주 해물뚝배기,외식,음식점,FOOD_DINING,21800,600,21200,신용카드,CARD,APPROVED,김밥전문점 결제 · 푸드/외식 카테고리,,UC102,129,청춘대로 톡톡카드,KB국민카드,부모님 가족카드,카페·교통·간편결제,,5678,신용카드,,300000,25000.0,,https://www.card-gorilla.com/card/detail/129,368000,582800,Y,UC102,129.0,청춘대로 톡톡카드,KB국민카드,부모님 가족카드,카페·교통·간편결제,,신용카드,,300000.0,25000.0,368000.0,582800.0,Y,BENEFIT_RECEIVED,BENEFIT_APPLIED,600,600,0,,20%,5000.0,5000.0,4400.0,SYNTHETIC_RULE_MATCHING_V1,129-02,푸드/외식 맞춤 혜택,푸드/외식,57,할인,%,20.0,300000.0,,,5000.0,,,PICKA 표준 혜택 카테고리 '푸드/외식' 시연 데이터,https://www.card-gorilla.com/card/detail/129,DISCOUNT_APPLIED,청춘대로 톡톡카드 | [Enjoy 서비스] 버거/패스트푸드 업종 20% 청구할인,700.0,KRW
ONE_TRANSACTION_PER_ROW,persona1,김서연,persona1@picka.app,24,2003-04-13,010-0842-5352,스타벅스 리워드|CJ ONE|대한항공 SKYPASS|네이버플러스 멤버십|신세계포인트,ADULT,,여성,대학생,서울 마포구,False,서울특별시,마포구,0,2026-07-24,[],,,,,,,,,자기관리와 여행을 즐기는 합리적 소비자,1000000,2026-05~2026-07,"온라인쇼핑·배달앱·카페 적립률 높은 카드, 대중교통 할인, 영화 할인 혜택",True,False,False,False,False,False,UNIVERSITY_STUDENT,KT,PUBLIC_TRANSIT,True,False,NONE,OTHER,False,False,0,,VERIFIED,"대학생·대중교통 중심 사용자. KT와 K-패스를 이용하며, 차량·하이패스·육아·복지·항공사 제휴 자격은 해당하지 않음.",3,UC101 | UC102 | UC103,노리2 체크카드(Global) | 청춘대로 톡톡카드 | 디지로카 Travel,노리2 체크카드(Global):생활·편의점·배달·문화 | 청춘대로 톡톡카드:카페·교통·간편결제 | 디지로카 Travel:국내여행·일반적립,july26-persona1-0021,july26-persona1-0021,2026-07,2026-07-11T20:30:00,메가커피,카페,카페 및 디저트,CAFE_DESSERT,13600,300,13300,신용카드,CARD,APPROVED,메가커피 결제 · 카페/디저트 카테고리,,UC102,129,청춘대로 톡톡카드,KB국민카드,부모님 가족카드,카페·교통·간편결제,,5678,신용카드,,300000,25000.0,,https://www.card-gorilla.com/card/detail/129,368000,582800,Y,UC102,129.0,청춘대로 톡톡카드,KB국민카드,부모님 가족카드,카페·교통·간편결제,,신용카드,,300000.0,25000.0,368000.0,582800.0,Y,BENEFIT_RECEIVED,BENEFIT_APPLIED,300,300,0,,50%,10000.0,10000.0,9700.0,SYNTHETIC_RULE_MATCHING_V1,129-01,카페/디저트 맞춤 혜택,카페/디저트,45,할인,%,50.0,300000.0,,,10000.0,,,PICKA 표준 혜택 카테고리 '카페/디저트' 시연 데이터,https://www.card-gorilla.com/card/detail/129,DISCOUNT_APPLIED,청춘대로 톡톡카드 | [Great 서비스] 스타벅스 50% 청구할인,400.0,KRW
ONE_TRANSACTION_PER_ROW,persona1,김서연,persona1@picka.app,24,2003-04-13,010-0842-5352,스타벅스 리워드|CJ ONE|대한항공 SKYPASS|네이버플러스 멤버십|신세계포인트,ADULT,,여성,대학생,서울 마포구,False,서울특별시,마포구,0,2026-07-24,[],,,,,,,,,자기관리와 여행을 즐기는 합리적 소비자,1000000,2026-05~2026-07,"온라인쇼핑·배달앱·카페 적립률 높은 카드, 대중교통 할인, 영화 할인 혜택",True,False,False,False,False,False,UNIVERSITY_STUDENT,KT,PUBLIC_TRANSIT,True,False,NONE,OTHER,False,False,0,,VERIFIED,"대학생·대중교통 중심 사용자. KT와 K-패스를 이용하며, 차량·하이패스·육아·복지·항공사 제휴 자격은 해당하지 않음.",3,UC101 | UC102 | UC103,노리2 체크카드(Global) | 청춘대로 톡톡카드 | 디지로카 Travel,노리2 체크카드(Global):생활·편의점·배달·문화 | 청춘대로 톡톡카드:카페·교통·간편결제 | 디지로카 Travel:국내여행·일반적립,july26-persona1-0022,july26-persona1-0022,2026-07,2026-07-12T14:20:00,CJ ONE,멤버십,포인트 적립·사용,MEMBERSHIP_POINTS,5600,0,5600,신용카드,CARD,APPROVED,CJ ONE 결제 · 멤버십/포인트 카테고리,,UC103,2863,디지로카 Travel,롯데카드,본인,국내여행·일반적립,,9012,신용카드,,0,100000.0,,https://www.card-gorilla.com/card/detail/2863,86800,318100,Y,UC102,129.0,청춘대로 톡톡카드,KB국민카드,부모님 가족카드,카페·교통·간편결제,,신용카드,,300000.0,25000.0,368000.0,582800.0,Y,WRONG_CARD_BEFORE_PICKA,BEFORE_PICKA,0,200,200,픽카 이용 전 다른 카드를 사용하여 받을 수 있었던 혜택을 놓침,50%,10000.0,,,SYNTHETIC_RULE_MATCHING_V1,129-01,멤버십/포인트 맞춤 혜택,멤버십/포인트,51,할인,%,50.0,300000.0,,,10000.0,,,PICKA 표준 혜택 카테고리 '멤버십/포인트' 시연 데이터,https://www.card-gorilla.com/card/detail/129,MISSED_WRONG_CARD,청춘대로 톡톡카드 | [Great 서비스] 스타벅스 50% 청구할인,200.0,KRW
ONE_TRANSACTION_PER_ROW,persona1,김서연,persona1@picka.app,24,2003-04-13,010-0842-5352,스타벅스 리워드|CJ ONE|대한항공 SKYPASS|네이버플러스 멤버십|신세계포인트,ADULT,,여성,대학생,서울 마포구,False,서울특별시,마포구,0,2026-07-24,[],,,,,,,,,자기관리와 여행을 즐기는 합리적 소비자,1000000,2026-05~2026-07,"온라인쇼핑·배달앱·카페 적립률 높은 카드, 대중교통 할인, 영화 할인 혜택",True,False,False,False,False,False,UNIVERSITY_STUDENT,KT,PUBLIC_TRANSIT,True,False,NONE,OTHER,False,False,0,,VERIFIED,"대학생·대중교통 중심 사용자. KT와 K-패스를 이용하며, 차량·하이패스·육아·복지·항공사 제휴 자격은 해당하지 않음.",3,UC101 | UC102 | UC103,노리2 체크카드(Global) | 청춘대로 톡톡카드 | 디지로카 Travel,노리2 체크카드(Global):생활·편의점·배달·문화 | 청춘대로 톡톡카드:카페·교통·간편결제 | 디지로카 Travel:국내여행·일반적립,july26-persona1-0008,july26-persona1-0008,2026-07,2026-07-13T11:50:00,카카오페이,간편결제,온라인 간편결제,EASY_PAY,28200,700,27500,신용카드,CARD,APPROVED,카카오페이 결제 · 간편결제 카테고리,,UC102,129,청춘대로 톡톡카드,KB국민카드,부모님 가족카드,카페·교통·간편결제,,5678,신용카드,,300000,25000.0,,https://www.card-gorilla.com/card/detail/129,368000,582800,Y,UC102,129.0,청춘대로 톡톡카드,KB국민카드,부모님 가족카드,카페·교통·간편결제,,신용카드,,300000.0,25000.0,368000.0,582800.0,Y,BENEFIT_RECEIVED,BENEFIT_APPLIED,700,700,0,,10%,5000.0,3100.0,2400.0,SYNTHETIC_RULE_MATCHING_V1,129-04,간편결제 맞춤 혜택,간편결제,45,할인,%,10.0,300000.0,,,5000.0,,,PICKA 표준 혜택 카테고리 '간편결제' 시연 데이터,https://www.card-gorilla.com/card/detail/129,DISCOUNT_APPLIED,"청춘대로 톡톡카드 | [Basic 서비스] 대중교통, 택시/이동통신요금 10% 청구할인",800.0,KRW
ONE_TRANSACTION_PER_ROW,persona1,김서연,persona1@picka.app,24,2003-04-13,010-0842-5352,스타벅스 리워드|CJ ONE|대한항공 SKYPASS|네이버플러스 멤버십|신세계포인트,ADULT,,여성,대학생,서울 마포구,False,서울특별시,마포구,0,2026-07-24,[],,,,,,,,,자기관리와 여행을 즐기는 합리적 소비자,1000000,2026-05~2026-07,"온라인쇼핑·배달앱·카페 적립률 높은 카드, 대중교통 할인, 영화 할인 혜택",True,False,False,False,False,False,UNIVERSITY_STUDENT,KT,PUBLIC_TRANSIT,True,False,NONE,OTHER,False,False,0,,VERIFIED,"대학생·대중교통 중심 사용자. KT와 K-패스를 이용하며, 차량·하이패스·육아·복지·항공사 제휴 자격은 해당하지 않음.",3,UC101 | UC102 | UC103,노리2 체크카드(Global) | 청춘대로 톡톡카드 | 디지로카 Travel,노리2 체크카드(Global):생활·편의점·배달·문화 | 청춘대로 톡톡카드:카페·교통·간편결제 | 디지로카 Travel:국내여행·일반적립,july26-persona1-0025,july26-persona1-0025,2026-07,2026-07-14T11:45:00,투썸플레이스,카페,카페 및 디저트,CAFE_DESSERT,5100,0,5100,신용카드,CARD,APPROVED,투썸플레이스 결제 · 카페/디저트 카테고리,,UC103,2863,디지로카 Travel,롯데카드,본인,국내여행·일반적립,,9012,신용카드,,0,100000.0,,https://www.card-gorilla.com/card/detail/2863,86800,318100,Y,UC102,129.0,청춘대로 톡톡카드,KB국민카드,부모님 가족카드,카페·교통·간편결제,,신용카드,,300000.0,25000.0,368000.0,582800.0,Y,WRONG_CARD_BEFORE_PICKA,BEFORE_PICKA,0,200,200,픽카 이용 전 다른 카드를 사용하여 받을 수 있었던 혜택을 놓침,50%,10000.0,,,SYNTHETIC_RULE_MATCHING_V1,129-01,카페/디저트 맞춤 혜택,카페/디저트,45,할인,%,50.0,300000.0,,,10000.0,,,PICKA 표준 혜택 카테고리 '카페/디저트' 시연 데이터,https://www.card-gorilla.com/card/detail/129,MISSED_WRONG_CARD,청춘대로 톡톡카드 | [Great 서비스] 스타벅스 50% 청구할인,200.0,KRW
ONE_TRANSACTION_PER_ROW,persona1,김서연,persona1@picka.app,24,2003-04-13,010-0842-5352,스타벅스 리워드|CJ ONE|대한항공 SKYPASS|네이버플러스 멤버십|신세계포인트,ADULT,,여성,대학생,서울 마포구,False,서울특별시,마포구,0,2026-07-24,[],,,,,,,,,자기관리와 여행을 즐기는 합리적 소비자,1000000,2026-05~2026-07,"온라인쇼핑·배달앱·카페 적립률 높은 카드, 대중교통 할인, 영화 할인 혜택",True,False,False,False,False,False,UNIVERSITY_STUDENT,KT,PUBLIC_TRANSIT,True,False,NONE,OTHER,False,False,0,,VERIFIED,"대학생·대중교통 중심 사용자. KT와 K-패스를 이용하며, 차량·하이패스·육아·복지·항공사 제휴 자격은 해당하지 않음.",3,UC101 | UC102 | UC103,노리2 체크카드(Global) | 청춘대로 톡톡카드 | 디지로카 Travel,노리2 체크카드(Global):생활·편의점·배달·문화 | 청춘대로 톡톡카드:카페·교통·간편결제 | 디지로카 Travel:국내여행·일반적립,july26-persona1-0012,july26-persona1-0012,2026-07,2026-07-14T19:10:00,서울교통공사,교통,대중교통·택시,TRANSIT,15600,400,15200,신용카드,CARD,APPROVED,서울교통공사 결제 · 교통 카테고리,,UC102,129,청춘대로 톡톡카드,KB국민카드,부모님 가족카드,카페·교통·간편결제,,5678,신용카드,,300000,25000.0,,https://www.card-gorilla.com/card/detail/129,368000,582800,Y,UC102,129.0,청춘대로 톡톡카드,KB국민카드,부모님 가족카드,카페·교통·간편결제,,신용카드,,300000.0,25000.0,368000.0,582800.0,Y,BENEFIT_RECEIVED,BENEFIT_APPLIED,400,400,0,,20%,5000.0,4400.0,4000.0,SYNTHETIC_RULE_MATCHING_V1,129-02,교통 맞춤 혜택,교통,20,할인,%,20.0,300000.0,,,5000.0,,,PICKA 표준 혜택 카테고리 '교통' 시연 데이터,https://www.card-gorilla.com/card/detail/129,DISCOUNT_APPLIED,청춘대로 톡톡카드 | [Enjoy 서비스] 버거/패스트푸드 업종 20% 청구할인,500.0,KRW
ONE_TRANSACTION_PER_ROW,persona1,김서연,persona1@picka.app,24,2003-04-13,010-0842-5352,스타벅스 리워드|CJ ONE|대한항공 SKYPASS|네이버플러스 멤버십|신세계포인트,ADULT,,여성,대학생,서울 마포구,False,서울특별시,마포구,0,2026-07-24,[],,,,,,,,,자기관리와 여행을 즐기는 합리적 소비자,1000000,2026-05~2026-07,"온라인쇼핑·배달앱·카페 적립률 높은 카드, 대중교통 할인, 영화 할인 혜택",True,False,False,False,False,False,UNIVERSITY_STUDENT,KT,PUBLIC_TRANSIT,True,False,NONE,OTHER,False,False,0,,VERIFIED,"대학생·대중교통 중심 사용자. KT와 K-패스를 이용하며, 차량·하이패스·육아·복지·항공사 제휴 자격은 해당하지 않음.",3,UC101 | UC102 | UC103,노리2 체크카드(Global) | 청춘대로 톡톡카드 | 디지로카 Travel,노리2 체크카드(Global):생활·편의점·배달·문화 | 청춘대로 톡톡카드:카페·교통·간편결제 | 디지로카 Travel:국내여행·일반적립,july26-persona1-0032,july26-persona1-0032,2026-07,2026-07-15T07:45:00,CGV,문화,영화 및 문화,MOVIE_CULTURE,26300,0,26300,신용카드,CARD,APPROVED,CGV 결제 · 영화/문화 카테고리,,UC102,129,청춘대로 톡톡카드,KB국민카드,부모님 가족카드,카페·교통·간편결제,,5678,신용카드,,300000,25000.0,,https://www.card-gorilla.com/card/detail/129,368000,582800,Y,UC101,2423.0,노리2 체크카드(Global),KB국민카드,본인,생활·편의점·배달·문화,,체크카드,,200000.0,70000.0,565200.0,89100.0,Y,WRONG_CARD_BEFORE_PICKA,BEFORE_PICKA,0,800,800,픽카 이용 전 다른 카드를 사용하여 받을 수 있었던 혜택을 놓침,4000원,8000.0,,,SYNTHETIC_RULE_MATCHING_V1,2423-09,영화/문화 맞춤 혜택,영화/문화,55,할인,원,4000.0,200000.0,,,8000.0,,,PICKA 표준 혜택 카테고리 '영화/문화' 시연 데이터,https://www.card-gorilla.com/card/detail/2423,MISSED_WRONG_CARD,"노리2 체크카드(Global) | [일상] CGV 4,000원 할인",800.0,KRW
ONE_TRANSACTION_PER_ROW,persona1,김서연,persona1@picka.app,24,2003-04-13,010-0842-5352,스타벅스 리워드|CJ ONE|대한항공 SKYPASS|네이버플러스 멤버십|신세계포인트,ADULT,,여성,대학생,서울 마포구,False,서울특별시,마포구,0,2026-07-24,[],,,,,,,,,자기관리와 여행을 즐기는 합리적 소비자,1000000,2026-05~2026-07,"온라인쇼핑·배달앱·카페 적립률 높은 카드, 대중교통 할인, 영화 할인 혜택",True,False,False,False,False,False,UNIVERSITY_STUDENT,KT,PUBLIC_TRANSIT,True,False,NONE,OTHER,False,False,0,,VERIFIED,"대학생·대중교통 중심 사용자. KT와 K-패스를 이용하며, 차량·하이패스·육아·복지·항공사 제휴 자격은 해당하지 않음.",3,UC101 | UC102 | UC103,노리2 체크카드(Global) | 청춘대로 톡톡카드 | 디지로카 Travel,노리2 체크카드(Global):생활·편의점·배달·문화 | 청춘대로 톡톡카드:카페·교통·간편결제 | 디지로카 Travel:국내여행·일반적립,july26-persona1-0033,july26-persona1-0033,2026-07,2026-07-15T09:05:00,한국전력공사,공과금,생활요금,UTILITIES,65900,1800,64100,신용카드,CARD,APPROVED,한국전력공사 결제 · 공과금/생활요금 카테고리,,UC102,129,청춘대로 톡톡카드,KB국민카드,부모님 가족카드,카페·교통·간편결제,,5678,신용카드,,300000,25000.0,,https://www.card-gorilla.com/card/detail/129,368000,582800,Y,UC102,129.0,청춘대로 톡톡카드,KB국민카드,부모님 가족카드,카페·교통·간편결제,,신용카드,,300000.0,25000.0,368000.0,582800.0,Y,BENEFIT_RECEIVED,BENEFIT_APPLIED,1800,1800,0,,10%,5000.0,2400.0,600.0,SYNTHETIC_RULE_MATCHING_V1,129-04,공과금/생활요금 맞춤 혜택,공과금/생활요금,3,할인,%,10.0,300000.0,,,5000.0,,,PICKA 표준 혜택 카테고리 '공과금/생활요금' 시연 데이터,https://www.card-gorilla.com/card/detail/129,DISCOUNT_APPLIED,"청춘대로 톡톡카드 | [Basic 서비스] 대중교통, 택시/이동통신요금 10% 청구할인",2100.0,KRW
ONE_TRANSACTION_PER_ROW,persona1,김서연,persona1@picka.app,24,2003-04-13,010-0842-5352,스타벅스 리워드|CJ ONE|대한항공 SKYPASS|네이버플러스 멤버십|신세계포인트,ADULT,,여성,대학생,서울 마포구,False,서울특별시,마포구,0,2026-07-24,[],,,,,,,,,자기관리와 여행을 즐기는 합리적 소비자,1000000,2026-05~2026-07,"온라인쇼핑·배달앱·카페 적립률 높은 카드, 대중교통 할인, 영화 할인 혜택",True,False,False,False,False,False,UNIVERSITY_STUDENT,KT,PUBLIC_TRANSIT,True,False,NONE,OTHER,False,False,0,,VERIFIED,"대학생·대중교통 중심 사용자. KT와 K-패스를 이용하며, 차량·하이패스·육아·복지·항공사 제휴 자격은 해당하지 않음.",3,UC101 | UC102 | UC103,노리2 체크카드(Global) | 청춘대로 톡톡카드 | 디지로카 Travel,노리2 체크카드(Global):생활·편의점·배달·문화 | 청춘대로 톡톡카드:카페·교통·간편결제 | 디지로카 Travel:국내여행·일반적립,july26-persona1-0014,july26-persona1-0014,2026-07,2026-07-15T12:05:00,경기버스,교통,대중교통·택시,TRANSIT,17200,400,16800,신용카드,CARD,APPROVED,경기버스 결제 · 교통 카테고리,,UC102,129,청춘대로 톡톡카드,KB국민카드,부모님 가족카드,카페·교통·간편결제,,5678,신용카드,,300000,25000.0,,https://www.card-gorilla.com/card/detail/129,368000,582800,Y,UC102,129.0,청춘대로 톡톡카드,KB국민카드,부모님 가족카드,카페·교통·간편결제,,신용카드,,300000.0,25000.0,368000.0,582800.0,Y,BENEFIT_RECEIVED,BENEFIT_APPLIED,400,400,0,,20%,5000.0,4000.0,3600.0,SYNTHETIC_RULE_MATCHING_V1,129-02,교통 맞춤 혜택,교통,20,할인,%,20.0,300000.0,,,5000.0,,,PICKA 표준 혜택 카테고리 '교통' 시연 데이터,https://www.card-gorilla.com/card/detail/129,DISCOUNT_APPLIED,청춘대로 톡톡카드 | [Enjoy 서비스] 버거/패스트푸드 업종 20% 청구할인,500.0,KRW
ONE_TRANSACTION_PER_ROW,persona1,김서연,persona1@picka.app,24,2003-04-13,010-0842-5352,스타벅스 리워드|CJ ONE|대한항공 SKYPASS|네이버플러스 멤버십|신세계포인트,ADULT,,여성,대학생,서울 마포구,False,서울특별시,마포구,0,2026-07-24,[],,,,,,,,,자기관리와 여행을 즐기는 합리적 소비자,1000000,2026-05~2026-07,"온라인쇼핑·배달앱·카페 적립률 높은 카드, 대중교통 할인, 영화 할인 혜택",True,False,False,False,False,False,UNIVERSITY_STUDENT,KT,PUBLIC_TRANSIT,True,False,NONE,OTHER,False,False,0,,VERIFIED,"대학생·대중교통 중심 사용자. KT와 K-패스를 이용하며, 차량·하이패스·육아·복지·항공사 제휴 자격은 해당하지 않음.",3,UC101 | UC102 | UC103,노리2 체크카드(Global) | 청춘대로 톡톡카드 | 디지로카 Travel,노리2 체크카드(Global):생활·편의점·배달·문화 | 청춘대로 톡톡카드:카페·교통·간편결제 | 디지로카 Travel:국내여행·일반적립,july26-persona1-0020,july26-persona1-0020,2026-07,2026-07-15T15:10:00,쿠팡,온라인쇼핑,온라인 종합몰,ONLINE_SHOPPING,47600,1200,46400,신용카드,CARD,APPROVED,쿠팡 결제 · 온라인쇼핑 카테고리,,UC102,129,청춘대로 톡톡카드,KB국민카드,부모님 가족카드,카페·교통·간편결제,,5678,신용카드,,300000,25000.0,,https://www.card-gorilla.com/card/detail/129,368000,582800,Y,UC102,129.0,청춘대로 톡톡카드,KB국민카드,부모님 가족카드,카페·교통·간편결제,,신용카드,,300000.0,25000.0,368000.0,582800.0,Y,BENEFIT_RECEIVED,BENEFIT_APPLIED,1200,1200,0,,50%,10000.0,9700.0,8500.0,SYNTHETIC_RULE_MATCHING_V1,129-01,온라인쇼핑 맞춤 혜택,온라인쇼핑,7,할인,%,50.0,300000.0,,,10000.0,,,PICKA 표준 혜택 카테고리 '온라인쇼핑' 시연 데이터,https://www.card-gorilla.com/card/detail/129,DISCOUNT_APPLIED,청춘대로 톡톡카드 | [Great 서비스] 스타벅스 50% 청구할인,1400.0,KRW
ONE_TRANSACTION_PER_ROW,persona1,김서연,persona1@picka.app,24,2003-04-13,010-0842-5352,스타벅스 리워드|CJ ONE|대한항공 SKYPASS|네이버플러스 멤버십|신세계포인트,ADULT,,여성,대학생,서울 마포구,False,서울특별시,마포구,0,2026-07-24,[],,,,,,,,,자기관리와 여행을 즐기는 합리적 소비자,1000000,2026-05~2026-07,"온라인쇼핑·배달앱·카페 적립률 높은 카드, 대중교통 할인, 영화 할인 혜택",True,False,False,False,False,False,UNIVERSITY_STUDENT,KT,PUBLIC_TRANSIT,True,False,NONE,OTHER,False,False,0,,VERIFIED,"대학생·대중교통 중심 사용자. KT와 K-패스를 이용하며, 차량·하이패스·육아·복지·항공사 제휴 자격은 해당하지 않음.",3,UC101 | UC102 | UC103,노리2 체크카드(Global) | 청춘대로 톡톡카드 | 디지로카 Travel,노리2 체크카드(Global):생활·편의점·배달·문화 | 청춘대로 톡톡카드:카페·교통·간편결제 | 디지로카 Travel:국내여행·일반적립,july26-persona1-0029,july26-persona1-0029,2026-07,2026-07-15T17:30:00,배달의민족,배달,배달앱,DELIVERY,18400,0,18400,신용카드,CARD,APPROVED,배달의민족 결제 · 배달앱 카테고리,,UC103,2863,디지로카 Travel,롯데카드,본인,국내여행·일반적립,,9012,신용카드,,0,100000.0,,https://www.card-gorilla.com/card/detail/2863,86800,318100,Y,UC102,129.0,청춘대로 톡톡카드,KB국민카드,부모님 가족카드,카페·교통·간편결제,,신용카드,,300000.0,25000.0,368000.0,582800.0,Y,WRONG_CARD_BEFORE_PICKA,BEFORE_PICKA,0,500,500,픽카 이용 전 다른 카드를 사용하여 받을 수 있었던 혜택을 놓침,10%,5000.0,,,SYNTHETIC_RULE_MATCHING_V1,129-04,배달앱 맞춤 혜택,배달앱,19,할인,%,10.0,300000.0,,,5000.0,,,PICKA 표준 혜택 카테고리 '배달앱' 시연 데이터,https://www.card-gorilla.com/card/detail/129,MISSED_WRONG_CARD,"청춘대로 톡톡카드 | [Basic 서비스] 대중교통, 택시/이동통신요금 10% 청구할인",600.0,KRW
ONE_TRANSACTION_PER_ROW,persona1,김서연,persona1@picka.app,24,2003-04-13,010-0842-5352,스타벅스 리워드|CJ ONE|대한항공 SKYPASS|네이버플러스 멤버십|신세계포인트,ADULT,,여성,대학생,서울 마포구,False,서울특별시,마포구,0,2026-07-24,[],,,,,,,,,자기관리와 여행을 즐기는 합리적 소비자,1000000,2026-05~2026-07,"온라인쇼핑·배달앱·카페 적립률 높은 카드, 대중교통 할인, 영화 할인 혜택",True,False,False,False,False,False,UNIVERSITY_STUDENT,KT,PUBLIC_TRANSIT,True,False,NONE,OTHER,False,False,0,,VERIFIED,"대학생·대중교통 중심 사용자. KT와 K-패스를 이용하며, 차량·하이패스·육아·복지·항공사 제휴 자격은 해당하지 않음.",3,UC101 | UC102 | UC103,노리2 체크카드(Global) | 청춘대로 톡톡카드 | 디지로카 Travel,노리2 체크카드(Global):생활·편의점·배달·문화 | 청춘대로 톡톡카드:카페·교통·간편결제 | 디지로카 Travel:국내여행·일반적립,july26-persona1-0030,july26-persona1-0030,2026-07,2026-07-16T08:05:00,무인양품,생활,생활용품,LIVING,31500,600,30900,신용카드,CARD,APPROVED,무인양품 결제 · 생활 카테고리,,UC102,129,청춘대로 톡톡카드,KB국민카드,부모님 가족카드,카페·교통·간편결제,,5678,신용카드,,300000,25000.0,,https://www.card-gorilla.com/card/detail/129,368000,582800,Y,UC102,129.0,청춘대로 톡톡카드,KB국민카드,부모님 가족카드,카페·교통·간편결제,,신용카드,,300000.0,25000.0,368000.0,582800.0,Y,BENEFIT_RECEIVED,BENEFIT_APPLIED,600,800,200,,10%,5000.0,600.0,0.0,SYNTHETIC_RULE_MATCHING_V1,129-04,생활 맞춤 혜택,생활,22,할인,%,10.0,300000.0,,,5000.0,,,PICKA 표준 혜택 카테고리 '생활' 시연 데이터,https://www.card-gorilla.com/card/detail/129,DISCOUNT_APPLIED,"청춘대로 톡톡카드 | [Basic 서비스] 대중교통, 택시/이동통신요금 10% 청구할인",900.0,KRW
ONE_TRANSACTION_PER_ROW,persona1,김서연,persona1@picka.app,24,2003-04-13,010-0842-5352,스타벅스 리워드|CJ ONE|대한항공 SKYPASS|네이버플러스 멤버십|신세계포인트,ADULT,,여성,대학생,서울 마포구,False,서울특별시,마포구,0,2026-07-24,[],,,,,,,,,자기관리와 여행을 즐기는 합리적 소비자,1000000,2026-05~2026-07,"온라인쇼핑·배달앱·카페 적립률 높은 카드, 대중교통 할인, 영화 할인 혜택",True,False,False,False,False,False,UNIVERSITY_STUDENT,KT,PUBLIC_TRANSIT,True,False,NONE,OTHER,False,False,0,,VERIFIED,"대학생·대중교통 중심 사용자. KT와 K-패스를 이용하며, 차량·하이패스·육아·복지·항공사 제휴 자격은 해당하지 않음.",3,UC101 | UC102 | UC103,노리2 체크카드(Global) | 청춘대로 톡톡카드 | 디지로카 Travel,노리2 체크카드(Global):생활·편의점·배달·문화 | 청춘대로 톡톡카드:카페·교통·간편결제 | 디지로카 Travel:국내여행·일반적립,july26-persona1-0011,july26-persona1-0011,2026-07,2026-07-16T09:05:00,파리바게뜨,카페,카페 및 디저트,CAFE_DESSERT,12100,0,12100,신용카드,CARD,APPROVED,파리바게뜨 결제 · 카페/디저트 카테고리,,UC103,2863,디지로카 Travel,롯데카드,본인,국내여행·일반적립,,9012,신용카드,,0,100000.0,,https://www.card-gorilla.com/card/detail/2863,86800,318100,Y,UC102,129.0,청춘대로 톡톡카드,KB국민카드,부모님 가족카드,카페·교통·간편결제,,신용카드,,300000.0,25000.0,368000.0,582800.0,Y,WRONG_CARD_BEFORE_PICKA,BEFORE_PICKA,0,300,300,픽카 이용 전 다른 카드를 사용하여 받을 수 있었던 혜택을 놓침,10%,5000.0,,,SYNTHETIC_RULE_MATCHING_V1,129-04,카페/디저트 맞춤 혜택,카페/디저트,45,할인,%,10.0,300000.0,,,5000.0,,,PICKA 표준 혜택 카테고리 '카페/디저트' 시연 데이터,https://www.card-gorilla.com/card/detail/129,MISSED_WRONG_CARD,"청춘대로 톡톡카드 | [Basic 서비스] 대중교통, 택시/이동통신요금 10% 청구할인",400.0,KRW
ONE_TRANSACTION_PER_ROW,persona1,김서연,persona1@picka.app,24,2003-04-13,010-0842-5352,스타벅스 리워드|CJ ONE|대한항공 SKYPASS|네이버플러스 멤버십|신세계포인트,ADULT,,여성,대학생,서울 마포구,False,서울특별시,마포구,0,2026-07-24,[],,,,,,,,,자기관리와 여행을 즐기는 합리적 소비자,1000000,2026-05~2026-07,"온라인쇼핑·배달앱·카페 적립률 높은 카드, 대중교통 할인, 영화 할인 혜택",True,False,False,False,False,False,UNIVERSITY_STUDENT,KT,PUBLIC_TRANSIT,True,False,NONE,OTHER,False,False,0,,VERIFIED,"대학생·대중교통 중심 사용자. KT와 K-패스를 이용하며, 차량·하이패스·육아·복지·항공사 제휴 자격은 해당하지 않음.",3,UC101 | UC102 | UC103,노리2 체크카드(Global) | 청춘대로 톡톡카드 | 디지로카 Travel,노리2 체크카드(Global):생활·편의점·배달·문화 | 청춘대로 톡톡카드:카페·교통·간편결제 | 디지로카 Travel:국내여행·일반적립,july26-persona1-0002,july26-persona1-0002,2026-07,2026-07-16T21:55:00,이탈리안 레스토랑,외식,음식점,FOOD_DINING,30600,0,30600,신용카드,CARD,APPROVED,이탈리안 레스토랑 결제 · 푸드/외식 카테고리,,UC103,2863,디지로카 Travel,롯데카드,본인,국내여행·일반적립,,9012,신용카드,,0,100000.0,,https://www.card-gorilla.com/card/detail/2863,86800,318100,Y,UC102,129.0,청춘대로 톡톡카드,KB국민카드,부모님 가족카드,카페·교통·간편결제,,신용카드,,300000.0,25000.0,368000.0,582800.0,Y,WRONG_CARD_BEFORE_PICKA,BEFORE_PICKA,0,800,800,픽카 이용 전 다른 카드를 사용하여 받을 수 있었던 혜택을 놓침,20%,5000.0,,,SYNTHETIC_RULE_MATCHING_V1,129-02,푸드/외식 맞춤 혜택,푸드/외식,57,할인,%,20.0,300000.0,,,5000.0,,,PICKA 표준 혜택 카테고리 '푸드/외식' 시연 데이터,https://www.card-gorilla.com/card/detail/129,MISSED_WRONG_CARD,청춘대로 톡톡카드 | [Enjoy 서비스] 버거/패스트푸드 업종 20% 청구할인,900.0,KRW
ONE_TRANSACTION_PER_ROW,persona1,김서연,persona1@picka.app,24,2003-04-13,010-0842-5352,스타벅스 리워드|CJ ONE|대한항공 SKYPASS|네이버플러스 멤버십|신세계포인트,ADULT,,여성,대학생,서울 마포구,False,서울특별시,마포구,0,2026-07-24,[],,,,,,,,,자기관리와 여행을 즐기는 합리적 소비자,1000000,2026-05~2026-07,"온라인쇼핑·배달앱·카페 적립률 높은 카드, 대중교통 할인, 영화 할인 혜택",True,False,False,False,False,False,UNIVERSITY_STUDENT,KT,PUBLIC_TRANSIT,True,False,NONE,OTHER,False,False,0,,VERIFIED,"대학생·대중교통 중심 사용자. KT와 K-패스를 이용하며, 차량·하이패스·육아·복지·항공사 제휴 자격은 해당하지 않음.",3,UC101 | UC102 | UC103,노리2 체크카드(Global) | 청춘대로 톡톡카드 | 디지로카 Travel,노리2 체크카드(Global):생활·편의점·배달·문화 | 청춘대로 톡톡카드:카페·교통·간편결제 | 디지로카 Travel:국내여행·일반적립,july26-persona1-0024,july26-persona1-0024,2026-07,2026-07-18T09:30:00,온누리약국,의료,병원 및 약국,MEDICAL,36800,900,35900,신용카드,CARD,APPROVED,온누리약국 결제 · 병원/약국 카테고리,,UC102,129,청춘대로 톡톡카드,KB국민카드,부모님 가족카드,카페·교통·간편결제,,5678,신용카드,,300000,25000.0,,https://www.card-gorilla.com/card/detail/129,368000,582800,Y,UC102,129.0,청춘대로 톡톡카드,KB국민카드,부모님 가족카드,카페·교통·간편결제,,신용카드,,300000.0,25000.0,368000.0,582800.0,Y,BENEFIT_RECEIVED,BENEFIT_APPLIED,900,900,0,,20%,5000.0,3600.0,2700.0,SYNTHETIC_RULE_MATCHING_V1,129-02,병원/약국 맞춤 혜택,병원/약국,12,할인,%,20.0,300000.0,,,5000.0,,,PICKA 표준 혜택 카테고리 '병원/약국' 시연 데이터,https://www.card-gorilla.com/card/detail/129,DISCOUNT_APPLIED,청춘대로 톡톡카드 | [Enjoy 서비스] 버거/패스트푸드 업종 20% 청구할인,1100.0,KRW
ONE_TRANSACTION_PER_ROW,persona1,김서연,persona1@picka.app,24,2003-04-13,010-0842-5352,스타벅스 리워드|CJ ONE|대한항공 SKYPASS|네이버플러스 멤버십|신세계포인트,ADULT,,여성,대학생,서울 마포구,False,서울특별시,마포구,0,2026-07-24,[],,,,,,,,,자기관리와 여행을 즐기는 합리적 소비자,1000000,2026-05~2026-07,"온라인쇼핑·배달앱·카페 적립률 높은 카드, 대중교통 할인, 영화 할인 혜택",True,False,False,False,False,False,UNIVERSITY_STUDENT,KT,PUBLIC_TRANSIT,True,False,NONE,OTHER,False,False,0,,VERIFIED,"대학생·대중교통 중심 사용자. KT와 K-패스를 이용하며, 차량·하이패스·육아·복지·항공사 제휴 자격은 해당하지 않음.",3,UC101 | UC102 | UC103,노리2 체크카드(Global) | 청춘대로 톡톡카드 | 디지로카 Travel,노리2 체크카드(Global):생활·편의점·배달·문화 | 청춘대로 톡톡카드:카페·교통·간편결제 | 디지로카 Travel:국내여행·일반적립,july26-persona1-0019,july26-persona1-0019,2026-07,2026-07-18T11:10:00,토스페이,간편결제,온라인 간편결제,EASY_PAY,18200,0,18200,신용카드,CARD,APPROVED,토스페이 결제 · 간편결제 카테고리,,UC103,2863,디지로카 Travel,롯데카드,본인,국내여행·일반적립,,9012,신용카드,,0,100000.0,,https://www.card-gorilla.com/card/detail/2863,86800,318100,Y,UC102,129.0,청춘대로 톡톡카드,KB국민카드,부모님 가족카드,카페·교통·간편결제,,신용카드,,300000.0,25000.0,368000.0,582800.0,Y,WRONG_CARD_BEFORE_PICKA,BEFORE_PICKA,0,400,400,픽카 이용 전 다른 카드를 사용하여 받을 수 있었던 혜택을 놓침,10%,5000.0,,,SYNTHETIC_RULE_MATCHING_V1,129-04,간편결제 맞춤 혜택,간편결제,45,할인,%,10.0,300000.0,,,5000.0,,,PICKA 표준 혜택 카테고리 '간편결제' 시연 데이터,https://www.card-gorilla.com/card/detail/129,MISSED_WRONG_CARD,"청춘대로 톡톡카드 | [Basic 서비스] 대중교통, 택시/이동통신요금 10% 청구할인",500.0,KRW
ONE_TRANSACTION_PER_ROW,persona1,김서연,persona1@picka.app,24,2003-04-13,010-0842-5352,스타벅스 리워드|CJ ONE|대한항공 SKYPASS|네이버플러스 멤버십|신세계포인트,ADULT,,여성,대학생,서울 마포구,False,서울특별시,마포구,0,2026-07-24,[],,,,,,,,,자기관리와 여행을 즐기는 합리적 소비자,1000000,2026-05~2026-07,"온라인쇼핑·배달앱·카페 적립률 높은 카드, 대중교통 할인, 영화 할인 혜택",True,False,False,False,False,False,UNIVERSITY_STUDENT,KT,PUBLIC_TRANSIT,True,False,NONE,OTHER,False,False,0,,VERIFIED,"대학생·대중교통 중심 사용자. KT와 K-패스를 이용하며, 차량·하이패스·육아·복지·항공사 제휴 자격은 해당하지 않음.",3,UC101 | UC102 | UC103,노리2 체크카드(Global) | 청춘대로 톡톡카드 | 디지로카 Travel,노리2 체크카드(Global):생활·편의점·배달·문화 | 청춘대로 톡톡카드:카페·교통·간편결제 | 디지로카 Travel:국내여행·일반적립,july26-persona1-0005,july26-persona1-0005,2026-07,2026-07-18T22:25:00,올리브영,뷰티/피트니스,뷰티 및 운동,BEAUTY_FITNESS,58200,0,58200,신용카드,CARD,APPROVED,올리브영 결제 · 뷰티/피트니스 카테고리,,UC103,2863,디지로카 Travel,롯데카드,본인,국내여행·일반적립,,9012,신용카드,,0,100000.0,,https://www.card-gorilla.com/card/detail/2863,86800,318100,Y,UC102,129.0,청춘대로 톡톡카드,KB국민카드,부모님 가족카드,카페·교통·간편결제,,신용카드,,300000.0,25000.0,368000.0,582800.0,Y,WRONG_CARD_BEFORE_PICKA,BEFORE_PICKA,0,1400,1400,픽카 이용 전 다른 카드를 사용하여 받을 수 있었던 혜택을 놓침,20%,5000.0,,,SYNTHETIC_RULE_MATCHING_V1,129-02,뷰티/피트니스 맞춤 혜택,뷰티/피트니스,19,할인,%,20.0,300000.0,,,5000.0,,,PICKA 표준 혜택 카테고리 '뷰티/피트니스' 시연 데이터,https://www.card-gorilla.com/card/detail/129,MISSED_WRONG_CARD,청춘대로 톡톡카드 | [Enjoy 서비스] 버거/패스트푸드 업종 20% 청구할인,1700.0,KRW
ONE_TRANSACTION_PER_ROW,persona1,김서연,persona1@picka.app,24,2003-04-13,010-0842-5352,스타벅스 리워드|CJ ONE|대한항공 SKYPASS|네이버플러스 멤버십|신세계포인트,ADULT,,여성,대학생,서울 마포구,False,서울특별시,마포구,0,2026-07-24,[],,,,,,,,,자기관리와 여행을 즐기는 합리적 소비자,1000000,2026-05~2026-07,"온라인쇼핑·배달앱·카페 적립률 높은 카드, 대중교통 할인, 영화 할인 혜택",True,False,False,False,False,False,UNIVERSITY_STUDENT,KT,PUBLIC_TRANSIT,True,False,NONE,OTHER,False,False,0,,VERIFIED,"대학생·대중교통 중심 사용자. KT와 K-패스를 이용하며, 차량·하이패스·육아·복지·항공사 제휴 자격은 해당하지 않음.",3,UC101 | UC102 | UC103,노리2 체크카드(Global) | 청춘대로 톡톡카드 | 디지로카 Travel,노리2 체크카드(Global):생활·편의점·배달·문화 | 청춘대로 톡톡카드:카페·교통·간편결제 | 디지로카 Travel:국내여행·일반적립,july26-persona1-0018,july26-persona1-0018,2026-07,2026-07-19T16:20:00,코레일,교통,대중교통·택시,TRANSIT,17700,0,17700,신용카드,CARD,APPROVED,코레일 결제 · 교통 카테고리,,UC103,2863,디지로카 Travel,롯데카드,본인,국내여행·일반적립,,9012,신용카드,,0,100000.0,,https://www.card-gorilla.com/card/detail/2863,86800,318100,Y,UC102,129.0,청춘대로 톡톡카드,KB국민카드,부모님 가족카드,카페·교통·간편결제,,신용카드,,300000.0,25000.0,368000.0,582800.0,Y,WRONG_CARD_BEFORE_PICKA,BEFORE_PICKA,0,400,400,픽카 이용 전 다른 카드를 사용하여 받을 수 있었던 혜택을 놓침,20%,5000.0,,,SYNTHETIC_RULE_MATCHING_V1,129-02,교통 맞춤 혜택,교통,20,할인,%,20.0,300000.0,,,5000.0,,,PICKA 표준 혜택 카테고리 '교통' 시연 데이터,https://www.card-gorilla.com/card/detail/129,MISSED_WRONG_CARD,청춘대로 톡톡카드 | [Enjoy 서비스] 버거/패스트푸드 업종 20% 청구할인,500.0,KRW
ONE_TRANSACTION_PER_ROW,persona1,김서연,persona1@picka.app,24,2003-04-13,010-0842-5352,스타벅스 리워드|CJ ONE|대한항공 SKYPASS|네이버플러스 멤버십|신세계포인트,ADULT,,여성,대학생,서울 마포구,False,서울특별시,마포구,0,2026-07-24,[],,,,,,,,,자기관리와 여행을 즐기는 합리적 소비자,1000000,2026-05~2026-07,"온라인쇼핑·배달앱·카페 적립률 높은 카드, 대중교통 할인, 영화 할인 혜택",True,False,False,False,False,False,UNIVERSITY_STUDENT,KT,PUBLIC_TRANSIT,True,False,NONE,OTHER,False,False,0,,VERIFIED,"대학생·대중교통 중심 사용자. KT와 K-패스를 이용하며, 차량·하이패스·육아·복지·항공사 제휴 자격은 해당하지 않음.",3,UC101 | UC102 | UC103,노리2 체크카드(Global) | 청춘대로 톡톡카드 | 디지로카 Travel,노리2 체크카드(Global):생활·편의점·배달·문화 | 청춘대로 톡톡카드:카페·교통·간편결제 | 디지로카 Travel:국내여행·일반적립,july26-persona1-0013,july26-persona1-0013,2026-07,2026-07-20T09:40:00,일식당,외식,음식점,FOOD_DINING,24400,0,24400,신용카드,CARD,APPROVED,일식당 결제 · 푸드/외식 카테고리,,UC103,2863,디지로카 Travel,롯데카드,본인,국내여행·일반적립,,9012,신용카드,,0,100000.0,,https://www.card-gorilla.com/card/detail/2863,86800,318100,Y,UC102,129.0,청춘대로 톡톡카드,KB국민카드,부모님 가족카드,카페·교통·간편결제,,신용카드,,300000.0,25000.0,368000.0,582800.0,Y,WRONG_CARD_BEFORE_PICKA,BEFORE_PICKA,0,600,600,픽카 이용 전 다른 카드를 사용하여 받을 수 있었던 혜택을 놓침,20%,5000.0,,,SYNTHETIC_RULE_MATCHING_V1,129-02,푸드/외식 맞춤 혜택,푸드/외식,57,할인,%,20.0,300000.0,,,5000.0,,,PICKA 표준 혜택 카테고리 '푸드/외식' 시연 데이터,https://www.card-gorilla.com/card/detail/129,MISSED_WRONG_CARD,청춘대로 톡톡카드 | [Enjoy 서비스] 버거/패스트푸드 업종 20% 청구할인,700.0,KRW
ONE_TRANSACTION_PER_ROW,persona1,김서연,persona1@picka.app,24,2003-04-13,010-0842-5352,스타벅스 리워드|CJ ONE|대한항공 SKYPASS|네이버플러스 멤버십|신세계포인트,ADULT,,여성,대학생,서울 마포구,False,서울특별시,마포구,0,2026-07-24,[],,,,,,,,,자기관리와 여행을 즐기는 합리적 소비자,1000000,2026-05~2026-07,"온라인쇼핑·배달앱·카페 적립률 높은 카드, 대중교통 할인, 영화 할인 혜택",True,False,False,False,False,False,UNIVERSITY_STUDENT,KT,PUBLIC_TRANSIT,True,False,NONE,OTHER,False,False,0,,VERIFIED,"대학생·대중교통 중심 사용자. KT와 K-패스를 이용하며, 차량·하이패스·육아·복지·항공사 제휴 자격은 해당하지 않음.",3,UC101 | UC102 | UC103,노리2 체크카드(Global) | 청춘대로 톡톡카드 | 디지로카 Travel,노리2 체크카드(Global):생활·편의점·배달·문화 | 청춘대로 톡톡카드:카페·교통·간편결제 | 디지로카 Travel:국내여행·일반적립,july26-persona1-0001,july26-persona1-0001,2026-07,2026-07-20T18:30:00,롯데월드,레저,테마파크 및 레저,THEMEPARK_LEISURE,63400,0,63400,신용카드,CARD,APPROVED,롯데월드 결제 · 테마파크/레저 카테고리,,UC103,2863,디지로카 Travel,롯데카드,본인,국내여행·일반적립,,9012,신용카드,,0,100000.0,,https://www.card-gorilla.com/card/detail/2863,86800,318100,Y,UC102,129.0,청춘대로 톡톡카드,KB국민카드,부모님 가족카드,카페·교통·간편결제,,신용카드,,300000.0,25000.0,368000.0,582800.0,Y,WRONG_CARD_BEFORE_PICKA,BEFORE_PICKA,0,1700,1700,픽카 이용 전 다른 카드를 사용하여 받을 수 있었던 혜택을 놓침,50%,10000.0,,,SYNTHETIC_RULE_MATCHING_V1,129-01,테마파크/레저 맞춤 혜택,테마파크/레저,38,할인,%,50.0,300000.0,,,10000.0,,,PICKA 표준 혜택 카테고리 '테마파크/레저' 시연 데이터,https://www.card-gorilla.com/card/detail/129,MISSED_WRONG_CARD,청춘대로 톡톡카드 | [Great 서비스] 스타벅스 50% 청구할인,2000.0,KRW
ONE_TRANSACTION_PER_ROW,persona1,김서연,persona1@picka.app,24,2003-04-13,010-0842-5352,스타벅스 리워드|CJ ONE|대한항공 SKYPASS|네이버플러스 멤버십|신세계포인트,ADULT,,여성,대학생,서울 마포구,False,서울특별시,마포구,0,2026-07-24,[],,,,,,,,,자기관리와 여행을 즐기는 합리적 소비자,1000000,2026-05~2026-07,"온라인쇼핑·배달앱·카페 적립률 높은 카드, 대중교통 할인, 영화 할인 혜택",True,False,False,False,False,False,UNIVERSITY_STUDENT,KT,PUBLIC_TRANSIT,True,False,NONE,OTHER,False,False,0,,VERIFIED,"대학생·대중교통 중심 사용자. KT와 K-패스를 이용하며, 차량·하이패스·육아·복지·항공사 제휴 자격은 해당하지 않음.",3,UC101 | UC102 | UC103,노리2 체크카드(Global) | 청춘대로 톡톡카드 | 디지로카 Travel,노리2 체크카드(Global):생활·편의점·배달·문화 | 청춘대로 톡톡카드:카페·교통·간편결제 | 디지로카 Travel:국내여행·일반적립,july26-persona1-0004,july26-persona1-0004,2026-07,2026-07-21T10:55:00,넷플릭스,구독,정기 구독,SUBSCRIPTION_MEMBERSHIP,12500,400,12100,체크카드,CARD,APPROVED,넷플릭스 결제 · 구독/멤버십 카테고리,,UC101,2423,노리2 체크카드(Global),KB국민카드,본인,생활·편의점·배달·문화,,1234,체크카드,,200000,70000.0,,https://www.card-gorilla.com/card/detail/2423,565200,89100,Y,UC101,2423.0,노리2 체크카드(Global),KB국민카드,본인,생활·편의점·배달·문화,,체크카드,,200000.0,70000.0,565200.0,89100.0,Y,BENEFIT_RECEIVED,BENEFIT_APPLIED,400,400,0,,1000원,2000.0,2000.0,1600.0,SYNTHETIC_RULE_MATCHING_V1,2423-06,구독/멤버십 맞춤 혜택,구독/멤버십,44,할인,원,1000.0,200000.0,,,2000.0,,,PICKA 표준 혜택 카테고리 '구독/멤버십' 시연 데이터,https://www.card-gorilla.com/card/detail/2423,DISCOUNT_APPLIED,"노리2 체크카드(Global) | [일상]넷플릭스, 유튜브프리미엄 1,000원 할인",400.0,KRW
ONE_TRANSACTION_PER_ROW,persona1,김서연,persona1@picka.app,24,2003-04-13,010-0842-5352,스타벅스 리워드|CJ ONE|대한항공 SKYPASS|네이버플러스 멤버십|신세계포인트,ADULT,,여성,대학생,서울 마포구,False,서울특별시,마포구,0,2026-07-24,[],,,,,,,,,자기관리와 여행을 즐기는 합리적 소비자,1000000,2026-05~2026-07,"온라인쇼핑·배달앱·카페 적립률 높은 카드, 대중교통 할인, 영화 할인 혜택",True,False,False,False,False,False,UNIVERSITY_STUDENT,KT,PUBLIC_TRANSIT,True,False,NONE,OTHER,False,False,0,,VERIFIED,"대학생·대중교통 중심 사용자. KT와 K-패스를 이용하며, 차량·하이패스·육아·복지·항공사 제휴 자격은 해당하지 않음.",3,UC101 | UC102 | UC103,노리2 체크카드(Global) | 청춘대로 톡톡카드 | 디지로카 Travel,노리2 체크카드(Global):생활·편의점·배달·문화 | 청춘대로 톡톡카드:카페·교통·간편결제 | 디지로카 Travel:국내여행·일반적립,july26-persona1-0006,july26-persona1-0006,2026-07,2026-07-22T16:40:00,스타벅스,카페,카페 및 디저트,CAFE_DESSERT,7000,200,6800,체크카드,CARD,APPROVED,스타벅스 결제 · 카페/디저트 카테고리,,UC101,2423,노리2 체크카드(Global),KB국민카드,본인,생활·편의점·배달·문화,,1234,체크카드,,200000,70000.0,,https://www.card-gorilla.com/card/detail/2423,565200,89100,Y,UC101,2423.0,노리2 체크카드(Global),KB국민카드,본인,생활·편의점·배달·문화,,체크카드,,200000.0,70000.0,565200.0,89100.0,Y,BENEFIT_RECEIVED,BENEFIT_APPLIED,200,200,0,,2%,5000.0,5000.0,4800.0,SYNTHETIC_RULE_MATCHING_V1,2423-11,카페/디저트 맞춤 혜택,카페/디저트,45,할인,%,2.0,300000.0,,,5000.0,,,PICKA 표준 혜택 카테고리 '카페/디저트' 시연 데이터,https://www.card-gorilla.com/card/detail/2423,DISCOUNT_APPLIED,노리2 체크카드(Global) | [Global] 해외 가맹점 2% 할인,200.0,KRW
ONE_TRANSACTION_PER_ROW,persona1,김서연,persona1@picka.app,24,2003-04-13,010-0842-5352,스타벅스 리워드|CJ ONE|대한항공 SKYPASS|네이버플러스 멤버십|신세계포인트,ADULT,,여성,대학생,서울 마포구,False,서울특별시,마포구,0,2026-07-24,[],,,,,,,,,자기관리와 여행을 즐기는 합리적 소비자,1000000,2026-05~2026-07,"온라인쇼핑·배달앱·카페 적립률 높은 카드, 대중교통 할인, 영화 할인 혜택",True,False,False,False,False,False,UNIVERSITY_STUDENT,KT,PUBLIC_TRANSIT,True,False,NONE,OTHER,False,False,0,,VERIFIED,"대학생·대중교통 중심 사용자. KT와 K-패스를 이용하며, 차량·하이패스·육아·복지·항공사 제휴 자격은 해당하지 않음.",3,UC101 | UC102 | UC103,노리2 체크카드(Global) | 청춘대로 톡톡카드 | 디지로카 Travel,노리2 체크카드(Global):생활·편의점·배달·문화 | 청춘대로 톡톡카드:카페·교통·간편결제 | 디지로카 Travel:국내여행·일반적립,july26-persona1-0023,july26-persona1-0023,2026-07,2026-07-22T21:15:00,GS25,편의점,편의점,CONVENIENCE,11300,300,11000,신용카드,CARD,APPROVED,GS25 결제 · 편의점 카테고리,,UC102,129,청춘대로 톡톡카드,KB국민카드,부모님 가족카드,카페·교통·간편결제,,5678,신용카드,,300000,25000.0,,https://www.card-gorilla.com/card/detail/129,368000,582800,Y,UC102,129.0,청춘대로 톡톡카드,KB국민카드,부모님 가족카드,카페·교통·간편결제,,신용카드,,300000.0,25000.0,368000.0,582800.0,Y,BENEFIT_RECEIVED,BENEFIT_APPLIED,300,300,0,,20%,5000.0,2700.0,2400.0,SYNTHETIC_RULE_MATCHING_V1,129-02,편의점 맞춤 혜택,편의점,21,할인,%,20.0,300000.0,,,5000.0,,,PICKA 표준 혜택 카테고리 '편의점' 시연 데이터,https://www.card-gorilla.com/card/detail/129,DISCOUNT_APPLIED,청춘대로 톡톡카드 | [Enjoy 서비스] 버거/패스트푸드 업종 20% 청구할인,300.0,KRW
ONE_TRANSACTION_PER_ROW,persona1,김서연,persona1@picka.app,24,2003-04-13,010-0842-5352,스타벅스 리워드|CJ ONE|대한항공 SKYPASS|네이버플러스 멤버십|신세계포인트,ADULT,,여성,대학생,서울 마포구,False,서울특별시,마포구,0,2026-07-24,[],,,,,,,,,자기관리와 여행을 즐기는 합리적 소비자,1000000,2026-05~2026-07,"온라인쇼핑·배달앱·카페 적립률 높은 카드, 대중교통 할인, 영화 할인 혜택",True,False,False,False,False,False,UNIVERSITY_STUDENT,KT,PUBLIC_TRANSIT,True,False,NONE,OTHER,False,False,0,,VERIFIED,"대학생·대중교통 중심 사용자. KT와 K-패스를 이용하며, 차량·하이패스·육아·복지·항공사 제휴 자격은 해당하지 않음.",3,UC101 | UC102 | UC103,노리2 체크카드(Global) | 청춘대로 톡톡카드 | 디지로카 Travel,노리2 체크카드(Global):생활·편의점·배달·문화 | 청춘대로 톡톡카드:카페·교통·간편결제 | 디지로카 Travel:국내여행·일반적립,july26-persona1-0034,july26-persona1-0034,2026-07,2026-07-23T09:40:00,패스트푸드,외식,음식점,FOOD_DINING,19800,500,19300,신용카드,CARD,APPROVED,패스트푸드 결제 · 푸드/외식 카테고리,,UC102,129,청춘대로 톡톡카드,KB국민카드,부모님 가족카드,카페·교통·간편결제,,5678,신용카드,,300000,25000.0,,https://www.card-gorilla.com/card/detail/129,368000,582800,Y,UC102,129.0,청춘대로 톡톡카드,KB국민카드,부모님 가족카드,카페·교통·간편결제,,신용카드,,300000.0,25000.0,368000.0,582800.0,Y,BENEFIT_RECEIVED,BENEFIT_APPLIED,500,500,0,,20%,5000.0,2400.0,1900.0,SYNTHETIC_RULE_MATCHING_V1,129-02,푸드/외식 맞춤 혜택,푸드/외식,57,할인,%,20.0,300000.0,,,5000.0,,,PICKA 표준 혜택 카테고리 '푸드/외식' 시연 데이터,https://www.card-gorilla.com/card/detail/129,DISCOUNT_APPLIED,청춘대로 톡톡카드 | [Enjoy 서비스] 버거/패스트푸드 업종 20% 청구할인,600.0,KRW
ONE_TRANSACTION_PER_ROW,persona2,박준혁,persona2@picka.app,30,1997-07-02,010-0652-8245,T 멤버십|GS&POINT|MY S-OIL|네이버플러스 멤버십|현대자동차 블루멤버스,ADULT,EARLY_30S,남성,IT 기업 개발자,경기도 성남시,False,경기도,성남시,0,2026-07-24,[],,,,,,,,,실용적 소비를 추구하는 차량 보유자,1200000,2026-05~2026-07,"주유 할인, 대중교통·택시 적립, 헬스장/PT 할인, 배달앱 캐시백 카드",False,False,False,False,False,False,PRIVATE_EMPLOYEE | IT_EMPLOYEE,SKT,CAR,False,True,NONE,EMART,True,False,0,,VERIFIED,"30세 IT 직장인. SKT·자가용·하이패스·이마트 이용자이며, 경차·군인·복지·K-패스·항공사 제휴 자격은 해당하지 않음.",2,UC201 | UC202,밸런스 카드 | 신한카드 Deep Oil,밸런스 카드:운동·배달·대중교통·구독·편의점 | 신한카드 Deep Oil:주유·주차·택시,hist-persona2-UC201-001,hist-persona2-UC201-001,2026-05,2026-05-02T09:10:00,이마트,마트/쇼핑,대형마트 및 쇼핑,MART_SHOPPING,83200,6400,76800,신용카드,CARD,APPROVED,이마트 결제 · 마트/쇼핑 카테고리,,UC201,2271,밸런스 카드,BC 바로카드,개인 신용카드,운동·배달·대중교통·구독·편의점,,2233,신용카드,,400000,10000.0,,https://www.card-gorilla.com/card/detail/2271,992900,594300,Y,UC201,2271.0,밸런스 카드,BC 바로카드,개인 신용카드,운동·배달·대중교통·구독·편의점,,신용카드,,400000.0,10000.0,992900.0,594300.0,Y,BENEFIT_RECEIVED,BENEFIT_APPLIED,6400,6400,0,,50%,10000.0,10000.0,3600.0,SYNTHETIC_RULE_MATCHING_V1,2271-03,마트/쇼핑 맞춤 혜택,마트/쇼핑,97,할인,%,50.0,,,,10000.0,,,PICKA 표준 혜택 카테고리 '마트/쇼핑' 시연 데이터,https://www.card-gorilla.com/card/detail/2271,DISCOUNT_APPLIED,"밸런스 카드 | [Always 서비스] 언제나 즐길 수 있는 데일리 서비스
스타벅스 사이렌오더 50% 할인, 온라인몰 7% 할인",6400.0,KRW
ONE_TRANSACTION_PER_ROW,persona2,박준혁,persona2@picka.app,30,1997-07-02,010-0652-8245,T 멤버십|GS&POINT|MY S-OIL|네이버플러스 멤버십|현대자동차 블루멤버스,ADULT,EARLY_30S,남성,IT 기업 개발자,경기도 성남시,False,경기도,성남시,0,2026-07-24,[],,,,,,,,,실용적 소비를 추구하는 차량 보유자,1200000,2026-05~2026-07,"주유 할인, 대중교통·택시 적립, 헬스장/PT 할인, 배달앱 캐시백 카드",False,False,False,False,False,False,PRIVATE_EMPLOYEE | IT_EMPLOYEE,SKT,CAR,False,True,NONE,EMART,True,False,0,,VERIFIED,"30세 IT 직장인. SKT·자가용·하이패스·이마트 이용자이며, 경차·군인·복지·K-패스·항공사 제휴 자격은 해당하지 않음.",2,UC201 | UC202,밸런스 카드 | 신한카드 Deep Oil,밸런스 카드:운동·배달·대중교통·구독·편의점 | 신한카드 Deep Oil:주유·주차·택시,hist-persona2-UC202-001,hist-persona2-UC202-001,2026-05,2026-05-02T09:10:00,SK에너지 주유소,자동차,주유,FUEL,67600,5300,62300,신용카드,CARD,APPROVED,SK에너지 주유소 결제 · 주유 카테고리,,UC202,39,신한카드 Deep Oil,신한카드,개인 신용카드,주유·주차·택시,GS칼텍스 선택,3344,신용카드,,300000,150000.0,,https://www.card-gorilla.com/card/detail/39,411600,482900,Y,UC202,39.0,신한카드 Deep Oil,신한카드,개인 신용카드,주유·주차·택시,GS칼텍스 선택,신용카드,,300000.0,150000.0,411600.0,482900.0,Y,BENEFIT_RECEIVED,BENEFIT_APPLIED,5300,5300,0,,10%,150000.0,,,SYNTHETIC_RULE_MATCHING_V1,39-01,주유 맞춤 혜택,주유,17,할인,%,10.0,300000.0,,,,,,PICKA 표준 혜택 카테고리 '주유' 시연 데이터,https://www.card-gorilla.com/card/detail/39,DISCOUNT_APPLIED,신한카드 Deep Oil | 4개의 정유사 중 직접 고른 1개 정유사 주유 이용금액 10% 결제일 할인 (전월실적 30만원 이상),5300.0,KRW
ONE_TRANSACTION_PER_ROW,persona2,박준혁,persona2@picka.app,30,1997-07-02,010-0652-8245,T 멤버십|GS&POINT|MY S-OIL|네이버플러스 멤버십|현대자동차 블루멤버스,ADULT,EARLY_30S,남성,IT 기업 개발자,경기도 성남시,False,경기도,성남시,0,2026-07-24,[],,,,,,,,,실용적 소비를 추구하는 차량 보유자,1200000,2026-05~2026-07,"주유 할인, 대중교통·택시 적립, 헬스장/PT 할인, 배달앱 캐시백 카드",False,False,False,False,False,False,PRIVATE_EMPLOYEE | IT_EMPLOYEE,SKT,CAR,False,True,NONE,EMART,True,False,0,,VERIFIED,"30세 IT 직장인. SKT·자가용·하이패스·이마트 이용자이며, 경차·군인·복지·K-패스·항공사 제휴 자격은 해당하지 않음.",2,UC201 | UC202,밸런스 카드 | 신한카드 Deep Oil,밸런스 카드:운동·배달·대중교통·구독·편의점 | 신한카드 Deep Oil:주유·주차·택시,hist-persona2-UC201-002,hist-persona2-UC201-002,2026-05,2026-05-05T12:40:00,네이버페이,간편결제,온라인 간편결제,EASY_PAY,65400,1400,64000,신용카드,CARD,APPROVED,네이버페이 결제 · 간편결제 카테고리,,UC201,2271,밸런스 카드,BC 바로카드,개인 신용카드,운동·배달·대중교통·구독·편의점,,2233,신용카드,,400000,10000.0,,https://www.card-gorilla.com/card/detail/2271,992900,594300,Y,UC201,2271.0,밸런스 카드,BC 바로카드,개인 신용카드,운동·배달·대중교통·구독·편의점,,신용카드,,400000.0,10000.0,992900.0,594300.0,Y,BENEFIT_RECEIVED,BENEFIT_APPLIED,1400,1400,0,,50%,10000.0,3600.0,2200.0,SYNTHETIC_RULE_MATCHING_V1,2271-03,간편결제 맞춤 혜택,간편결제,45,할인,%,50.0,,,,10000.0,,,PICKA 표준 혜택 카테고리 '간편결제' 시연 데이터,https://www.card-gorilla.com/card/detail/2271,DISCOUNT_APPLIED,"밸런스 카드 | [Always 서비스] 언제나 즐길 수 있는 데일리 서비스
스타벅스 사이렌오더 50% 할인, 온라인몰 7% 할인",1400.0,KRW
ONE_TRANSACTION_PER_ROW,persona2,박준혁,persona2@picka.app,30,1997-07-02,010-0652-8245,T 멤버십|GS&POINT|MY S-OIL|네이버플러스 멤버십|현대자동차 블루멤버스,ADULT,EARLY_30S,남성,IT 기업 개발자,경기도 성남시,False,경기도,성남시,0,2026-07-24,[],,,,,,,,,실용적 소비를 추구하는 차량 보유자,1200000,2026-05~2026-07,"주유 할인, 대중교통·택시 적립, 헬스장/PT 할인, 배달앱 캐시백 카드",False,False,False,False,False,False,PRIVATE_EMPLOYEE | IT_EMPLOYEE,SKT,CAR,False,True,NONE,EMART,True,False,0,,VERIFIED,"30세 IT 직장인. SKT·자가용·하이패스·이마트 이용자이며, 경차·군인·복지·K-패스·항공사 제휴 자격은 해당하지 않음.",2,UC201 | UC202,밸런스 카드 | 신한카드 Deep Oil,밸런스 카드:운동·배달·대중교통·구독·편의점 | 신한카드 Deep Oil:주유·주차·택시,hist-persona2-UC202-002,hist-persona2-UC202-002,2026-05,2026-05-05T12:40:00,스타벅스,카페,카페 및 디저트,CAFE_DESSERT,53200,0,53200,신용카드,CARD,APPROVED,스타벅스 결제 · 카페/디저트 카테고리,,UC202,39,신한카드 Deep Oil,신한카드,개인 신용카드,주유·주차·택시,GS칼텍스 선택,3344,신용카드,,300000,150000.0,,https://www.card-gorilla.com/card/detail/39,411600,482900,Y,UC201,2271.0,밸런스 카드,BC 바로카드,개인 신용카드,운동·배달·대중교통·구독·편의점,,신용카드,,400000.0,10000.0,992900.0,594300.0,Y,WRONG_CARD_BEFORE_PICKA,BEFORE_PICKA,0,1100,1100,픽카 이용 전 다른 카드를 사용하여 받을 수 있었던 혜택을 놓침,50%,10000.0,,,SYNTHETIC_RULE_MATCHING_V1,2271-03,카페/디저트 맞춤 혜택,카페/디저트,45,할인,%,50.0,,,,10000.0,,,PICKA 표준 혜택 카테고리 '카페/디저트' 시연 데이터,https://www.card-gorilla.com/card/detail/2271,MISSED_WRONG_CARD,"밸런스 카드 | [Always 서비스] 언제나 즐길 수 있는 데일리 서비스
스타벅스 사이렌오더 50% 할인, 온라인몰 7% 할인",1100.0,KRW
ONE_TRANSACTION_PER_ROW,persona2,박준혁,persona2@picka.app,30,1997-07-02,010-0652-8245,T 멤버십|GS&POINT|MY S-OIL|네이버플러스 멤버십|현대자동차 블루멤버스,ADULT,EARLY_30S,남성,IT 기업 개발자,경기도 성남시,False,경기도,성남시,0,2026-07-24,[],,,,,,,,,실용적 소비를 추구하는 차량 보유자,1200000,2026-05~2026-07,"주유 할인, 대중교통·택시 적립, 헬스장/PT 할인, 배달앱 캐시백 카드",False,False,False,False,False,False,PRIVATE_EMPLOYEE | IT_EMPLOYEE,SKT,CAR,False,True,NONE,EMART,True,False,0,,VERIFIED,"30세 IT 직장인. SKT·자가용·하이패스·이마트 이용자이며, 경차·군인·복지·K-패스·항공사 제휴 자격은 해당하지 않음.",2,UC201 | UC202,밸런스 카드 | 신한카드 Deep Oil,밸런스 카드:운동·배달·대중교통·구독·편의점 | 신한카드 Deep Oil:주유·주차·택시,hist-persona2-UC201-003,hist-persona2-UC201-003,2026-05,2026-05-09T18:20:00,인프런 개발 강의,교육/육아,교육 및 육아,EDUCATION_CHILDCARE,95100,2000,93100,신용카드,CARD,APPROVED,인프런 개발 강의 결제 · 교육/육아 카테고리,,UC201,2271,밸런스 카드,BC 바로카드,개인 신용카드,운동·배달·대중교통·구독·편의점,,2233,신용카드,,400000,10000.0,,https://www.card-gorilla.com/card/detail/2271,992900,594300,Y,UC201,2271.0,밸런스 카드,BC 바로카드,개인 신용카드,운동·배달·대중교통·구독·편의점,,신용카드,,400000.0,10000.0,992900.0,594300.0,Y,BENEFIT_RECEIVED,BENEFIT_APPLIED,2000,2000,0,,50%,10000.0,2200.0,200.0,SYNTHETIC_RULE_MATCHING_V1,2271-03,교육/육아 맞춤 혜택,교육/육아,14,할인,%,50.0,,,,10000.0,,,PICKA 표준 혜택 카테고리 '교육/육아' 시연 데이터,https://www.card-gorilla.com/card/detail/2271,DISCOUNT_APPLIED,"밸런스 카드 | [Always 서비스] 언제나 즐길 수 있는 데일리 서비스
스타벅스 사이렌오더 50% 할인, 온라인몰 7% 할인",2000.0,KRW
ONE_TRANSACTION_PER_ROW,persona2,박준혁,persona2@picka.app,30,1997-07-02,010-0652-8245,T 멤버십|GS&POINT|MY S-OIL|네이버플러스 멤버십|현대자동차 블루멤버스,ADULT,EARLY_30S,남성,IT 기업 개발자,경기도 성남시,False,경기도,성남시,0,2026-07-24,[],,,,,,,,,실용적 소비를 추구하는 차량 보유자,1200000,2026-05~2026-07,"주유 할인, 대중교통·택시 적립, 헬스장/PT 할인, 배달앱 캐시백 카드",False,False,False,False,False,False,PRIVATE_EMPLOYEE | IT_EMPLOYEE,SKT,CAR,False,True,NONE,EMART,True,False,0,,VERIFIED,"30세 IT 직장인. SKT·자가용·하이패스·이마트 이용자이며, 경차·군인·복지·K-패스·항공사 제휴 자격은 해당하지 않음.",2,UC201 | UC202,밸런스 카드 | 신한카드 Deep Oil,밸런스 카드:운동·배달·대중교통·구독·편의점 | 신한카드 Deep Oil:주유·주차·택시,hist-persona2-UC202-003,hist-persona2-UC202-003,2026-05,2026-05-09T18:20:00,SK텔레콤,통신,이동통신요금,TELECOM,77300,0,77300,신용카드,CARD,APPROVED,SK텔레콤 결제 · 통신 카테고리,,UC202,39,신한카드 Deep Oil,신한카드,개인 신용카드,주유·주차·택시,GS칼텍스 선택,3344,신용카드,,300000,150000.0,,https://www.card-gorilla.com/card/detail/39,411600,482900,Y,UC201,2271.0,밸런스 카드,BC 바로카드,개인 신용카드,운동·배달·대중교통·구독·편의점,,신용카드,,400000.0,10000.0,992900.0,594300.0,Y,WRONG_CARD_BEFORE_PICKA,BEFORE_PICKA,0,1600,1600,픽카 이용 전 다른 카드를 사용하여 받을 수 있었던 혜택을 놓침,50%,10000.0,,,SYNTHETIC_RULE_MATCHING_V1,2271-03,통신 맞춤 혜택,통신,9,할인,%,50.0,,,,10000.0,,,PICKA 표준 혜택 카테고리 '통신' 시연 데이터,https://www.card-gorilla.com/card/detail/2271,MISSED_WRONG_CARD,"밸런스 카드 | [Always 서비스] 언제나 즐길 수 있는 데일리 서비스
스타벅스 사이렌오더 50% 할인, 온라인몰 7% 할인",1600.0,KRW
ONE_TRANSACTION_PER_ROW,persona2,박준혁,persona2@picka.app,30,1997-07-02,010-0652-8245,T 멤버십|GS&POINT|MY S-OIL|네이버플러스 멤버십|현대자동차 블루멤버스,ADULT,EARLY_30S,남성,IT 기업 개발자,경기도 성남시,False,경기도,성남시,0,2026-07-24,[],,,,,,,,,실용적 소비를 추구하는 차량 보유자,1200000,2026-05~2026-07,"주유 할인, 대중교통·택시 적립, 헬스장/PT 할인, 배달앱 캐시백 카드",False,False,False,False,False,False,PRIVATE_EMPLOYEE | IT_EMPLOYEE,SKT,CAR,False,True,NONE,EMART,True,False,0,,VERIFIED,"30세 IT 직장인. SKT·자가용·하이패스·이마트 이용자이며, 경차·군인·복지·K-패스·항공사 제휴 자격은 해당하지 않음.",2,UC201 | UC202,밸런스 카드 | 신한카드 Deep Oil,밸런스 카드:운동·배달·대중교통·구독·편의점 | 신한카드 Deep Oil:주유·주차·택시,hist-persona2-UC201-004,hist-persona2-UC201-004,2026-05,2026-05-12T21:15:00,넷플릭스,구독,정기 구독,SUBSCRIPTION_MEMBERSHIP,53500,200,53300,신용카드,CARD,APPROVED,넷플릭스 결제 · 구독/멤버십 카테고리,,UC201,2271,밸런스 카드,BC 바로카드,개인 신용카드,운동·배달·대중교통·구독·편의점,,2233,신용카드,,400000,10000.0,,https://www.card-gorilla.com/card/detail/2271,992900,594300,Y,UC201,2271.0,밸런스 카드,BC 바로카드,개인 신용카드,운동·배달·대중교통·구독·편의점,,신용카드,,400000.0,10000.0,992900.0,594300.0,Y,BENEFIT_RECEIVED,BENEFIT_APPLIED,200,1100,900,,50%,10000.0,200.0,0.0,SYNTHETIC_RULE_MATCHING_V1,2271-03,구독/멤버십 맞춤 혜택,구독/멤버십,44,할인,%,50.0,,,,10000.0,,,PICKA 표준 혜택 카테고리 '구독/멤버십' 시연 데이터,https://www.card-gorilla.com/card/detail/2271,DISCOUNT_APPLIED,"밸런스 카드 | [Always 서비스] 언제나 즐길 수 있는 데일리 서비스
스타벅스 사이렌오더 50% 할인, 온라인몰 7% 할인",1100.0,KRW
ONE_TRANSACTION_PER_ROW,persona2,박준혁,persona2@picka.app,30,1997-07-02,010-0652-8245,T 멤버십|GS&POINT|MY S-OIL|네이버플러스 멤버십|현대자동차 블루멤버스,ADULT,EARLY_30S,남성,IT 기업 개발자,경기도 성남시,False,경기도,성남시,0,2026-07-24,[],,,,,,,,,실용적 소비를 추구하는 차량 보유자,1200000,2026-05~2026-07,"주유 할인, 대중교통·택시 적립, 헬스장/PT 할인, 배달앱 캐시백 카드",False,False,False,False,False,False,PRIVATE_EMPLOYEE | IT_EMPLOYEE,SKT,CAR,False,True,NONE,EMART,True,False,0,,VERIFIED,"30세 IT 직장인. SKT·자가용·하이패스·이마트 이용자이며, 경차·군인·복지·K-패스·항공사 제휴 자격은 해당하지 않음.",2,UC201 | UC202,밸런스 카드 | 신한카드 Deep Oil,밸런스 카드:운동·배달·대중교통·구독·편의점 | 신한카드 Deep Oil:주유·주차·택시,hist-persona2-UC202-004,hist-persona2-UC202-004,2026-05,2026-05-12T21:15:00,CU,편의점,편의점,CONVENIENCE,43400,3400,40000,신용카드,CARD,APPROVED,CU 결제 · 편의점 카테고리,,UC202,39,신한카드 Deep Oil,신한카드,개인 신용카드,주유·주차·택시,GS칼텍스 선택,3344,신용카드,,300000,150000.0,,https://www.card-gorilla.com/card/detail/39,411600,482900,Y,UC202,39.0,신한카드 Deep Oil,신한카드,개인 신용카드,주유·주차·택시,GS칼텍스 선택,신용카드,,300000.0,150000.0,411600.0,482900.0,Y,BENEFIT_RECEIVED,BENEFIT_APPLIED,3400,3400,0,,10%,150000.0,,,SYNTHETIC_RULE_MATCHING_V1,39-01,편의점 맞춤 혜택,편의점,21,할인,%,10.0,300000.0,,,,,,PICKA 표준 혜택 카테고리 '편의점' 시연 데이터,https://www.card-gorilla.com/card/detail/39,DISCOUNT_APPLIED,신한카드 Deep Oil | 4개의 정유사 중 직접 고른 1개 정유사 주유 이용금액 10% 결제일 할인 (전월실적 30만원 이상),3400.0,KRW
ONE_TRANSACTION_PER_ROW,persona2,박준혁,persona2@picka.app,30,1997-07-02,010-0652-8245,T 멤버십|GS&POINT|MY S-OIL|네이버플러스 멤버십|현대자동차 블루멤버스,ADULT,EARLY_30S,남성,IT 기업 개발자,경기도 성남시,False,경기도,성남시,0,2026-07-24,[],,,,,,,,,실용적 소비를 추구하는 차량 보유자,1200000,2026-05~2026-07,"주유 할인, 대중교통·택시 적립, 헬스장/PT 할인, 배달앱 캐시백 카드",False,False,False,False,False,False,PRIVATE_EMPLOYEE | IT_EMPLOYEE,SKT,CAR,False,True,NONE,EMART,True,False,0,,VERIFIED,"30세 IT 직장인. SKT·자가용·하이패스·이마트 이용자이며, 경차·군인·복지·K-패스·항공사 제휴 자격은 해당하지 않음.",2,UC201 | UC202,밸런스 카드 | 신한카드 Deep Oil,밸런스 카드:운동·배달·대중교통·구독·편의점 | 신한카드 Deep Oil:주유·주차·택시,hist-persona2-UC201-005,hist-persona2-UC201-005,2026-05,2026-05-16T14:30:00,티머니,교통,대중교통·택시,TRANSIT,77300,0,77300,신용카드,CARD,APPROVED,티머니 결제 · 교통 카테고리,,UC201,2271,밸런스 카드,BC 바로카드,개인 신용카드,운동·배달·대중교통·구독·편의점,,2233,신용카드,,400000,10000.0,,https://www.card-gorilla.com/card/detail/2271,992900,594300,Y,UC201,2271.0,밸런스 카드,BC 바로카드,개인 신용카드,운동·배달·대중교통·구독·편의점,,신용카드,,400000.0,10000.0,992900.0,594300.0,Y,CAP_EXHAUSTED,CARD_LIMIT_EXHAUSTED,0,1600,1600,월 할인한도 소진으로 혜택 미적용,50%,10000.0,0.0,0.0,SYNTHETIC_RULE_MATCHING_V1,2271-03,교통 맞춤 혜택,교통,20,할인,%,50.0,,,,10000.0,,,PICKA 표준 혜택 카테고리 '교통' 시연 데이터,https://www.card-gorilla.com/card/detail/2271,MISSED_CAP_EXHAUSTED,"밸런스 카드 | [Always 서비스] 언제나 즐길 수 있는 데일리 서비스
스타벅스 사이렌오더 50% 할인, 온라인몰 7% 할인",1600.0,KRW
ONE_TRANSACTION_PER_ROW,persona2,박준혁,persona2@picka.app,30,1997-07-02,010-0652-8245,T 멤버십|GS&POINT|MY S-OIL|네이버플러스 멤버십|현대자동차 블루멤버스,ADULT,EARLY_30S,남성,IT 기업 개발자,경기도 성남시,False,경기도,성남시,0,2026-07-24,[],,,,,,,,,실용적 소비를 추구하는 차량 보유자,1200000,2026-05~2026-07,"주유 할인, 대중교통·택시 적립, 헬스장/PT 할인, 배달앱 캐시백 카드",False,False,False,False,False,False,PRIVATE_EMPLOYEE | IT_EMPLOYEE,SKT,CAR,False,True,NONE,EMART,True,False,0,,VERIFIED,"30세 IT 직장인. SKT·자가용·하이패스·이마트 이용자이며, 경차·군인·복지·K-패스·항공사 제휴 자격은 해당하지 않음.",2,UC201 | UC202,밸런스 카드 | 신한카드 Deep Oil,밸런스 카드:운동·배달·대중교통·구독·편의점 | 신한카드 Deep Oil:주유·주차·택시,hist-persona2-UC202-005,hist-persona2-UC202-005,2026-05,2026-05-16T14:30:00,한식당,외식,음식점,FOOD_DINING,62800,0,62800,신용카드,CARD,APPROVED,한식당 결제 · 푸드/외식 카테고리,,UC202,39,신한카드 Deep Oil,신한카드,개인 신용카드,주유·주차·택시,GS칼텍스 선택,3344,신용카드,,300000,150000.0,,https://www.card-gorilla.com/card/detail/39,411600,482900,Y,UC201,2271.0,밸런스 카드,BC 바로카드,개인 신용카드,운동·배달·대중교통·구독·편의점,,신용카드,,400000.0,10000.0,992900.0,594300.0,Y,WRONG_CARD_BEFORE_PICKA,BEFORE_PICKA,0,1300,1300,픽카 이용 전 다른 카드를 사용하여 받을 수 있었던 혜택을 놓침,50%,10000.0,,,SYNTHETIC_RULE_MATCHING_V1,2271-03,푸드/외식 맞춤 혜택,푸드/외식,57,할인,%,50.0,,,,10000.0,,,PICKA 표준 혜택 카테고리 '푸드/외식' 시연 데이터,https://www.card-gorilla.com/card/detail/2271,MISSED_WRONG_CARD,"밸런스 카드 | [Always 서비스] 언제나 즐길 수 있는 데일리 서비스
스타벅스 사이렌오더 50% 할인, 온라인몰 7% 할인",1300.0,KRW
ONE_TRANSACTION_PER_ROW,persona2,박준혁,persona2@picka.app,30,1997-07-02,010-0652-8245,T 멤버십|GS&POINT|MY S-OIL|네이버플러스 멤버십|현대자동차 블루멤버스,ADULT,EARLY_30S,남성,IT 기업 개발자,경기도 성남시,False,경기도,성남시,0,2026-07-24,[],,,,,,,,,실용적 소비를 추구하는 차량 보유자,1200000,2026-05~2026-07,"주유 할인, 대중교통·택시 적립, 헬스장/PT 할인, 배달앱 캐시백 카드",False,False,False,False,False,False,PRIVATE_EMPLOYEE | IT_EMPLOYEE,SKT,CAR,False,True,NONE,EMART,True,False,0,,VERIFIED,"30세 IT 직장인. SKT·자가용·하이패스·이마트 이용자이며, 경차·군인·복지·K-패스·항공사 제휴 자격은 해당하지 않음.",2,UC201 | UC202,밸런스 카드 | 신한카드 Deep Oil,밸런스 카드:운동·배달·대중교통·구독·편의점 | 신한카드 Deep Oil:주유·주차·택시,hist-persona2-UC201-006,hist-persona2-UC201-006,2026-05,2026-05-20T08:50:00,김밥전문점,외식,음식점,FOOD_DINING,71300,0,71300,신용카드,CARD,APPROVED,김밥전문점 결제 · 푸드/외식 카테고리,,UC201,2271,밸런스 카드,BC 바로카드,개인 신용카드,운동·배달·대중교통·구독·편의점,,2233,신용카드,,400000,10000.0,,https://www.card-gorilla.com/card/detail/2271,992900,594300,Y,UC201,2271.0,밸런스 카드,BC 바로카드,개인 신용카드,운동·배달·대중교통·구독·편의점,,신용카드,,400000.0,10000.0,992900.0,594300.0,Y,CAP_EXHAUSTED,CARD_LIMIT_EXHAUSTED,0,1500,1500,월 할인한도 소진으로 혜택 미적용,50%,10000.0,0.0,0.0,SYNTHETIC_RULE_MATCHING_V1,2271-03,푸드/외식 맞춤 혜택,푸드/외식,57,할인,%,50.0,,,,10000.0,,,PICKA 표준 혜택 카테고리 '푸드/외식' 시연 데이터,https://www.card-gorilla.com/card/detail/2271,MISSED_CAP_EXHAUSTED,"밸런스 카드 | [Always 서비스] 언제나 즐길 수 있는 데일리 서비스
스타벅스 사이렌오더 50% 할인, 온라인몰 7% 할인",1500.0,KRW
ONE_TRANSACTION_PER_ROW,persona2,박준혁,persona2@picka.app,30,1997-07-02,010-0652-8245,T 멤버십|GS&POINT|MY S-OIL|네이버플러스 멤버십|현대자동차 블루멤버스,ADULT,EARLY_30S,남성,IT 기업 개발자,경기도 성남시,False,경기도,성남시,0,2026-07-24,[],,,,,,,,,실용적 소비를 추구하는 차량 보유자,1200000,2026-05~2026-07,"주유 할인, 대중교통·택시 적립, 헬스장/PT 할인, 배달앱 캐시백 카드",False,False,False,False,False,False,PRIVATE_EMPLOYEE | IT_EMPLOYEE,SKT,CAR,False,True,NONE,EMART,True,False,0,,VERIFIED,"30세 IT 직장인. SKT·자가용·하이패스·이마트 이용자이며, 경차·군인·복지·K-패스·항공사 제휴 자격은 해당하지 않음.",2,UC201 | UC202,밸런스 카드 | 신한카드 Deep Oil,밸런스 카드:운동·배달·대중교통·구독·편의점 | 신한카드 Deep Oil:주유·주차·택시,hist-persona2-UC202-006,hist-persona2-UC202-006,2026-05,2026-05-20T08:50:00,이탈리안 레스토랑,외식,음식점,FOOD_DINING,57900,0,57900,신용카드,CARD,APPROVED,이탈리안 레스토랑 결제 · 푸드/외식 카테고리,,UC202,39,신한카드 Deep Oil,신한카드,개인 신용카드,주유·주차·택시,GS칼텍스 선택,3344,신용카드,,300000,150000.0,,https://www.card-gorilla.com/card/detail/39,411600,482900,Y,UC201,2271.0,밸런스 카드,BC 바로카드,개인 신용카드,운동·배달·대중교통·구독·편의점,,신용카드,,400000.0,10000.0,992900.0,594300.0,Y,WRONG_CARD_BEFORE_PICKA,BEFORE_PICKA,0,1200,1200,픽카 이용 전 다른 카드를 사용하여 받을 수 있었던 혜택을 놓침,50%,10000.0,,,SYNTHETIC_RULE_MATCHING_V1,2271-03,푸드/외식 맞춤 혜택,푸드/외식,57,할인,%,50.0,,,,10000.0,,,PICKA 표준 혜택 카테고리 '푸드/외식' 시연 데이터,https://www.card-gorilla.com/card/detail/2271,MISSED_WRONG_CARD,"밸런스 카드 | [Always 서비스] 언제나 즐길 수 있는 데일리 서비스
스타벅스 사이렌오더 50% 할인, 온라인몰 7% 할인",1200.0,KRW
ONE_TRANSACTION_PER_ROW,persona2,박준혁,persona2@picka.app,30,1997-07-02,010-0652-8245,T 멤버십|GS&POINT|MY S-OIL|네이버플러스 멤버십|현대자동차 블루멤버스,ADULT,EARLY_30S,남성,IT 기업 개발자,경기도 성남시,False,경기도,성남시,0,2026-07-24,[],,,,,,,,,실용적 소비를 추구하는 차량 보유자,1200000,2026-05~2026-07,"주유 할인, 대중교통·택시 적립, 헬스장/PT 할인, 배달앱 캐시백 카드",False,False,False,False,False,False,PRIVATE_EMPLOYEE | IT_EMPLOYEE,SKT,CAR,False,True,NONE,EMART,True,False,0,,VERIFIED,"30세 IT 직장인. SKT·자가용·하이패스·이마트 이용자이며, 경차·군인·복지·K-패스·항공사 제휴 자격은 해당하지 않음.",2,UC201 | UC202,밸런스 카드 | 신한카드 Deep Oil,밸런스 카드:운동·배달·대중교통·구독·편의점 | 신한카드 Deep Oil:주유·주차·택시,hist-persona2-UC201-007,hist-persona2-UC201-007,2026-05,2026-05-24T19:05:00,한국전력공사,공과금,생활요금,UTILITIES,89100,0,89100,신용카드,CARD,APPROVED,한국전력공사 결제 · 공과금/생활요금 카테고리,,UC201,2271,밸런스 카드,BC 바로카드,개인 신용카드,운동·배달·대중교통·구독·편의점,,2233,신용카드,,400000,10000.0,,https://www.card-gorilla.com/card/detail/2271,992900,594300,Y,UC201,2271.0,밸런스 카드,BC 바로카드,개인 신용카드,운동·배달·대중교통·구독·편의점,,신용카드,,400000.0,10000.0,992900.0,594300.0,Y,CAP_EXHAUSTED,CARD_LIMIT_EXHAUSTED,0,1800,1800,월 할인한도 소진으로 혜택 미적용,50%,10000.0,0.0,0.0,SYNTHETIC_RULE_MATCHING_V1,2271-03,공과금/생활요금 맞춤 혜택,공과금/생활요금,3,할인,%,50.0,,,,10000.0,,,PICKA 표준 혜택 카테고리 '공과금/생활요금' 시연 데이터,https://www.card-gorilla.com/card/detail/2271,MISSED_CAP_EXHAUSTED,"밸런스 카드 | [Always 서비스] 언제나 즐길 수 있는 데일리 서비스
스타벅스 사이렌오더 50% 할인, 온라인몰 7% 할인",1800.0,KRW
ONE_TRANSACTION_PER_ROW,persona2,박준혁,persona2@picka.app,30,1997-07-02,010-0652-8245,T 멤버십|GS&POINT|MY S-OIL|네이버플러스 멤버십|현대자동차 블루멤버스,ADULT,EARLY_30S,남성,IT 기업 개발자,경기도 성남시,False,경기도,성남시,0,2026-07-24,[],,,,,,,,,실용적 소비를 추구하는 차량 보유자,1200000,2026-05~2026-07,"주유 할인, 대중교통·택시 적립, 헬스장/PT 할인, 배달앱 캐시백 카드",False,False,False,False,False,False,PRIVATE_EMPLOYEE | IT_EMPLOYEE,SKT,CAR,False,True,NONE,EMART,True,False,0,,VERIFIED,"30세 IT 직장인. SKT·자가용·하이패스·이마트 이용자이며, 경차·군인·복지·K-패스·항공사 제휴 자격은 해당하지 않음.",2,UC201 | UC202,밸런스 카드 | 신한카드 Deep Oil,밸런스 카드:운동·배달·대중교통·구독·편의점 | 신한카드 Deep Oil:주유·주차·택시,hist-persona2-UC202-007,hist-persona2-UC202-007,2026-05,2026-05-24T19:05:00,GS칼텍스,자동차,주유,FUEL,72400,1500,70900,신용카드,CARD,APPROVED,GS칼텍스 결제 · 주유 카테고리,,UC202,39,신한카드 Deep Oil,신한카드,개인 신용카드,주유·주차·택시,GS칼텍스 선택,3344,신용카드,,300000,150000.0,,https://www.card-gorilla.com/card/detail/39,411600,482900,Y,UC202,39.0,신한카드 Deep Oil,신한카드,개인 신용카드,주유·주차·택시,GS칼텍스 선택,신용카드,,300000.0,150000.0,411600.0,482900.0,Y,BENEFIT_RECEIVED,BENEFIT_APPLIED,1500,1500,0,,10%,150000.0,,,SYNTHETIC_RULE_MATCHING_V1,39-01,주유 맞춤 혜택,주유,17,할인,%,10.0,300000.0,,,,,,PICKA 표준 혜택 카테고리 '주유' 시연 데이터,https://www.card-gorilla.com/card/detail/39,DISCOUNT_APPLIED,신한카드 Deep Oil | 4개의 정유사 중 직접 고른 1개 정유사 주유 이용금액 10% 결제일 할인 (전월실적 30만원 이상),1500.0,KRW
ONE_TRANSACTION_PER_ROW,persona2,박준혁,persona2@picka.app,30,1997-07-02,010-0652-8245,T 멤버십|GS&POINT|MY S-OIL|네이버플러스 멤버십|현대자동차 블루멤버스,ADULT,EARLY_30S,남성,IT 기업 개발자,경기도 성남시,False,경기도,성남시,0,2026-07-24,[],,,,,,,,,실용적 소비를 추구하는 차량 보유자,1200000,2026-05~2026-07,"주유 할인, 대중교통·택시 적립, 헬스장/PT 할인, 배달앱 캐시백 카드",False,False,False,False,False,False,PRIVATE_EMPLOYEE | IT_EMPLOYEE,SKT,CAR,False,True,NONE,EMART,True,False,0,,VERIFIED,"30세 IT 직장인. SKT·자가용·하이패스·이마트 이용자이며, 경차·군인·복지·K-패스·항공사 제휴 자격은 해당하지 않음.",2,UC201 | UC202,밸런스 카드 | 신한카드 Deep Oil,밸런스 카드:운동·배달·대중교통·구독·편의점 | 신한카드 Deep Oil:주유·주차·택시,hist-persona2-UC201-008,hist-persona2-UC201-008,2026-05,2026-05-28T22:10:00,다이소,생활,생활용품,LIVING,59400,0,59400,신용카드,CARD,APPROVED,다이소 결제 · 생활 카테고리,,UC201,2271,밸런스 카드,BC 바로카드,개인 신용카드,운동·배달·대중교통·구독·편의점,,2233,신용카드,,400000,10000.0,,https://www.card-gorilla.com/card/detail/2271,992900,594300,Y,UC201,2271.0,밸런스 카드,BC 바로카드,개인 신용카드,운동·배달·대중교통·구독·편의점,,신용카드,,400000.0,10000.0,992900.0,594300.0,Y,CAP_EXHAUSTED,CARD_LIMIT_EXHAUSTED,0,1200,1200,월 할인한도 소진으로 혜택 미적용,50%,10000.0,0.0,0.0,SYNTHETIC_RULE_MATCHING_V1,2271-03,생활 맞춤 혜택,생활,22,할인,%,50.0,,,,10000.0,,,PICKA 표준 혜택 카테고리 '생활' 시연 데이터,https://www.card-gorilla.com/card/detail/2271,MISSED_CAP_EXHAUSTED,"밸런스 카드 | [Always 서비스] 언제나 즐길 수 있는 데일리 서비스
스타벅스 사이렌오더 50% 할인, 온라인몰 7% 할인",1200.0,KRW
ONE_TRANSACTION_PER_ROW,persona2,박준혁,persona2@picka.app,30,1997-07-02,010-0652-8245,T 멤버십|GS&POINT|MY S-OIL|네이버플러스 멤버십|현대자동차 블루멤버스,ADULT,EARLY_30S,남성,IT 기업 개발자,경기도 성남시,False,경기도,성남시,0,2026-07-24,[],,,,,,,,,실용적 소비를 추구하는 차량 보유자,1200000,2026-05~2026-07,"주유 할인, 대중교통·택시 적립, 헬스장/PT 할인, 배달앱 캐시백 카드",False,False,False,False,False,False,PRIVATE_EMPLOYEE | IT_EMPLOYEE,SKT,CAR,False,True,NONE,EMART,True,False,0,,VERIFIED,"30세 IT 직장인. SKT·자가용·하이패스·이마트 이용자이며, 경차·군인·복지·K-패스·항공사 제휴 자격은 해당하지 않음.",2,UC201 | UC202,밸런스 카드 | 신한카드 Deep Oil,밸런스 카드:운동·배달·대중교통·구독·편의점 | 신한카드 Deep Oil:주유·주차·택시,hist-persona2-UC202-008,hist-persona2-UC202-008,2026-05,2026-05-28T22:10:00,메가커피,카페,카페 및 디저트,CAFE_DESSERT,48300,1000,47300,신용카드,CARD,APPROVED,메가커피 결제 · 카페/디저트 카테고리,,UC202,39,신한카드 Deep Oil,신한카드,개인 신용카드,주유·주차·택시,GS칼텍스 선택,3344,신용카드,,300000,150000.0,,https://www.card-gorilla.com/card/detail/39,411600,482900,Y,UC202,39.0,신한카드 Deep Oil,신한카드,개인 신용카드,주유·주차·택시,GS칼텍스 선택,신용카드,,300000.0,150000.0,411600.0,482900.0,Y,BENEFIT_RECEIVED,BENEFIT_APPLIED,1000,1000,0,,10%,150000.0,,,SYNTHETIC_RULE_MATCHING_V1,39-01,카페/디저트 맞춤 혜택,카페/디저트,45,할인,%,10.0,300000.0,,,,,,PICKA 표준 혜택 카테고리 '카페/디저트' 시연 데이터,https://www.card-gorilla.com/card/detail/39,DISCOUNT_APPLIED,신한카드 Deep Oil | 4개의 정유사 중 직접 고른 1개 정유사 주유 이용금액 10% 결제일 할인 (전월실적 30만원 이상),1000.0,KRW
ONE_TRANSACTION_PER_ROW,persona2,박준혁,persona2@picka.app,30,1997-07-02,010-0652-8245,T 멤버십|GS&POINT|MY S-OIL|네이버플러스 멤버십|현대자동차 블루멤버스,ADULT,EARLY_30S,남성,IT 기업 개발자,경기도 성남시,False,경기도,성남시,0,2026-07-24,[],,,,,,,,,실용적 소비를 추구하는 차량 보유자,1200000,2026-05~2026-07,"주유 할인, 대중교통·택시 적립, 헬스장/PT 할인, 배달앱 캐시백 카드",False,False,False,False,False,False,PRIVATE_EMPLOYEE | IT_EMPLOYEE,SKT,CAR,False,True,NONE,EMART,True,False,0,,VERIFIED,"30세 IT 직장인. SKT·자가용·하이패스·이마트 이용자이며, 경차·군인·복지·K-패스·항공사 제휴 자격은 해당하지 않음.",2,UC201 | UC202,밸런스 카드 | 신한카드 Deep Oil,밸런스 카드:운동·배달·대중교통·구독·편의점 | 신한카드 Deep Oil:주유·주차·택시,persona2-001,persona2-001,2026-06,2026-06-01T07:10:00,SK에너지 주유소,자동차,주유,FUEL,40600,1100,39500,신용카드,CARD,APPROVED,SK에너지 주유소 결제 · 주유 카테고리,,UC201,2271,밸런스 카드,BC 바로카드,개인 신용카드,운동·배달·대중교통·구독·편의점,,2233,신용카드,,400000,10000.0,,https://www.card-gorilla.com/card/detail/2271,594300,961400,Y,UC201,2271.0,밸런스 카드,BC 바로카드,개인 신용카드,운동·배달·대중교통·구독·편의점,,신용카드,,400000.0,10000.0,594300.0,961400.0,Y,BENEFIT_RECEIVED,BENEFIT_APPLIED,1100,1100,0,,50%,10000.0,10000.0,8900.0,SYNTHETIC_RULE_MATCHING_V1,2271-03,주유 맞춤 혜택,주유,17,할인,%,50.0,,,,10000.0,,,PICKA 표준 혜택 카테고리 '주유' 시연 데이터,https://www.card-gorilla.com/card/detail/2271,DISCOUNT_APPLIED,"밸런스 카드 | [Always 서비스] 언제나 즐길 수 있는 데일리 서비스
스타벅스 사이렌오더 50% 할인, 온라인몰 7% 할인",1100.0,KRW
ONE_TRANSACTION_PER_ROW,persona2,박준혁,persona2@picka.app,30,1997-07-02,010-0652-8245,T 멤버십|GS&POINT|MY S-OIL|네이버플러스 멤버십|현대자동차 블루멤버스,ADULT,EARLY_30S,남성,IT 기업 개발자,경기도 성남시,False,경기도,성남시,0,2026-07-24,[],,,,,,,,,실용적 소비를 추구하는 차량 보유자,1200000,2026-05~2026-07,"주유 할인, 대중교통·택시 적립, 헬스장/PT 할인, 배달앱 캐시백 카드",False,False,False,False,False,False,PRIVATE_EMPLOYEE | IT_EMPLOYEE,SKT,CAR,False,True,NONE,EMART,True,False,0,,VERIFIED,"30세 IT 직장인. SKT·자가용·하이패스·이마트 이용자이며, 경차·군인·복지·K-패스·항공사 제휴 자격은 해당하지 않음.",2,UC201 | UC202,밸런스 카드 | 신한카드 Deep Oil,밸런스 카드:운동·배달·대중교통·구독·편의점 | 신한카드 Deep Oil:주유·주차·택시,persona2-002,persona2-002,2026-06,2026-06-02T08:35:00,CU,편의점,편의점,CONVENIENCE,6200,200,6000,신용카드,CARD,APPROVED,CU 결제 · 편의점 카테고리,,UC201,2271,밸런스 카드,BC 바로카드,개인 신용카드,운동·배달·대중교통·구독·편의점,,2233,신용카드,,400000,10000.0,,https://www.card-gorilla.com/card/detail/2271,594300,961400,Y,UC201,2271.0,밸런스 카드,BC 바로카드,개인 신용카드,운동·배달·대중교통·구독·편의점,,신용카드,,400000.0,10000.0,594300.0,961400.0,Y,BENEFIT_RECEIVED,BENEFIT_APPLIED,200,200,0,,50%,10000.0,8900.0,8700.0,SYNTHETIC_RULE_MATCHING_V1,2271-03,편의점 맞춤 혜택,편의점,21,할인,%,50.0,,,,10000.0,,,PICKA 표준 혜택 카테고리 '편의점' 시연 데이터,https://www.card-gorilla.com/card/detail/2271,DISCOUNT_APPLIED,"밸런스 카드 | [Always 서비스] 언제나 즐길 수 있는 데일리 서비스
스타벅스 사이렌오더 50% 할인, 온라인몰 7% 할인",200.0,KRW
ONE_TRANSACTION_PER_ROW,persona2,박준혁,persona2@picka.app,30,1997-07-02,010-0652-8245,T 멤버십|GS&POINT|MY S-OIL|네이버플러스 멤버십|현대자동차 블루멤버스,ADULT,EARLY_30S,남성,IT 기업 개발자,경기도 성남시,False,경기도,성남시,0,2026-07-24,[],,,,,,,,,실용적 소비를 추구하는 차량 보유자,1200000,2026-05~2026-07,"주유 할인, 대중교통·택시 적립, 헬스장/PT 할인, 배달앱 캐시백 카드",False,False,False,False,False,False,PRIVATE_EMPLOYEE | IT_EMPLOYEE,SKT,CAR,False,True,NONE,EMART,True,False,0,,VERIFIED,"30세 IT 직장인. SKT·자가용·하이패스·이마트 이용자이며, 경차·군인·복지·K-패스·항공사 제휴 자격은 해당하지 않음.",2,UC201 | UC202,밸런스 카드 | 신한카드 Deep Oil,밸런스 카드:운동·배달·대중교통·구독·편의점 | 신한카드 Deep Oil:주유·주차·택시,persona2-003,persona2-003,2026-06,2026-06-02T21:15:00,한국전력공사,공과금,생활요금,UTILITIES,31600,1300,30300,신용카드,CARD,APPROVED,한국전력공사 결제 · 공과금/생활요금 카테고리,,UC201,2271,밸런스 카드,BC 바로카드,개인 신용카드,운동·배달·대중교통·구독·편의점,,2233,신용카드,,400000,10000.0,,https://www.card-gorilla.com/card/detail/2271,594300,961400,Y,UC201,2271.0,밸런스 카드,BC 바로카드,개인 신용카드,운동·배달·대중교통·구독·편의점,,신용카드,,400000.0,10000.0,594300.0,961400.0,Y,BENEFIT_RECEIVED,BENEFIT_APPLIED,1300,1300,0,,50%,10000.0,8700.0,7400.0,SYNTHETIC_RULE_MATCHING_V1,2271-03,공과금/생활요금 맞춤 혜택,공과금/생활요금,3,할인,%,50.0,,,,10000.0,,,PICKA 표준 혜택 카테고리 '공과금/생활요금' 시연 데이터,https://www.card-gorilla.com/card/detail/2271,DISCOUNT_APPLIED,"밸런스 카드 | [Always 서비스] 언제나 즐길 수 있는 데일리 서비스
스타벅스 사이렌오더 50% 할인, 온라인몰 7% 할인",1300.0,KRW
ONE_TRANSACTION_PER_ROW,persona2,박준혁,persona2@picka.app,30,1997-07-02,010-0652-8245,T 멤버십|GS&POINT|MY S-OIL|네이버플러스 멤버십|현대자동차 블루멤버스,ADULT,EARLY_30S,남성,IT 기업 개발자,경기도 성남시,False,경기도,성남시,0,2026-07-24,[],,,,,,,,,실용적 소비를 추구하는 차량 보유자,1200000,2026-05~2026-07,"주유 할인, 대중교통·택시 적립, 헬스장/PT 할인, 배달앱 캐시백 카드",False,False,False,False,False,False,PRIVATE_EMPLOYEE | IT_EMPLOYEE,SKT,CAR,False,True,NONE,EMART,True,False,0,,VERIFIED,"30세 IT 직장인. SKT·자가용·하이패스·이마트 이용자이며, 경차·군인·복지·K-패스·항공사 제휴 자격은 해당하지 않음.",2,UC201 | UC202,밸런스 카드 | 신한카드 Deep Oil,밸런스 카드:운동·배달·대중교통·구독·편의점 | 신한카드 Deep Oil:주유·주차·택시,persona2-004,persona2-004,2026-06,2026-06-03T20:30:00,대한항공,항공,항공권 및 마일리지,AIRLINE_MILEAGE,241000,7400,233600,신용카드,CARD,APPROVED,대한항공 결제 · 항공/마일리지 카테고리,,UC201,2271,밸런스 카드,BC 바로카드,개인 신용카드,운동·배달·대중교통·구독·편의점,,2233,신용카드,,400000,10000.0,,https://www.card-gorilla.com/card/detail/2271,594300,961400,Y,UC201,2271.0,밸런스 카드,BC 바로카드,개인 신용카드,운동·배달·대중교통·구독·편의점,,신용카드,,400000.0,10000.0,594300.0,961400.0,Y,BENEFIT_RECEIVED,BENEFIT_APPLIED,7400,10300,2900,,50%,10000.0,7400.0,0.0,SYNTHETIC_RULE_MATCHING_V1,2271-03,항공/마일리지 맞춤 혜택,항공/마일리지,4,할인,%,50.0,,,,10000.0,,,PICKA 표준 혜택 카테고리 '항공/마일리지' 시연 데이터,https://www.card-gorilla.com/card/detail/2271,DISCOUNT_APPLIED,"밸런스 카드 | [Always 서비스] 언제나 즐길 수 있는 데일리 서비스
스타벅스 사이렌오더 50% 할인, 온라인몰 7% 할인",10300.0,KRW
ONE_TRANSACTION_PER_ROW,persona2,박준혁,persona2@picka.app,30,1997-07-02,010-0652-8245,T 멤버십|GS&POINT|MY S-OIL|네이버플러스 멤버십|현대자동차 블루멤버스,ADULT,EARLY_30S,남성,IT 기업 개발자,경기도 성남시,False,경기도,성남시,0,2026-07-24,[],,,,,,,,,실용적 소비를 추구하는 차량 보유자,1200000,2026-05~2026-07,"주유 할인, 대중교통·택시 적립, 헬스장/PT 할인, 배달앱 캐시백 카드",False,False,False,False,False,False,PRIVATE_EMPLOYEE | IT_EMPLOYEE,SKT,CAR,False,True,NONE,EMART,True,False,0,,VERIFIED,"30세 IT 직장인. SKT·자가용·하이패스·이마트 이용자이며, 경차·군인·복지·K-패스·항공사 제휴 자격은 해당하지 않음.",2,UC201 | UC202,밸런스 카드 | 신한카드 Deep Oil,밸런스 카드:운동·배달·대중교통·구독·편의점 | 신한카드 Deep Oil:주유·주차·택시,persona2-005,persona2-005,2026-06,2026-06-03T20:35:00,GS25,편의점,편의점,CONVENIENCE,3300,0,3300,신용카드,CARD,APPROVED,GS25 결제 · 편의점 카테고리,,UC201,2271,밸런스 카드,BC 바로카드,개인 신용카드,운동·배달·대중교통·구독·편의점,,2233,신용카드,,400000,10000.0,,https://www.card-gorilla.com/card/detail/2271,594300,961400,Y,UC201,2271.0,밸런스 카드,BC 바로카드,개인 신용카드,운동·배달·대중교통·구독·편의점,,신용카드,,400000.0,10000.0,594300.0,961400.0,Y,CAP_EXHAUSTED,CARD_LIMIT_EXHAUSTED,0,100,100,월 할인한도 소진으로 혜택 미적용,50%,10000.0,0.0,0.0,SYNTHETIC_RULE_MATCHING_V1,2271-03,편의점 맞춤 혜택,편의점,21,할인,%,50.0,,,,10000.0,,,PICKA 표준 혜택 카테고리 '편의점' 시연 데이터,https://www.card-gorilla.com/card/detail/2271,MISSED_CAP_EXHAUSTED,"밸런스 카드 | [Always 서비스] 언제나 즐길 수 있는 데일리 서비스
스타벅스 사이렌오더 50% 할인, 온라인몰 7% 할인",100.0,KRW
ONE_TRANSACTION_PER_ROW,persona2,박준혁,persona2@picka.app,30,1997-07-02,010-0652-8245,T 멤버십|GS&POINT|MY S-OIL|네이버플러스 멤버십|현대자동차 블루멤버스,ADULT,EARLY_30S,남성,IT 기업 개발자,경기도 성남시,False,경기도,성남시,0,2026-07-24,[],,,,,,,,,실용적 소비를 추구하는 차량 보유자,1200000,2026-05~2026-07,"주유 할인, 대중교통·택시 적립, 헬스장/PT 할인, 배달앱 캐시백 카드",False,False,False,False,False,False,PRIVATE_EMPLOYEE | IT_EMPLOYEE,SKT,CAR,False,True,NONE,EMART,True,False,0,,VERIFIED,"30세 IT 직장인. SKT·자가용·하이패스·이마트 이용자이며, 경차·군인·복지·K-패스·항공사 제휴 자격은 해당하지 않음.",2,UC201 | UC202,밸런스 카드 | 신한카드 Deep Oil,밸런스 카드:운동·배달·대중교통·구독·편의점 | 신한카드 Deep Oil:주유·주차·택시,persona2-006,persona2-006,2026-06,2026-06-04T13:15:00,스타벅스,카페,카페 및 디저트,CAFE_DESSERT,5500,0,5500,신용카드,CARD,APPROVED,스타벅스 결제 · 카페/디저트 카테고리,,UC201,2271,밸런스 카드,BC 바로카드,개인 신용카드,운동·배달·대중교통·구독·편의점,,2233,신용카드,,400000,10000.0,,https://www.card-gorilla.com/card/detail/2271,594300,961400,Y,UC201,2271.0,밸런스 카드,BC 바로카드,개인 신용카드,운동·배달·대중교통·구독·편의점,,신용카드,,400000.0,10000.0,594300.0,961400.0,Y,CAP_EXHAUSTED,CARD_LIMIT_EXHAUSTED,0,200,200,월 할인한도 소진으로 혜택 미적용,50%,10000.0,0.0,0.0,SYNTHETIC_RULE_MATCHING_V1,2271-03,카페/디저트 맞춤 혜택,카페/디저트,45,할인,%,50.0,,,,10000.0,,,PICKA 표준 혜택 카테고리 '카페/디저트' 시연 데이터,https://www.card-gorilla.com/card/detail/2271,MISSED_CAP_EXHAUSTED,"밸런스 카드 | [Always 서비스] 언제나 즐길 수 있는 데일리 서비스
스타벅스 사이렌오더 50% 할인, 온라인몰 7% 할인",200.0,KRW
ONE_TRANSACTION_PER_ROW,persona2,박준혁,persona2@picka.app,30,1997-07-02,010-0652-8245,T 멤버십|GS&POINT|MY S-OIL|네이버플러스 멤버십|현대자동차 블루멤버스,ADULT,EARLY_30S,남성,IT 기업 개발자,경기도 성남시,False,경기도,성남시,0,2026-07-24,[],,,,,,,,,실용적 소비를 추구하는 차량 보유자,1200000,2026-05~2026-07,"주유 할인, 대중교통·택시 적립, 헬스장/PT 할인, 배달앱 캐시백 카드",False,False,False,False,False,False,PRIVATE_EMPLOYEE | IT_EMPLOYEE,SKT,CAR,False,True,NONE,EMART,True,False,0,,VERIFIED,"30세 IT 직장인. SKT·자가용·하이패스·이마트 이용자이며, 경차·군인·복지·K-패스·항공사 제휴 자격은 해당하지 않음.",2,UC201 | UC202,밸런스 카드 | 신한카드 Deep Oil,밸런스 카드:운동·배달·대중교통·구독·편의점 | 신한카드 Deep Oil:주유·주차·택시,persona2-007,persona2-007,2026-06,2026-06-04T21:35:00,배달의민족,배달,배달앱,DELIVERY,17200,0,17200,신용카드,CARD,APPROVED,배달의민족 결제 · 배달앱 카테고리,,UC201,2271,밸런스 카드,BC 바로카드,개인 신용카드,운동·배달·대중교통·구독·편의점,,2233,신용카드,,400000,10000.0,,https://www.card-gorilla.com/card/detail/2271,594300,961400,Y,UC201,2271.0,밸런스 카드,BC 바로카드,개인 신용카드,운동·배달·대중교통·구독·편의점,,신용카드,,400000.0,10000.0,594300.0,961400.0,Y,CAP_EXHAUSTED,CARD_LIMIT_EXHAUSTED,0,500,500,월 할인한도 소진으로 혜택 미적용,50%,10000.0,0.0,0.0,SYNTHETIC_RULE_MATCHING_V1,2271-03,배달앱 맞춤 혜택,배달앱,19,할인,%,50.0,,,,10000.0,,,PICKA 표준 혜택 카테고리 '배달앱' 시연 데이터,https://www.card-gorilla.com/card/detail/2271,MISSED_CAP_EXHAUSTED,"밸런스 카드 | [Always 서비스] 언제나 즐길 수 있는 데일리 서비스
스타벅스 사이렌오더 50% 할인, 온라인몰 7% 할인",500.0,KRW
ONE_TRANSACTION_PER_ROW,persona2,박준혁,persona2@picka.app,30,1997-07-02,010-0652-8245,T 멤버십|GS&POINT|MY S-OIL|네이버플러스 멤버십|현대자동차 블루멤버스,ADULT,EARLY_30S,남성,IT 기업 개발자,경기도 성남시,False,경기도,성남시,0,2026-07-24,[],,,,,,,,,실용적 소비를 추구하는 차량 보유자,1200000,2026-05~2026-07,"주유 할인, 대중교통·택시 적립, 헬스장/PT 할인, 배달앱 캐시백 카드",False,False,False,False,False,False,PRIVATE_EMPLOYEE | IT_EMPLOYEE,SKT,CAR,False,True,NONE,EMART,True,False,0,,VERIFIED,"30세 IT 직장인. SKT·자가용·하이패스·이마트 이용자이며, 경차·군인·복지·K-패스·항공사 제휴 자격은 해당하지 않음.",2,UC201 | UC202,밸런스 카드 | 신한카드 Deep Oil,밸런스 카드:운동·배달·대중교통·구독·편의점 | 신한카드 Deep Oil:주유·주차·택시,persona2-008,persona2-008,2026-06,2026-06-05T13:35:00,한식당,외식,음식점,FOOD_DINING,7200,0,7200,신용카드,CARD,APPROVED,한식당 결제 · 푸드/외식 카테고리,,UC201,2271,밸런스 카드,BC 바로카드,개인 신용카드,운동·배달·대중교통·구독·편의점,,2233,신용카드,,400000,10000.0,,https://www.card-gorilla.com/card/detail/2271,594300,961400,Y,UC201,2271.0,밸런스 카드,BC 바로카드,개인 신용카드,운동·배달·대중교통·구독·편의점,,신용카드,,400000.0,10000.0,594300.0,961400.0,Y,CAP_EXHAUSTED,CARD_LIMIT_EXHAUSTED,0,200,200,월 할인한도 소진으로 혜택 미적용,50%,10000.0,0.0,0.0,SYNTHETIC_RULE_MATCHING_V1,2271-03,푸드/외식 맞춤 혜택,푸드/외식,57,할인,%,50.0,,,,10000.0,,,PICKA 표준 혜택 카테고리 '푸드/외식' 시연 데이터,https://www.card-gorilla.com/card/detail/2271,MISSED_CAP_EXHAUSTED,"밸런스 카드 | [Always 서비스] 언제나 즐길 수 있는 데일리 서비스
스타벅스 사이렌오더 50% 할인, 온라인몰 7% 할인",200.0,KRW
ONE_TRANSACTION_PER_ROW,persona2,박준혁,persona2@picka.app,30,1997-07-02,010-0652-8245,T 멤버십|GS&POINT|MY S-OIL|네이버플러스 멤버십|현대자동차 블루멤버스,ADULT,EARLY_30S,남성,IT 기업 개발자,경기도 성남시,False,경기도,성남시,0,2026-07-24,[],,,,,,,,,실용적 소비를 추구하는 차량 보유자,1200000,2026-05~2026-07,"주유 할인, 대중교통·택시 적립, 헬스장/PT 할인, 배달앱 캐시백 카드",False,False,False,False,False,False,PRIVATE_EMPLOYEE | IT_EMPLOYEE,SKT,CAR,False,True,NONE,EMART,True,False,0,,VERIFIED,"30세 IT 직장인. SKT·자가용·하이패스·이마트 이용자이며, 경차·군인·복지·K-패스·항공사 제휴 자격은 해당하지 않음.",2,UC201 | UC202,밸런스 카드 | 신한카드 Deep Oil,밸런스 카드:운동·배달·대중교통·구독·편의점 | 신한카드 Deep Oil:주유·주차·택시,persona2-009,persona2-009,2026-06,2026-06-05T20:35:00,쿠팡이츠,배달,배달앱,DELIVERY,26200,0,26200,신용카드,CARD,APPROVED,쿠팡이츠 결제 · 배달앱 카테고리,,UC201,2271,밸런스 카드,BC 바로카드,개인 신용카드,운동·배달·대중교통·구독·편의점,,2233,신용카드,,400000,10000.0,,https://www.card-gorilla.com/card/detail/2271,594300,961400,Y,UC201,2271.0,밸런스 카드,BC 바로카드,개인 신용카드,운동·배달·대중교통·구독·편의점,,신용카드,,400000.0,10000.0,594300.0,961400.0,Y,CAP_EXHAUSTED,CARD_LIMIT_EXHAUSTED,0,1100,1100,월 할인한도 소진으로 혜택 미적용,50%,10000.0,0.0,0.0,SYNTHETIC_RULE_MATCHING_V1,2271-03,배달앱 맞춤 혜택,배달앱,19,할인,%,50.0,,,,10000.0,,,PICKA 표준 혜택 카테고리 '배달앱' 시연 데이터,https://www.card-gorilla.com/card/detail/2271,MISSED_CAP_EXHAUSTED,"밸런스 카드 | [Always 서비스] 언제나 즐길 수 있는 데일리 서비스
스타벅스 사이렌오더 50% 할인, 온라인몰 7% 할인",1100.0,KRW
ONE_TRANSACTION_PER_ROW,persona2,박준혁,persona2@picka.app,30,1997-07-02,010-0652-8245,T 멤버십|GS&POINT|MY S-OIL|네이버플러스 멤버십|현대자동차 블루멤버스,ADULT,EARLY_30S,남성,IT 기업 개발자,경기도 성남시,False,경기도,성남시,0,2026-07-24,[],,,,,,,,,실용적 소비를 추구하는 차량 보유자,1200000,2026-05~2026-07,"주유 할인, 대중교통·택시 적립, 헬스장/PT 할인, 배달앱 캐시백 카드",False,False,False,False,False,False,PRIVATE_EMPLOYEE | IT_EMPLOYEE,SKT,CAR,False,True,NONE,EMART,True,False,0,,VERIFIED,"30세 IT 직장인. SKT·자가용·하이패스·이마트 이용자이며, 경차·군인·복지·K-패스·항공사 제휴 자격은 해당하지 않음.",2,UC201 | UC202,밸런스 카드 | 신한카드 Deep Oil,밸런스 카드:운동·배달·대중교통·구독·편의점 | 신한카드 Deep Oil:주유·주차·택시,persona2-010,persona2-010,2026-06,2026-06-05T22:40:00,AMAZON.COM,해외,해외 결제,OVERSEAS,10200,0,10200,신용카드,CARD,APPROVED,AMAZON.COM 결제 · 해외 카테고리,,UC202,39,신한카드 Deep Oil,신한카드,개인 신용카드,주유·주차·택시,GS칼텍스 선택,3344,신용카드,,300000,150000.0,,https://www.card-gorilla.com/card/detail/39,482900,148800,Y,UC201,2271.0,밸런스 카드,BC 바로카드,개인 신용카드,운동·배달·대중교통·구독·편의점,,신용카드,,400000.0,10000.0,594300.0,961400.0,Y,WRONG_CARD_BEFORE_PICKA,BEFORE_PICKA,0,300,300,픽카 이용 전 다른 카드를 사용하여 받을 수 있었던 혜택을 놓침,50%,10000.0,,,SYNTHETIC_RULE_MATCHING_V1,2271-03,해외 맞춤 혜택,해외,8,할인,%,50.0,,,,10000.0,,,PICKA 표준 혜택 카테고리 '해외' 시연 데이터,https://www.card-gorilla.com/card/detail/2271,MISSED_WRONG_CARD,"밸런스 카드 | [Always 서비스] 언제나 즐길 수 있는 데일리 서비스
스타벅스 사이렌오더 50% 할인, 온라인몰 7% 할인",300.0,KRW
ONE_TRANSACTION_PER_ROW,persona2,박준혁,persona2@picka.app,30,1997-07-02,010-0652-8245,T 멤버십|GS&POINT|MY S-OIL|네이버플러스 멤버십|현대자동차 블루멤버스,ADULT,EARLY_30S,남성,IT 기업 개발자,경기도 성남시,False,경기도,성남시,0,2026-07-24,[],,,,,,,,,실용적 소비를 추구하는 차량 보유자,1200000,2026-05~2026-07,"주유 할인, 대중교통·택시 적립, 헬스장/PT 할인, 배달앱 캐시백 카드",False,False,False,False,False,False,PRIVATE_EMPLOYEE | IT_EMPLOYEE,SKT,CAR,False,True,NONE,EMART,True,False,0,,VERIFIED,"30세 IT 직장인. SKT·자가용·하이패스·이마트 이용자이며, 경차·군인·복지·K-패스·항공사 제휴 자격은 해당하지 않음.",2,UC201 | UC202,밸런스 카드 | 신한카드 Deep Oil,밸런스 카드:운동·배달·대중교통·구독·편의점 | 신한카드 Deep Oil:주유·주차·택시,persona2-011,persona2-011,2026-06,2026-06-06T08:20:00,GS칼텍스,자동차,주유,FUEL,51000,1300,49700,신용카드,CARD,APPROVED,GS칼텍스 결제 · 주유 카테고리,,UC202,39,신한카드 Deep Oil,신한카드,개인 신용카드,주유·주차·택시,GS칼텍스 선택,3344,신용카드,,300000,150000.0,,https://www.card-gorilla.com/card/detail/39,482900,148800,Y,UC202,39.0,신한카드 Deep Oil,신한카드,개인 신용카드,주유·주차·택시,GS칼텍스 선택,신용카드,,300000.0,150000.0,482900.0,148800.0,Y,BENEFIT_RECEIVED,BENEFIT_APPLIED,1300,1300,0,,10%,150000.0,,,SYNTHETIC_RULE_MATCHING_V1,39-01,주유 맞춤 혜택,주유,17,할인,%,10.0,300000.0,,,,,,PICKA 표준 혜택 카테고리 '주유' 시연 데이터,https://www.card-gorilla.com/card/detail/39,DISCOUNT_APPLIED,신한카드 Deep Oil | 4개의 정유사 중 직접 고른 1개 정유사 주유 이용금액 10% 결제일 할인 (전월실적 30만원 이상),1300.0,KRW
ONE_TRANSACTION_PER_ROW,persona2,박준혁,persona2@picka.app,30,1997-07-02,010-0652-8245,T 멤버십|GS&POINT|MY S-OIL|네이버플러스 멤버십|현대자동차 블루멤버스,ADULT,EARLY_30S,남성,IT 기업 개발자,경기도 성남시,False,경기도,성남시,0,2026-07-24,[],,,,,,,,,실용적 소비를 추구하는 차량 보유자,1200000,2026-05~2026-07,"주유 할인, 대중교통·택시 적립, 헬스장/PT 할인, 배달앱 캐시백 카드",False,False,False,False,False,False,PRIVATE_EMPLOYEE | IT_EMPLOYEE,SKT,CAR,False,True,NONE,EMART,True,False,0,,VERIFIED,"30세 IT 직장인. SKT·자가용·하이패스·이마트 이용자이며, 경차·군인·복지·K-패스·항공사 제휴 자격은 해당하지 않음.",2,UC201 | UC202,밸런스 카드 | 신한카드 Deep Oil,밸런스 카드:운동·배달·대중교통·구독·편의점 | 신한카드 Deep Oil:주유·주차·택시,persona2-012,persona2-012,2026-06,2026-06-06T19:00:00,네이버페이,간편결제,온라인 간편결제,EASY_PAY,4600,0,4600,신용카드,CARD,APPROVED,네이버페이 결제 · 간편결제 카테고리,,UC201,2271,밸런스 카드,BC 바로카드,개인 신용카드,운동·배달·대중교통·구독·편의점,,2233,신용카드,,400000,10000.0,,https://www.card-gorilla.com/card/detail/2271,594300,961400,Y,UC201,2271.0,밸런스 카드,BC 바로카드,개인 신용카드,운동·배달·대중교통·구독·편의점,,신용카드,,400000.0,10000.0,594300.0,961400.0,Y,CAP_EXHAUSTED,CARD_LIMIT_EXHAUSTED,0,100,100,월 할인한도 소진으로 혜택 미적용,50%,10000.0,0.0,0.0,SYNTHETIC_RULE_MATCHING_V1,2271-03,간편결제 맞춤 혜택,간편결제,45,할인,%,50.0,,,,10000.0,,,PICKA 표준 혜택 카테고리 '간편결제' 시연 데이터,https://www.card-gorilla.com/card/detail/2271,MISSED_CAP_EXHAUSTED,"밸런스 카드 | [Always 서비스] 언제나 즐길 수 있는 데일리 서비스
스타벅스 사이렌오더 50% 할인, 온라인몰 7% 할인",100.0,KRW
ONE_TRANSACTION_PER_ROW,persona2,박준혁,persona2@picka.app,30,1997-07-02,010-0652-8245,T 멤버십|GS&POINT|MY S-OIL|네이버플러스 멤버십|현대자동차 블루멤버스,ADULT,EARLY_30S,남성,IT 기업 개발자,경기도 성남시,False,경기도,성남시,0,2026-07-24,[],,,,,,,,,실용적 소비를 추구하는 차량 보유자,1200000,2026-05~2026-07,"주유 할인, 대중교통·택시 적립, 헬스장/PT 할인, 배달앱 캐시백 카드",False,False,False,False,False,False,PRIVATE_EMPLOYEE | IT_EMPLOYEE,SKT,CAR,False,True,NONE,EMART,True,False,0,,VERIFIED,"30세 IT 직장인. SKT·자가용·하이패스·이마트 이용자이며, 경차·군인·복지·K-패스·항공사 제휴 자격은 해당하지 않음.",2,UC201 | UC202,밸런스 카드 | 신한카드 Deep Oil,밸런스 카드:운동·배달·대중교통·구독·편의점 | 신한카드 Deep Oil:주유·주차·택시,persona2-013,persona2-013,2026-06,2026-06-07T20:20:00,롯데백화점,쇼핑,백화점,DEPARTMENT_STORE,34600,0,34600,신용카드,CARD,APPROVED,롯데백화점 결제 · 백화점 카테고리,,UC201,2271,밸런스 카드,BC 바로카드,개인 신용카드,운동·배달·대중교통·구독·편의점,,2233,신용카드,,400000,10000.0,,https://www.card-gorilla.com/card/detail/2271,594300,961400,Y,UC201,2271.0,밸런스 카드,BC 바로카드,개인 신용카드,운동·배달·대중교통·구독·편의점,,신용카드,,400000.0,10000.0,594300.0,961400.0,Y,CAP_EXHAUSTED,CARD_LIMIT_EXHAUSTED,0,1000,1000,월 할인한도 소진으로 혜택 미적용,50%,10000.0,0.0,0.0,SYNTHETIC_RULE_MATCHING_V1,2271-03,백화점 맞춤 혜택,백화점,3,할인,%,50.0,,,,10000.0,,,PICKA 표준 혜택 카테고리 '백화점' 시연 데이터,https://www.card-gorilla.com/card/detail/2271,MISSED_CAP_EXHAUSTED,"밸런스 카드 | [Always 서비스] 언제나 즐길 수 있는 데일리 서비스
스타벅스 사이렌오더 50% 할인, 온라인몰 7% 할인",1000.0,KRW
ONE_TRANSACTION_PER_ROW,persona2,박준혁,persona2@picka.app,30,1997-07-02,010-0652-8245,T 멤버십|GS&POINT|MY S-OIL|네이버플러스 멤버십|현대자동차 블루멤버스,ADULT,EARLY_30S,남성,IT 기업 개발자,경기도 성남시,False,경기도,성남시,0,2026-07-24,[],,,,,,,,,실용적 소비를 추구하는 차량 보유자,1200000,2026-05~2026-07,"주유 할인, 대중교통·택시 적립, 헬스장/PT 할인, 배달앱 캐시백 카드",False,False,False,False,False,False,PRIVATE_EMPLOYEE | IT_EMPLOYEE,SKT,CAR,False,True,NONE,EMART,True,False,0,,VERIFIED,"30세 IT 직장인. SKT·자가용·하이패스·이마트 이용자이며, 경차·군인·복지·K-패스·항공사 제휴 자격은 해당하지 않음.",2,UC201 | UC202,밸런스 카드 | 신한카드 Deep Oil,밸런스 카드:운동·배달·대중교통·구독·편의점 | 신한카드 Deep Oil:주유·주차·택시,persona2-014,persona2-014,2026-06,2026-06-08T12:45:00,메가커피,카페,카페 및 디저트,CAFE_DESSERT,4800,0,4800,신용카드,CARD,APPROVED,메가커피 결제 · 카페/디저트 카테고리,,UC201,2271,밸런스 카드,BC 바로카드,개인 신용카드,운동·배달·대중교통·구독·편의점,,2233,신용카드,,400000,10000.0,,https://www.card-gorilla.com/card/detail/2271,594300,961400,Y,UC201,2271.0,밸런스 카드,BC 바로카드,개인 신용카드,운동·배달·대중교통·구독·편의점,,신용카드,,400000.0,10000.0,594300.0,961400.0,Y,CAP_EXHAUSTED,CARD_LIMIT_EXHAUSTED,0,100,100,월 할인한도 소진으로 혜택 미적용,50%,10000.0,0.0,0.0,SYNTHETIC_RULE_MATCHING_V1,2271-03,카페/디저트 맞춤 혜택,카페/디저트,45,할인,%,50.0,,,,10000.0,,,PICKA 표준 혜택 카테고리 '카페/디저트' 시연 데이터,https://www.card-gorilla.com/card/detail/2271,MISSED_CAP_EXHAUSTED,"밸런스 카드 | [Always 서비스] 언제나 즐길 수 있는 데일리 서비스
스타벅스 사이렌오더 50% 할인, 온라인몰 7% 할인",100.0,KRW
ONE_TRANSACTION_PER_ROW,persona2,박준혁,persona2@picka.app,30,1997-07-02,010-0652-8245,T 멤버십|GS&POINT|MY S-OIL|네이버플러스 멤버십|현대자동차 블루멤버스,ADULT,EARLY_30S,남성,IT 기업 개발자,경기도 성남시,False,경기도,성남시,0,2026-07-24,[],,,,,,,,,실용적 소비를 추구하는 차량 보유자,1200000,2026-05~2026-07,"주유 할인, 대중교통·택시 적립, 헬스장/PT 할인, 배달앱 캐시백 카드",False,False,False,False,False,False,PRIVATE_EMPLOYEE | IT_EMPLOYEE,SKT,CAR,False,True,NONE,EMART,True,False,0,,VERIFIED,"30세 IT 직장인. SKT·자가용·하이패스·이마트 이용자이며, 경차·군인·복지·K-패스·항공사 제휴 자격은 해당하지 않음.",2,UC201 | UC202,밸런스 카드 | 신한카드 Deep Oil,밸런스 카드:운동·배달·대중교통·구독·편의점 | 신한카드 Deep Oil:주유·주차·택시,persona2-015,persona2-015,2026-06,2026-06-09T09:40:00,요기요,배달,배달앱,DELIVERY,10300,0,10300,신용카드,CARD,APPROVED,요기요 결제 · 배달앱 카테고리,,UC201,2271,밸런스 카드,BC 바로카드,개인 신용카드,운동·배달·대중교통·구독·편의점,,2233,신용카드,,400000,10000.0,,https://www.card-gorilla.com/card/detail/2271,594300,961400,Y,UC201,2271.0,밸런스 카드,BC 바로카드,개인 신용카드,운동·배달·대중교통·구독·편의점,,신용카드,,400000.0,10000.0,594300.0,961400.0,Y,CAP_EXHAUSTED,CARD_LIMIT_EXHAUSTED,0,300,300,월 할인한도 소진으로 혜택 미적용,50%,10000.0,0.0,0.0,SYNTHETIC_RULE_MATCHING_V1,2271-03,배달앱 맞춤 혜택,배달앱,19,할인,%,50.0,,,,10000.0,,,PICKA 표준 혜택 카테고리 '배달앱' 시연 데이터,https://www.card-gorilla.com/card/detail/2271,MISSED_CAP_EXHAUSTED,"밸런스 카드 | [Always 서비스] 언제나 즐길 수 있는 데일리 서비스
스타벅스 사이렌오더 50% 할인, 온라인몰 7% 할인",300.0,KRW
ONE_TRANSACTION_PER_ROW,persona2,박준혁,persona2@picka.app,30,1997-07-02,010-0652-8245,T 멤버십|GS&POINT|MY S-OIL|네이버플러스 멤버십|현대자동차 블루멤버스,ADULT,EARLY_30S,남성,IT 기업 개발자,경기도 성남시,False,경기도,성남시,0,2026-07-24,[],,,,,,,,,실용적 소비를 추구하는 차량 보유자,1200000,2026-05~2026-07,"주유 할인, 대중교통·택시 적립, 헬스장/PT 할인, 배달앱 캐시백 카드",False,False,False,False,False,False,PRIVATE_EMPLOYEE | IT_EMPLOYEE,SKT,CAR,False,True,NONE,EMART,True,False,0,,VERIFIED,"30세 IT 직장인. SKT·자가용·하이패스·이마트 이용자이며, 경차·군인·복지·K-패스·항공사 제휴 자격은 해당하지 않음.",2,UC201 | UC202,밸런스 카드 | 신한카드 Deep Oil,밸런스 카드:운동·배달·대중교통·구독·편의점 | 신한카드 Deep Oil:주유·주차·택시,persona2-016,persona2-016,2026-06,2026-06-09T12:15:00,투썸플레이스,카페,카페 및 디저트,CAFE_DESSERT,5900,0,5900,신용카드,CARD,APPROVED,투썸플레이스 결제 · 카페/디저트 카테고리,,UC201,2271,밸런스 카드,BC 바로카드,개인 신용카드,운동·배달·대중교통·구독·편의점,,2233,신용카드,,400000,10000.0,,https://www.card-gorilla.com/card/detail/2271,594300,961400,Y,UC201,2271.0,밸런스 카드,BC 바로카드,개인 신용카드,운동·배달·대중교통·구독·편의점,,신용카드,,400000.0,10000.0,594300.0,961400.0,Y,CAP_EXHAUSTED,CARD_LIMIT_EXHAUSTED,0,200,200,월 할인한도 소진으로 혜택 미적용,50%,10000.0,0.0,0.0,SYNTHETIC_RULE_MATCHING_V1,2271-03,카페/디저트 맞춤 혜택,카페/디저트,45,할인,%,50.0,,,,10000.0,,,PICKA 표준 혜택 카테고리 '카페/디저트' 시연 데이터,https://www.card-gorilla.com/card/detail/2271,MISSED_CAP_EXHAUSTED,"밸런스 카드 | [Always 서비스] 언제나 즐길 수 있는 데일리 서비스
스타벅스 사이렌오더 50% 할인, 온라인몰 7% 할인",200.0,KRW
ONE_TRANSACTION_PER_ROW,persona2,박준혁,persona2@picka.app,30,1997-07-02,010-0652-8245,T 멤버십|GS&POINT|MY S-OIL|네이버플러스 멤버십|현대자동차 블루멤버스,ADULT,EARLY_30S,남성,IT 기업 개발자,경기도 성남시,False,경기도,성남시,0,2026-07-24,[],,,,,,,,,실용적 소비를 추구하는 차량 보유자,1200000,2026-05~2026-07,"주유 할인, 대중교통·택시 적립, 헬스장/PT 할인, 배달앱 캐시백 카드",False,False,False,False,False,False,PRIVATE_EMPLOYEE | IT_EMPLOYEE,SKT,CAR,False,True,NONE,EMART,True,False,0,,VERIFIED,"30세 IT 직장인. SKT·자가용·하이패스·이마트 이용자이며, 경차·군인·복지·K-패스·항공사 제휴 자격은 해당하지 않음.",2,UC201 | UC202,밸런스 카드 | 신한카드 Deep Oil,밸런스 카드:운동·배달·대중교통·구독·편의점 | 신한카드 Deep Oil:주유·주차·택시,persona2-017,persona2-017,2026-06,2026-06-10T00:05:00,이마트,마트/쇼핑,대형마트 및 쇼핑,MART_SHOPPING,9300,0,9300,신용카드,CARD,APPROVED,이마트 결제 · 마트/쇼핑 카테고리,,UC201,2271,밸런스 카드,BC 바로카드,개인 신용카드,운동·배달·대중교통·구독·편의점,,2233,신용카드,,400000,10000.0,,https://www.card-gorilla.com/card/detail/2271,594300,961400,Y,UC201,2271.0,밸런스 카드,BC 바로카드,개인 신용카드,운동·배달·대중교통·구독·편의점,,신용카드,,400000.0,10000.0,594300.0,961400.0,Y,CAP_EXHAUSTED,CARD_LIMIT_EXHAUSTED,0,300,300,월 할인한도 소진으로 혜택 미적용,50%,10000.0,0.0,0.0,SYNTHETIC_RULE_MATCHING_V1,2271-03,마트/쇼핑 맞춤 혜택,마트/쇼핑,97,할인,%,50.0,,,,10000.0,,,PICKA 표준 혜택 카테고리 '마트/쇼핑' 시연 데이터,https://www.card-gorilla.com/card/detail/2271,MISSED_CAP_EXHAUSTED,"밸런스 카드 | [Always 서비스] 언제나 즐길 수 있는 데일리 서비스
스타벅스 사이렌오더 50% 할인, 온라인몰 7% 할인",300.0,KRW
ONE_TRANSACTION_PER_ROW,persona2,박준혁,persona2@picka.app,30,1997-07-02,010-0652-8245,T 멤버십|GS&POINT|MY S-OIL|네이버플러스 멤버십|현대자동차 블루멤버스,ADULT,EARLY_30S,남성,IT 기업 개발자,경기도 성남시,False,경기도,성남시,0,2026-07-24,[],,,,,,,,,실용적 소비를 추구하는 차량 보유자,1200000,2026-05~2026-07,"주유 할인, 대중교통·택시 적립, 헬스장/PT 할인, 배달앱 캐시백 카드",False,False,False,False,False,False,PRIVATE_EMPLOYEE | IT_EMPLOYEE,SKT,CAR,False,True,NONE,EMART,True,False,0,,VERIFIED,"30세 IT 직장인. SKT·자가용·하이패스·이마트 이용자이며, 경차·군인·복지·K-패스·항공사 제휴 자격은 해당하지 않음.",2,UC201 | UC202,밸런스 카드 | 신한카드 Deep Oil,밸런스 카드:운동·배달·대중교통·구독·편의점 | 신한카드 Deep Oil:주유·주차·택시,persona2-018,persona2-018,2026-06,2026-06-10T07:30:00,캐시백 대상 일반가맹점,캐시백,일반 캐시백,CASHBACK,5300,0,5300,신용카드,CARD,APPROVED,캐시백 대상 일반가맹점 결제 · 캐시백 카테고리,,UC201,2271,밸런스 카드,BC 바로카드,개인 신용카드,운동·배달·대중교통·구독·편의점,,2233,신용카드,,400000,10000.0,,https://www.card-gorilla.com/card/detail/2271,594300,961400,Y,UC201,2271.0,밸런스 카드,BC 바로카드,개인 신용카드,운동·배달·대중교통·구독·편의점,,신용카드,,400000.0,10000.0,594300.0,961400.0,Y,CAP_EXHAUSTED,CARD_LIMIT_EXHAUSTED,0,100,100,월 할인한도 소진으로 혜택 미적용,50%,10000.0,0.0,0.0,SYNTHETIC_RULE_MATCHING_V1,2271-03,캐시백 맞춤 혜택,캐시백,7,할인,%,50.0,,,,10000.0,,,PICKA 표준 혜택 카테고리 '캐시백' 시연 데이터,https://www.card-gorilla.com/card/detail/2271,MISSED_CAP_EXHAUSTED,"밸런스 카드 | [Always 서비스] 언제나 즐길 수 있는 데일리 서비스
스타벅스 사이렌오더 50% 할인, 온라인몰 7% 할인",100.0,KRW
ONE_TRANSACTION_PER_ROW,persona2,박준혁,persona2@picka.app,30,1997-07-02,010-0652-8245,T 멤버십|GS&POINT|MY S-OIL|네이버플러스 멤버십|현대자동차 블루멤버스,ADULT,EARLY_30S,남성,IT 기업 개발자,경기도 성남시,False,경기도,성남시,0,2026-07-24,[],,,,,,,,,실용적 소비를 추구하는 차량 보유자,1200000,2026-05~2026-07,"주유 할인, 대중교통·택시 적립, 헬스장/PT 할인, 배달앱 캐시백 카드",False,False,False,False,False,False,PRIVATE_EMPLOYEE | IT_EMPLOYEE,SKT,CAR,False,True,NONE,EMART,True,False,0,,VERIFIED,"30세 IT 직장인. SKT·자가용·하이패스·이마트 이용자이며, 경차·군인·복지·K-패스·항공사 제휴 자격은 해당하지 않음.",2,UC201 | UC202,밸런스 카드 | 신한카드 Deep Oil,밸런스 카드:운동·배달·대중교통·구독·편의점 | 신한카드 Deep Oil:주유·주차·택시,persona2-019,persona2-019,2026-06,2026-06-11T12:55:00,파리바게뜨,카페,카페 및 디저트,CAFE_DESSERT,4800,0,4800,신용카드,CARD,APPROVED,파리바게뜨 결제 · 카페/디저트 카테고리,,UC201,2271,밸런스 카드,BC 바로카드,개인 신용카드,운동·배달·대중교통·구독·편의점,,2233,신용카드,,400000,10000.0,,https://www.card-gorilla.com/card/detail/2271,594300,961400,Y,UC201,2271.0,밸런스 카드,BC 바로카드,개인 신용카드,운동·배달·대중교통·구독·편의점,,신용카드,,400000.0,10000.0,594300.0,961400.0,Y,CAP_EXHAUSTED,CARD_LIMIT_EXHAUSTED,0,100,100,월 할인한도 소진으로 혜택 미적용,50%,10000.0,0.0,0.0,SYNTHETIC_RULE_MATCHING_V1,2271-03,카페/디저트 맞춤 혜택,카페/디저트,45,할인,%,50.0,,,,10000.0,,,PICKA 표준 혜택 카테고리 '카페/디저트' 시연 데이터,https://www.card-gorilla.com/card/detail/2271,MISSED_CAP_EXHAUSTED,"밸런스 카드 | [Always 서비스] 언제나 즐길 수 있는 데일리 서비스
스타벅스 사이렌오더 50% 할인, 온라인몰 7% 할인",100.0,KRW
ONE_TRANSACTION_PER_ROW,persona2,박준혁,persona2@picka.app,30,1997-07-02,010-0652-8245,T 멤버십|GS&POINT|MY S-OIL|네이버플러스 멤버십|현대자동차 블루멤버스,ADULT,EARLY_30S,남성,IT 기업 개발자,경기도 성남시,False,경기도,성남시,0,2026-07-24,[],,,,,,,,,실용적 소비를 추구하는 차량 보유자,1200000,2026-05~2026-07,"주유 할인, 대중교통·택시 적립, 헬스장/PT 할인, 배달앱 캐시백 카드",False,False,False,False,False,False,PRIVATE_EMPLOYEE | IT_EMPLOYEE,SKT,CAR,False,True,NONE,EMART,True,False,0,,VERIFIED,"30세 IT 직장인. SKT·자가용·하이패스·이마트 이용자이며, 경차·군인·복지·K-패스·항공사 제휴 자격은 해당하지 않음.",2,UC201 | UC202,밸런스 카드 | 신한카드 Deep Oil,밸런스 카드:운동·배달·대중교통·구독·편의점 | 신한카드 Deep Oil:주유·주차·택시,persona2-020,persona2-020,2026-06,2026-06-11T19:30:00,쿠팡,온라인쇼핑,온라인 종합몰,ONLINE_SHOPPING,9200,0,9200,신용카드,CARD,APPROVED,쿠팡 결제 · 온라인쇼핑 카테고리,,UC201,2271,밸런스 카드,BC 바로카드,개인 신용카드,운동·배달·대중교통·구독·편의점,,2233,신용카드,,400000,10000.0,,https://www.card-gorilla.com/card/detail/2271,594300,961400,Y,UC201,2271.0,밸런스 카드,BC 바로카드,개인 신용카드,운동·배달·대중교통·구독·편의점,,신용카드,,400000.0,10000.0,594300.0,961400.0,Y,CAP_EXHAUSTED,CARD_LIMIT_EXHAUSTED,0,300,300,월 할인한도 소진으로 혜택 미적용,50%,10000.0,0.0,0.0,SYNTHETIC_RULE_MATCHING_V1,2271-03,온라인쇼핑 맞춤 혜택,온라인쇼핑,7,할인,%,50.0,,,,10000.0,,,PICKA 표준 혜택 카테고리 '온라인쇼핑' 시연 데이터,https://www.card-gorilla.com/card/detail/2271,MISSED_CAP_EXHAUSTED,"밸런스 카드 | [Always 서비스] 언제나 즐길 수 있는 데일리 서비스
스타벅스 사이렌오더 50% 할인, 온라인몰 7% 할인",300.0,KRW
ONE_TRANSACTION_PER_ROW,persona2,박준혁,persona2@picka.app,30,1997-07-02,010-0652-8245,T 멤버십|GS&POINT|MY S-OIL|네이버플러스 멤버십|현대자동차 블루멤버스,ADULT,EARLY_30S,남성,IT 기업 개발자,경기도 성남시,False,경기도,성남시,0,2026-07-24,[],,,,,,,,,실용적 소비를 추구하는 차량 보유자,1200000,2026-05~2026-07,"주유 할인, 대중교통·택시 적립, 헬스장/PT 할인, 배달앱 캐시백 카드",False,False,False,False,False,False,PRIVATE_EMPLOYEE | IT_EMPLOYEE,SKT,CAR,False,True,NONE,EMART,True,False,0,,VERIFIED,"30세 IT 직장인. SKT·자가용·하이패스·이마트 이용자이며, 경차·군인·복지·K-패스·항공사 제휴 자격은 해당하지 않음.",2,UC201 | UC202,밸런스 카드 | 신한카드 Deep Oil,밸런스 카드:운동·배달·대중교통·구독·편의점 | 신한카드 Deep Oil:주유·주차·택시,persona2-021,persona2-021,2026-06,2026-06-12T00:05:00,김밥전문점,외식,음식점,FOOD_DINING,5400,0,5400,신용카드,CARD,APPROVED,김밥전문점 결제 · 푸드/외식 카테고리,,UC201,2271,밸런스 카드,BC 바로카드,개인 신용카드,운동·배달·대중교통·구독·편의점,,2233,신용카드,,400000,10000.0,,https://www.card-gorilla.com/card/detail/2271,594300,961400,Y,UC201,2271.0,밸런스 카드,BC 바로카드,개인 신용카드,운동·배달·대중교통·구독·편의점,,신용카드,,400000.0,10000.0,594300.0,961400.0,Y,CAP_EXHAUSTED,CARD_LIMIT_EXHAUSTED,0,200,200,월 할인한도 소진으로 혜택 미적용,50%,10000.0,0.0,0.0,SYNTHETIC_RULE_MATCHING_V1,2271-03,푸드/외식 맞춤 혜택,푸드/외식,57,할인,%,50.0,,,,10000.0,,,PICKA 표준 혜택 카테고리 '푸드/외식' 시연 데이터,https://www.card-gorilla.com/card/detail/2271,MISSED_CAP_EXHAUSTED,"밸런스 카드 | [Always 서비스] 언제나 즐길 수 있는 데일리 서비스
스타벅스 사이렌오더 50% 할인, 온라인몰 7% 할인",200.0,KRW
ONE_TRANSACTION_PER_ROW,persona2,박준혁,persona2@picka.app,30,1997-07-02,010-0652-8245,T 멤버십|GS&POINT|MY S-OIL|네이버플러스 멤버십|현대자동차 블루멤버스,ADULT,EARLY_30S,남성,IT 기업 개발자,경기도 성남시,False,경기도,성남시,0,2026-07-24,[],,,,,,,,,실용적 소비를 추구하는 차량 보유자,1200000,2026-05~2026-07,"주유 할인, 대중교통·택시 적립, 헬스장/PT 할인, 배달앱 캐시백 카드",False,False,False,False,False,False,PRIVATE_EMPLOYEE | IT_EMPLOYEE,SKT,CAR,False,True,NONE,EMART,True,False,0,,VERIFIED,"30세 IT 직장인. SKT·자가용·하이패스·이마트 이용자이며, 경차·군인·복지·K-패스·항공사 제휴 자격은 해당하지 않음.",2,UC201 | UC202,밸런스 카드 | 신한카드 Deep Oil,밸런스 카드:운동·배달·대중교통·구독·편의점 | 신한카드 Deep Oil:주유·주차·택시,persona2-022,persona2-022,2026-06,2026-06-12T22:45:00,스타벅스,카페,카페 및 디저트,CAFE_DESSERT,6600,0,6600,신용카드,CARD,APPROVED,스타벅스 결제 · 카페/디저트 카테고리,,UC202,39,신한카드 Deep Oil,신한카드,개인 신용카드,주유·주차·택시,GS칼텍스 선택,3344,신용카드,,300000,150000.0,,https://www.card-gorilla.com/card/detail/39,482900,148800,Y,UC201,2271.0,밸런스 카드,BC 바로카드,개인 신용카드,운동·배달·대중교통·구독·편의점,,신용카드,,400000.0,10000.0,594300.0,961400.0,Y,WRONG_CARD_BEFORE_PICKA,BEFORE_PICKA,0,200,200,픽카 이용 전 다른 카드를 사용하여 받을 수 있었던 혜택을 놓침,50%,10000.0,,,SYNTHETIC_RULE_MATCHING_V1,2271-03,카페/디저트 맞춤 혜택,카페/디저트,45,할인,%,50.0,,,,10000.0,,,PICKA 표준 혜택 카테고리 '카페/디저트' 시연 데이터,https://www.card-gorilla.com/card/detail/2271,MISSED_WRONG_CARD,"밸런스 카드 | [Always 서비스] 언제나 즐길 수 있는 데일리 서비스
스타벅스 사이렌오더 50% 할인, 온라인몰 7% 할인",200.0,KRW
ONE_TRANSACTION_PER_ROW,persona2,박준혁,persona2@picka.app,30,1997-07-02,010-0652-8245,T 멤버십|GS&POINT|MY S-OIL|네이버플러스 멤버십|현대자동차 블루멤버스,ADULT,EARLY_30S,남성,IT 기업 개발자,경기도 성남시,False,경기도,성남시,0,2026-07-24,[],,,,,,,,,실용적 소비를 추구하는 차량 보유자,1200000,2026-05~2026-07,"주유 할인, 대중교통·택시 적립, 헬스장/PT 할인, 배달앱 캐시백 카드",False,False,False,False,False,False,PRIVATE_EMPLOYEE | IT_EMPLOYEE,SKT,CAR,False,True,NONE,EMART,True,False,0,,VERIFIED,"30세 IT 직장인. SKT·자가용·하이패스·이마트 이용자이며, 경차·군인·복지·K-패스·항공사 제휴 자격은 해당하지 않음.",2,UC201 | UC202,밸런스 카드 | 신한카드 Deep Oil,밸런스 카드:운동·배달·대중교통·구독·편의점 | 신한카드 Deep Oil:주유·주차·택시,persona2-023,persona2-023,2026-06,2026-06-13T20:00:00,S-OIL,자동차,주유,FUEL,38600,0,38600,신용카드,CARD,APPROVED,S-OIL 결제 · 주유 카테고리,,UC201,2271,밸런스 카드,BC 바로카드,개인 신용카드,운동·배달·대중교통·구독·편의점,,2233,신용카드,,400000,10000.0,,https://www.card-gorilla.com/card/detail/2271,594300,961400,Y,UC201,2271.0,밸런스 카드,BC 바로카드,개인 신용카드,운동·배달·대중교통·구독·편의점,,신용카드,,400000.0,10000.0,594300.0,961400.0,Y,CAP_EXHAUSTED,CARD_LIMIT_EXHAUSTED,0,1100,1100,월 할인한도 소진으로 혜택 미적용,50%,10000.0,0.0,0.0,SYNTHETIC_RULE_MATCHING_V1,2271-03,주유 맞춤 혜택,주유,17,할인,%,50.0,,,,10000.0,,,PICKA 표준 혜택 카테고리 '주유' 시연 데이터,https://www.card-gorilla.com/card/detail/2271,MISSED_CAP_EXHAUSTED,"밸런스 카드 | [Always 서비스] 언제나 즐길 수 있는 데일리 서비스
스타벅스 사이렌오더 50% 할인, 온라인몰 7% 할인",1100.0,KRW
ONE_TRANSACTION_PER_ROW,persona2,박준혁,persona2@picka.app,30,1997-07-02,010-0652-8245,T 멤버십|GS&POINT|MY S-OIL|네이버플러스 멤버십|현대자동차 블루멤버스,ADULT,EARLY_30S,남성,IT 기업 개발자,경기도 성남시,False,경기도,성남시,0,2026-07-24,[],,,,,,,,,실용적 소비를 추구하는 차량 보유자,1200000,2026-05~2026-07,"주유 할인, 대중교통·택시 적립, 헬스장/PT 할인, 배달앱 캐시백 카드",False,False,False,False,False,False,PRIVATE_EMPLOYEE | IT_EMPLOYEE,SKT,CAR,False,True,NONE,EMART,True,False,0,,VERIFIED,"30세 IT 직장인. SKT·자가용·하이패스·이마트 이용자이며, 경차·군인·복지·K-패스·항공사 제휴 자격은 해당하지 않음.",2,UC201 | UC202,밸런스 카드 | 신한카드 Deep Oil,밸런스 카드:운동·배달·대중교통·구독·편의점 | 신한카드 Deep Oil:주유·주차·택시,persona2-024,persona2-024,2026-06,2026-06-13T23:10:00,스피드메이트,자동차,차량정비 및 세차,AUTO_MAINTENANCE,20700,0,20700,신용카드,CARD,APPROVED,스피드메이트 결제 · 자동차/정비 카테고리,,UC201,2271,밸런스 카드,BC 바로카드,개인 신용카드,운동·배달·대중교통·구독·편의점,,2233,신용카드,,400000,10000.0,,https://www.card-gorilla.com/card/detail/2271,594300,961400,Y,,,,,,,,,,,,,,,NO_ELIGIBLE_BENEFIT,BEFORE_PICKA,0,0,0,,,,,,SYNTHETIC_RULE_MATCHING_V1,,자동차/정비 맞춤 혜택,자동차/정비,10,,,,,,,,,,PICKA 표준 혜택 카테고리 '자동차/정비' 시연 데이터,,,,,
ONE_TRANSACTION_PER_ROW,persona2,박준혁,persona2@picka.app,30,1997-07-02,010-0652-8245,T 멤버십|GS&POINT|MY S-OIL|네이버플러스 멤버십|현대자동차 블루멤버스,ADULT,EARLY_30S,남성,IT 기업 개발자,경기도 성남시,False,경기도,성남시,0,2026-07-24,[],,,,,,,,,실용적 소비를 추구하는 차량 보유자,1200000,2026-05~2026-07,"주유 할인, 대중교통·택시 적립, 헬스장/PT 할인, 배달앱 캐시백 카드",False,False,False,False,False,False,PRIVATE_EMPLOYEE | IT_EMPLOYEE,SKT,CAR,False,True,NONE,EMART,True,False,0,,VERIFIED,"30세 IT 직장인. SKT·자가용·하이패스·이마트 이용자이며, 경차·군인·복지·K-패스·항공사 제휴 자격은 해당하지 않음.",2,UC201 | UC202,밸런스 카드 | 신한카드 Deep Oil,밸런스 카드:운동·배달·대중교통·구독·편의점 | 신한카드 Deep Oil:주유·주차·택시,persona2-025,persona2-025,2026-06,2026-06-14T19:15:00,홈플러스,마트/쇼핑,대형마트 및 쇼핑,MART_SHOPPING,46100,0,46100,신용카드,CARD,APPROVED,홈플러스 결제 · 마트/쇼핑 카테고리,,UC201,2271,밸런스 카드,BC 바로카드,개인 신용카드,운동·배달·대중교통·구독·편의점,,2233,신용카드,,400000,10000.0,,https://www.card-gorilla.com/card/detail/2271,594300,961400,Y,UC201,2271.0,밸런스 카드,BC 바로카드,개인 신용카드,운동·배달·대중교통·구독·편의점,,신용카드,,400000.0,10000.0,594300.0,961400.0,Y,CAP_EXHAUSTED,CARD_LIMIT_EXHAUSTED,0,1200,1200,월 할인한도 소진으로 혜택 미적용,50%,10000.0,0.0,0.0,SYNTHETIC_RULE_MATCHING_V1,2271-03,마트/쇼핑 맞춤 혜택,마트/쇼핑,97,할인,%,50.0,,,,10000.0,,,PICKA 표준 혜택 카테고리 '마트/쇼핑' 시연 데이터,https://www.card-gorilla.com/card/detail/2271,MISSED_CAP_EXHAUSTED,"밸런스 카드 | [Always 서비스] 언제나 즐길 수 있는 데일리 서비스
스타벅스 사이렌오더 50% 할인, 온라인몰 7% 할인",1200.0,KRW
ONE_TRANSACTION_PER_ROW,persona2,박준혁,persona2@picka.app,30,1997-07-02,010-0652-8245,T 멤버십|GS&POINT|MY S-OIL|네이버플러스 멤버십|현대자동차 블루멤버스,ADULT,EARLY_30S,남성,IT 기업 개발자,경기도 성남시,False,경기도,성남시,0,2026-07-24,[],,,,,,,,,실용적 소비를 추구하는 차량 보유자,1200000,2026-05~2026-07,"주유 할인, 대중교통·택시 적립, 헬스장/PT 할인, 배달앱 캐시백 카드",False,False,False,False,False,False,PRIVATE_EMPLOYEE | IT_EMPLOYEE,SKT,CAR,False,True,NONE,EMART,True,False,0,,VERIFIED,"30세 IT 직장인. SKT·자가용·하이패스·이마트 이용자이며, 경차·군인·복지·K-패스·항공사 제휴 자격은 해당하지 않음.",2,UC201 | UC202,밸런스 카드 | 신한카드 Deep Oil,밸런스 카드:운동·배달·대중교통·구독·편의점 | 신한카드 Deep Oil:주유·주차·택시,persona2-026,persona2-026,2026-06,2026-06-15T16:30:00,넷플릭스,구독,정기 구독,SUBSCRIPTION_MEMBERSHIP,2700,0,2700,신용카드,CARD,APPROVED,넷플릭스 결제 · 구독/멤버십 카테고리,,UC201,2271,밸런스 카드,BC 바로카드,개인 신용카드,운동·배달·대중교통·구독·편의점,,2233,신용카드,,400000,10000.0,,https://www.card-gorilla.com/card/detail/2271,594300,961400,Y,UC201,2271.0,밸런스 카드,BC 바로카드,개인 신용카드,운동·배달·대중교통·구독·편의점,,신용카드,,400000.0,10000.0,594300.0,961400.0,Y,CAP_EXHAUSTED,CARD_LIMIT_EXHAUSTED,0,100,100,월 할인한도 소진으로 혜택 미적용,50%,10000.0,0.0,0.0,SYNTHETIC_RULE_MATCHING_V1,2271-03,구독/멤버십 맞춤 혜택,구독/멤버십,44,할인,%,50.0,,,,10000.0,,,PICKA 표준 혜택 카테고리 '구독/멤버십' 시연 데이터,https://www.card-gorilla.com/card/detail/2271,MISSED_CAP_EXHAUSTED,"밸런스 카드 | [Always 서비스] 언제나 즐길 수 있는 데일리 서비스
스타벅스 사이렌오더 50% 할인, 온라인몰 7% 할인",100.0,KRW
ONE_TRANSACTION_PER_ROW,persona2,박준혁,persona2@picka.app,30,1997-07-02,010-0652-8245,T 멤버십|GS&POINT|MY S-OIL|네이버플러스 멤버십|현대자동차 블루멤버스,ADULT,EARLY_30S,남성,IT 기업 개발자,경기도 성남시,False,경기도,성남시,0,2026-07-24,[],,,,,,,,,실용적 소비를 추구하는 차량 보유자,1200000,2026-05~2026-07,"주유 할인, 대중교통·택시 적립, 헬스장/PT 할인, 배달앱 캐시백 카드",False,False,False,False,False,False,PRIVATE_EMPLOYEE | IT_EMPLOYEE,SKT,CAR,False,True,NONE,EMART,True,False,0,,VERIFIED,"30세 IT 직장인. SKT·자가용·하이패스·이마트 이용자이며, 경차·군인·복지·K-패스·항공사 제휴 자격은 해당하지 않음.",2,UC201 | UC202,밸런스 카드 | 신한카드 Deep Oil,밸런스 카드:운동·배달·대중교통·구독·편의점 | 신한카드 Deep Oil:주유·주차·택시,persona2-027,persona2-027,2026-06,2026-06-16T08:40:00,세븐일레븐,편의점,편의점,CONVENIENCE,6500,0,6500,신용카드,CARD,APPROVED,세븐일레븐 결제 · 편의점 카테고리,,UC201,2271,밸런스 카드,BC 바로카드,개인 신용카드,운동·배달·대중교통·구독·편의점,,2233,신용카드,,400000,10000.0,,https://www.card-gorilla.com/card/detail/2271,594300,961400,Y,UC201,2271.0,밸런스 카드,BC 바로카드,개인 신용카드,운동·배달·대중교통·구독·편의점,,신용카드,,400000.0,10000.0,594300.0,961400.0,Y,CAP_EXHAUSTED,CARD_LIMIT_EXHAUSTED,0,200,200,월 할인한도 소진으로 혜택 미적용,50%,10000.0,0.0,0.0,SYNTHETIC_RULE_MATCHING_V1,2271-03,편의점 맞춤 혜택,편의점,21,할인,%,50.0,,,,10000.0,,,PICKA 표준 혜택 카테고리 '편의점' 시연 데이터,https://www.card-gorilla.com/card/detail/2271,MISSED_CAP_EXHAUSTED,"밸런스 카드 | [Always 서비스] 언제나 즐길 수 있는 데일리 서비스
스타벅스 사이렌오더 50% 할인, 온라인몰 7% 할인",200.0,KRW
ONE_TRANSACTION_PER_ROW,persona2,박준혁,persona2@picka.app,30,1997-07-02,010-0652-8245,T 멤버십|GS&POINT|MY S-OIL|네이버플러스 멤버십|현대자동차 블루멤버스,ADULT,EARLY_30S,남성,IT 기업 개발자,경기도 성남시,False,경기도,성남시,0,2026-07-24,[],,,,,,,,,실용적 소비를 추구하는 차량 보유자,1200000,2026-05~2026-07,"주유 할인, 대중교통·택시 적립, 헬스장/PT 할인, 배달앱 캐시백 카드",False,False,False,False,False,False,PRIVATE_EMPLOYEE | IT_EMPLOYEE,SKT,CAR,False,True,NONE,EMART,True,False,0,,VERIFIED,"30세 IT 직장인. SKT·자가용·하이패스·이마트 이용자이며, 경차·군인·복지·K-패스·항공사 제휴 자격은 해당하지 않음.",2,UC201 | UC202,밸런스 카드 | 신한카드 Deep Oil,밸런스 카드:운동·배달·대중교통·구독·편의점 | 신한카드 Deep Oil:주유·주차·택시,persona2-028,persona2-028,2026-06,2026-06-16T13:25:00,티머니,교통,대중교통·택시,TRANSIT,6900,0,6900,신용카드,CARD,APPROVED,티머니 결제 · 교통 카테고리,,UC201,2271,밸런스 카드,BC 바로카드,개인 신용카드,운동·배달·대중교통·구독·편의점,,2233,신용카드,,400000,10000.0,,https://www.card-gorilla.com/card/detail/2271,594300,961400,Y,UC201,2271.0,밸런스 카드,BC 바로카드,개인 신용카드,운동·배달·대중교통·구독·편의점,,신용카드,,400000.0,10000.0,594300.0,961400.0,Y,CAP_EXHAUSTED,CARD_LIMIT_EXHAUSTED,0,300,300,월 할인한도 소진으로 혜택 미적용,50%,10000.0,0.0,0.0,SYNTHETIC_RULE_MATCHING_V1,2271-03,교통 맞춤 혜택,교통,20,할인,%,50.0,,,,10000.0,,,PICKA 표준 혜택 카테고리 '교통' 시연 데이터,https://www.card-gorilla.com/card/detail/2271,MISSED_CAP_EXHAUSTED,"밸런스 카드 | [Always 서비스] 언제나 즐길 수 있는 데일리 서비스
스타벅스 사이렌오더 50% 할인, 온라인몰 7% 할인",300.0,KRW
ONE_TRANSACTION_PER_ROW,persona2,박준혁,persona2@picka.app,30,1997-07-02,010-0652-8245,T 멤버십|GS&POINT|MY S-OIL|네이버플러스 멤버십|현대자동차 블루멤버스,ADULT,EARLY_30S,남성,IT 기업 개발자,경기도 성남시,False,경기도,성남시,0,2026-07-24,[],,,,,,,,,실용적 소비를 추구하는 차량 보유자,1200000,2026-05~2026-07,"주유 할인, 대중교통·택시 적립, 헬스장/PT 할인, 배달앱 캐시백 카드",False,False,False,False,False,False,PRIVATE_EMPLOYEE | IT_EMPLOYEE,SKT,CAR,False,True,NONE,EMART,True,False,0,,VERIFIED,"30세 IT 직장인. SKT·자가용·하이패스·이마트 이용자이며, 경차·군인·복지·K-패스·항공사 제휴 자격은 해당하지 않음.",2,UC201 | UC202,밸런스 카드 | 신한카드 Deep Oil,밸런스 카드:운동·배달·대중교통·구독·편의점 | 신한카드 Deep Oil:주유·주차·택시,persona2-029,persona2-029,2026-06,2026-06-16T21:40:00,현대오일뱅크,자동차,주유,FUEL,36100,0,36100,신용카드,CARD,APPROVED,현대오일뱅크 결제 · 주유 카테고리,,UC201,2271,밸런스 카드,BC 바로카드,개인 신용카드,운동·배달·대중교통·구독·편의점,,2233,신용카드,,400000,10000.0,,https://www.card-gorilla.com/card/detail/2271,594300,961400,Y,UC201,2271.0,밸런스 카드,BC 바로카드,개인 신용카드,운동·배달·대중교통·구독·편의점,,신용카드,,400000.0,10000.0,594300.0,961400.0,Y,CAP_EXHAUSTED,CARD_LIMIT_EXHAUSTED,0,1000,1000,월 할인한도 소진으로 혜택 미적용,50%,10000.0,0.0,0.0,SYNTHETIC_RULE_MATCHING_V1,2271-03,주유 맞춤 혜택,주유,17,할인,%,50.0,,,,10000.0,,,PICKA 표준 혜택 카테고리 '주유' 시연 데이터,https://www.card-gorilla.com/card/detail/2271,MISSED_CAP_EXHAUSTED,"밸런스 카드 | [Always 서비스] 언제나 즐길 수 있는 데일리 서비스
스타벅스 사이렌오더 50% 할인, 온라인몰 7% 할인",1000.0,KRW
ONE_TRANSACTION_PER_ROW,persona2,박준혁,persona2@picka.app,30,1997-07-02,010-0652-8245,T 멤버십|GS&POINT|MY S-OIL|네이버플러스 멤버십|현대자동차 블루멤버스,ADULT,EARLY_30S,남성,IT 기업 개발자,경기도 성남시,False,경기도,성남시,0,2026-07-24,[],,,,,,,,,실용적 소비를 추구하는 차량 보유자,1200000,2026-05~2026-07,"주유 할인, 대중교통·택시 적립, 헬스장/PT 할인, 배달앱 캐시백 카드",False,False,False,False,False,False,PRIVATE_EMPLOYEE | IT_EMPLOYEE,SKT,CAR,False,True,NONE,EMART,True,False,0,,VERIFIED,"30세 IT 직장인. SKT·자가용·하이패스·이마트 이용자이며, 경차·군인·복지·K-패스·항공사 제휴 자격은 해당하지 않음.",2,UC201 | UC202,밸런스 카드 | 신한카드 Deep Oil,밸런스 카드:운동·배달·대중교통·구독·편의점 | 신한카드 Deep Oil:주유·주차·택시,persona2-030,persona2-030,2026-06,2026-06-17T12:05:00,이탈리안 레스토랑,외식,음식점,FOOD_DINING,8300,0,8300,신용카드,CARD,APPROVED,이탈리안 레스토랑 결제 · 푸드/외식 카테고리,,UC201,2271,밸런스 카드,BC 바로카드,개인 신용카드,운동·배달·대중교통·구독·편의점,,2233,신용카드,,400000,10000.0,,https://www.card-gorilla.com/card/detail/2271,594300,961400,Y,UC201,2271.0,밸런스 카드,BC 바로카드,개인 신용카드,운동·배달·대중교통·구독·편의점,,신용카드,,400000.0,10000.0,594300.0,961400.0,Y,CAP_EXHAUSTED,CARD_LIMIT_EXHAUSTED,0,400,400,월 할인한도 소진으로 혜택 미적용,50%,10000.0,0.0,0.0,SYNTHETIC_RULE_MATCHING_V1,2271-03,푸드/외식 맞춤 혜택,푸드/외식,57,할인,%,50.0,,,,10000.0,,,PICKA 표준 혜택 카테고리 '푸드/외식' 시연 데이터,https://www.card-gorilla.com/card/detail/2271,MISSED_CAP_EXHAUSTED,"밸런스 카드 | [Always 서비스] 언제나 즐길 수 있는 데일리 서비스
스타벅스 사이렌오더 50% 할인, 온라인몰 7% 할인",400.0,KRW
ONE_TRANSACTION_PER_ROW,persona2,박준혁,persona2@picka.app,30,1997-07-02,010-0652-8245,T 멤버십|GS&POINT|MY S-OIL|네이버플러스 멤버십|현대자동차 블루멤버스,ADULT,EARLY_30S,남성,IT 기업 개발자,경기도 성남시,False,경기도,성남시,0,2026-07-24,[],,,,,,,,,실용적 소비를 추구하는 차량 보유자,1200000,2026-05~2026-07,"주유 할인, 대중교통·택시 적립, 헬스장/PT 할인, 배달앱 캐시백 카드",False,False,False,False,False,False,PRIVATE_EMPLOYEE | IT_EMPLOYEE,SKT,CAR,False,True,NONE,EMART,True,False,0,,VERIFIED,"30세 IT 직장인. SKT·자가용·하이패스·이마트 이용자이며, 경차·군인·복지·K-패스·항공사 제휴 자격은 해당하지 않음.",2,UC201 | UC202,밸런스 카드 | 신한카드 Deep Oil,밸런스 카드:운동·배달·대중교통·구독·편의점 | 신한카드 Deep Oil:주유·주차·택시,persona2-031,persona2-031,2026-06,2026-06-17T21:00:00,SK에너지 주유소,자동차,주유,FUEL,43300,0,43300,신용카드,CARD,APPROVED,SK에너지 주유소 결제 · 주유 카테고리,,UC201,2271,밸런스 카드,BC 바로카드,개인 신용카드,운동·배달·대중교통·구독·편의점,,2233,신용카드,,400000,10000.0,,https://www.card-gorilla.com/card/detail/2271,594300,961400,Y,UC201,2271.0,밸런스 카드,BC 바로카드,개인 신용카드,운동·배달·대중교통·구독·편의점,,신용카드,,400000.0,10000.0,594300.0,961400.0,Y,CAP_EXHAUSTED,CARD_LIMIT_EXHAUSTED,0,1100,1100,월 할인한도 소진으로 혜택 미적용,50%,10000.0,0.0,0.0,SYNTHETIC_RULE_MATCHING_V1,2271-03,주유 맞춤 혜택,주유,17,할인,%,50.0,,,,10000.0,,,PICKA 표준 혜택 카테고리 '주유' 시연 데이터,https://www.card-gorilla.com/card/detail/2271,MISSED_CAP_EXHAUSTED,"밸런스 카드 | [Always 서비스] 언제나 즐길 수 있는 데일리 서비스
스타벅스 사이렌오더 50% 할인, 온라인몰 7% 할인",1100.0,KRW
ONE_TRANSACTION_PER_ROW,persona2,박준혁,persona2@picka.app,30,1997-07-02,010-0652-8245,T 멤버십|GS&POINT|MY S-OIL|네이버플러스 멤버십|현대자동차 블루멤버스,ADULT,EARLY_30S,남성,IT 기업 개발자,경기도 성남시,False,경기도,성남시,0,2026-07-24,[],,,,,,,,,실용적 소비를 추구하는 차량 보유자,1200000,2026-05~2026-07,"주유 할인, 대중교통·택시 적립, 헬스장/PT 할인, 배달앱 캐시백 카드",False,False,False,False,False,False,PRIVATE_EMPLOYEE | IT_EMPLOYEE,SKT,CAR,False,True,NONE,EMART,True,False,0,,VERIFIED,"30세 IT 직장인. SKT·자가용·하이패스·이마트 이용자이며, 경차·군인·복지·K-패스·항공사 제휴 자격은 해당하지 않음.",2,UC201 | UC202,밸런스 카드 | 신한카드 Deep Oil,밸런스 카드:운동·배달·대중교통·구독·편의점 | 신한카드 Deep Oil:주유·주차·택시,persona2-032,persona2-032,2026-06,2026-06-18T12:40:00,유튜브 프리미엄,구독,정기 구독,SUBSCRIPTION_MEMBERSHIP,6200,0,6200,신용카드,CARD,APPROVED,유튜브 프리미엄 결제 · 구독/멤버십 카테고리,,UC201,2271,밸런스 카드,BC 바로카드,개인 신용카드,운동·배달·대중교통·구독·편의점,,2233,신용카드,,400000,10000.0,,https://www.card-gorilla.com/card/detail/2271,594300,961400,Y,UC201,2271.0,밸런스 카드,BC 바로카드,개인 신용카드,운동·배달·대중교통·구독·편의점,,신용카드,,400000.0,10000.0,594300.0,961400.0,Y,CAP_EXHAUSTED,CARD_LIMIT_EXHAUSTED,0,200,200,월 할인한도 소진으로 혜택 미적용,50%,10000.0,0.0,0.0,SYNTHETIC_RULE_MATCHING_V1,2271-03,구독/멤버십 맞춤 혜택,구독/멤버십,44,할인,%,50.0,,,,10000.0,,,PICKA 표준 혜택 카테고리 '구독/멤버십' 시연 데이터,https://www.card-gorilla.com/card/detail/2271,MISSED_CAP_EXHAUSTED,"밸런스 카드 | [Always 서비스] 언제나 즐길 수 있는 데일리 서비스
스타벅스 사이렌오더 50% 할인, 온라인몰 7% 할인",200.0,KRW
ONE_TRANSACTION_PER_ROW,persona2,박준혁,persona2@picka.app,30,1997-07-02,010-0652-8245,T 멤버십|GS&POINT|MY S-OIL|네이버플러스 멤버십|현대자동차 블루멤버스,ADULT,EARLY_30S,남성,IT 기업 개발자,경기도 성남시,False,경기도,성남시,0,2026-07-24,[],,,,,,,,,실용적 소비를 추구하는 차량 보유자,1200000,2026-05~2026-07,"주유 할인, 대중교통·택시 적립, 헬스장/PT 할인, 배달앱 캐시백 카드",False,False,False,False,False,False,PRIVATE_EMPLOYEE | IT_EMPLOYEE,SKT,CAR,False,True,NONE,EMART,True,False,0,,VERIFIED,"30세 IT 직장인. SKT·자가용·하이패스·이마트 이용자이며, 경차·군인·복지·K-패스·항공사 제휴 자격은 해당하지 않음.",2,UC201 | UC202,밸런스 카드 | 신한카드 Deep Oil,밸런스 카드:운동·배달·대중교통·구독·편의점 | 신한카드 Deep Oil:주유·주차·택시,persona2-033,persona2-033,2026-06,2026-06-18T19:20:00,올리브영,뷰티/피트니스,뷰티 및 운동,BEAUTY_FITNESS,23400,0,23400,신용카드,CARD,APPROVED,올리브영 결제 · 뷰티/피트니스 카테고리,,UC201,2271,밸런스 카드,BC 바로카드,개인 신용카드,운동·배달·대중교통·구독·편의점,,2233,신용카드,,400000,10000.0,,https://www.card-gorilla.com/card/detail/2271,594300,961400,Y,UC201,2271.0,밸런스 카드,BC 바로카드,개인 신용카드,운동·배달·대중교통·구독·편의점,,신용카드,,400000.0,10000.0,594300.0,961400.0,Y,CAP_EXHAUSTED,CARD_LIMIT_EXHAUSTED,0,700,700,월 할인한도 소진으로 혜택 미적용,50%,10000.0,0.0,0.0,SYNTHETIC_RULE_MATCHING_V1,2271-03,뷰티/피트니스 맞춤 혜택,뷰티/피트니스,19,할인,%,50.0,,,,10000.0,,,PICKA 표준 혜택 카테고리 '뷰티/피트니스' 시연 데이터,https://www.card-gorilla.com/card/detail/2271,MISSED_CAP_EXHAUSTED,"밸런스 카드 | [Always 서비스] 언제나 즐길 수 있는 데일리 서비스
스타벅스 사이렌오더 50% 할인, 온라인몰 7% 할인",700.0,KRW
ONE_TRANSACTION_PER_ROW,persona2,박준혁,persona2@picka.app,30,1997-07-02,010-0652-8245,T 멤버십|GS&POINT|MY S-OIL|네이버플러스 멤버십|현대자동차 블루멤버스,ADULT,EARLY_30S,남성,IT 기업 개발자,경기도 성남시,False,경기도,성남시,0,2026-07-24,[],,,,,,,,,실용적 소비를 추구하는 차량 보유자,1200000,2026-05~2026-07,"주유 할인, 대중교통·택시 적립, 헬스장/PT 할인, 배달앱 캐시백 카드",False,False,False,False,False,False,PRIVATE_EMPLOYEE | IT_EMPLOYEE,SKT,CAR,False,True,NONE,EMART,True,False,0,,VERIFIED,"30세 IT 직장인. SKT·자가용·하이패스·이마트 이용자이며, 경차·군인·복지·K-패스·항공사 제휴 자격은 해당하지 않음.",2,UC201 | UC202,밸런스 카드 | 신한카드 Deep Oil,밸런스 카드:운동·배달·대중교통·구독·편의점 | 신한카드 Deep Oil:주유·주차·택시,persona2-034,persona2-034,2026-06,2026-06-19T13:20:00,카카오페이,간편결제,온라인 간편결제,EASY_PAY,1900,0,1900,신용카드,CARD,APPROVED,카카오페이 결제 · 간편결제 카테고리,,UC201,2271,밸런스 카드,BC 바로카드,개인 신용카드,운동·배달·대중교통·구독·편의점,,2233,신용카드,,400000,10000.0,,https://www.card-gorilla.com/card/detail/2271,594300,961400,Y,UC201,2271.0,밸런스 카드,BC 바로카드,개인 신용카드,운동·배달·대중교통·구독·편의점,,신용카드,,400000.0,10000.0,594300.0,961400.0,Y,CAP_EXHAUSTED,CARD_LIMIT_EXHAUSTED,0,100,100,월 할인한도 소진으로 혜택 미적용,50%,10000.0,0.0,0.0,SYNTHETIC_RULE_MATCHING_V1,2271-03,간편결제 맞춤 혜택,간편결제,45,할인,%,50.0,,,,10000.0,,,PICKA 표준 혜택 카테고리 '간편결제' 시연 데이터,https://www.card-gorilla.com/card/detail/2271,MISSED_CAP_EXHAUSTED,"밸런스 카드 | [Always 서비스] 언제나 즐길 수 있는 데일리 서비스
스타벅스 사이렌오더 50% 할인, 온라인몰 7% 할인",100.0,KRW
ONE_TRANSACTION_PER_ROW,persona2,박준혁,persona2@picka.app,30,1997-07-02,010-0652-8245,T 멤버십|GS&POINT|MY S-OIL|네이버플러스 멤버십|현대자동차 블루멤버스,ADULT,EARLY_30S,남성,IT 기업 개발자,경기도 성남시,False,경기도,성남시,0,2026-07-24,[],,,,,,,,,실용적 소비를 추구하는 차량 보유자,1200000,2026-05~2026-07,"주유 할인, 대중교통·택시 적립, 헬스장/PT 할인, 배달앱 캐시백 카드",False,False,False,False,False,False,PRIVATE_EMPLOYEE | IT_EMPLOYEE,SKT,CAR,False,True,NONE,EMART,True,False,0,,VERIFIED,"30세 IT 직장인. SKT·자가용·하이패스·이마트 이용자이며, 경차·군인·복지·K-패스·항공사 제휴 자격은 해당하지 않음.",2,UC201 | UC202,밸런스 카드 | 신한카드 Deep Oil,밸런스 카드:운동·배달·대중교통·구독·편의점 | 신한카드 Deep Oil:주유·주차·택시,persona2-035,persona2-035,2026-06,2026-06-19T13:55:00,일식당,외식,음식점,FOOD_DINING,8300,0,8300,신용카드,CARD,APPROVED,일식당 결제 · 푸드/외식 카테고리,,UC201,2271,밸런스 카드,BC 바로카드,개인 신용카드,운동·배달·대중교통·구독·편의점,,2233,신용카드,,400000,10000.0,,https://www.card-gorilla.com/card/detail/2271,594300,961400,Y,UC201,2271.0,밸런스 카드,BC 바로카드,개인 신용카드,운동·배달·대중교통·구독·편의점,,신용카드,,400000.0,10000.0,594300.0,961400.0,Y,CAP_EXHAUSTED,CARD_LIMIT_EXHAUSTED,0,200,200,월 할인한도 소진으로 혜택 미적용,50%,10000.0,0.0,0.0,SYNTHETIC_RULE_MATCHING_V1,2271-03,푸드/외식 맞춤 혜택,푸드/외식,57,할인,%,50.0,,,,10000.0,,,PICKA 표준 혜택 카테고리 '푸드/외식' 시연 데이터,https://www.card-gorilla.com/card/detail/2271,MISSED_CAP_EXHAUSTED,"밸런스 카드 | [Always 서비스] 언제나 즐길 수 있는 데일리 서비스
스타벅스 사이렌오더 50% 할인, 온라인몰 7% 할인",200.0,KRW
ONE_TRANSACTION_PER_ROW,persona2,박준혁,persona2@picka.app,30,1997-07-02,010-0652-8245,T 멤버십|GS&POINT|MY S-OIL|네이버플러스 멤버십|현대자동차 블루멤버스,ADULT,EARLY_30S,남성,IT 기업 개발자,경기도 성남시,False,경기도,성남시,0,2026-07-24,[],,,,,,,,,실용적 소비를 추구하는 차량 보유자,1200000,2026-05~2026-07,"주유 할인, 대중교통·택시 적립, 헬스장/PT 할인, 배달앱 캐시백 카드",False,False,False,False,False,False,PRIVATE_EMPLOYEE | IT_EMPLOYEE,SKT,CAR,False,True,NONE,EMART,True,False,0,,VERIFIED,"30세 IT 직장인. SKT·자가용·하이패스·이마트 이용자이며, 경차·군인·복지·K-패스·항공사 제휴 자격은 해당하지 않음.",2,UC201 | UC202,밸런스 카드 | 신한카드 Deep Oil,밸런스 카드:운동·배달·대중교통·구독·편의점 | 신한카드 Deep Oil:주유·주차·택시,persona2-036,persona2-036,2026-06,2026-06-19T23:35:00,배달의민족,배달,배달앱,DELIVERY,16100,0,16100,신용카드,CARD,APPROVED,배달의민족 결제 · 배달앱 카테고리,,UC202,39,신한카드 Deep Oil,신한카드,개인 신용카드,주유·주차·택시,GS칼텍스 선택,3344,신용카드,,300000,150000.0,,https://www.card-gorilla.com/card/detail/39,482900,148800,Y,UC201,2271.0,밸런스 카드,BC 바로카드,개인 신용카드,운동·배달·대중교통·구독·편의점,,신용카드,,400000.0,10000.0,594300.0,961400.0,Y,WRONG_CARD_BEFORE_PICKA,BEFORE_PICKA,0,500,500,픽카 이용 전 다른 카드를 사용하여 받을 수 있었던 혜택을 놓침,50%,10000.0,,,SYNTHETIC_RULE_MATCHING_V1,2271-03,배달앱 맞춤 혜택,배달앱,19,할인,%,50.0,,,,10000.0,,,PICKA 표준 혜택 카테고리 '배달앱' 시연 데이터,https://www.card-gorilla.com/card/detail/2271,MISSED_WRONG_CARD,"밸런스 카드 | [Always 서비스] 언제나 즐길 수 있는 데일리 서비스
스타벅스 사이렌오더 50% 할인, 온라인몰 7% 할인",500.0,KRW
ONE_TRANSACTION_PER_ROW,persona2,박준혁,persona2@picka.app,30,1997-07-02,010-0652-8245,T 멤버십|GS&POINT|MY S-OIL|네이버플러스 멤버십|현대자동차 블루멤버스,ADULT,EARLY_30S,남성,IT 기업 개발자,경기도 성남시,False,경기도,성남시,0,2026-07-24,[],,,,,,,,,실용적 소비를 추구하는 차량 보유자,1200000,2026-05~2026-07,"주유 할인, 대중교통·택시 적립, 헬스장/PT 할인, 배달앱 캐시백 카드",False,False,False,False,False,False,PRIVATE_EMPLOYEE | IT_EMPLOYEE,SKT,CAR,False,True,NONE,EMART,True,False,0,,VERIFIED,"30세 IT 직장인. SKT·자가용·하이패스·이마트 이용자이며, 경차·군인·복지·K-패스·항공사 제휴 자격은 해당하지 않음.",2,UC201 | UC202,밸런스 카드 | 신한카드 Deep Oil,밸런스 카드:운동·배달·대중교통·구독·편의점 | 신한카드 Deep Oil:주유·주차·택시,persona2-037,persona2-037,2026-06,2026-06-20T08:35:00,GS칼텍스,자동차,주유,FUEL,48900,1300,47600,신용카드,CARD,APPROVED,GS칼텍스 결제 · 주유 카테고리,,UC202,39,신한카드 Deep Oil,신한카드,개인 신용카드,주유·주차·택시,GS칼텍스 선택,3344,신용카드,,300000,150000.0,,https://www.card-gorilla.com/card/detail/39,482900,148800,Y,UC202,39.0,신한카드 Deep Oil,신한카드,개인 신용카드,주유·주차·택시,GS칼텍스 선택,신용카드,,300000.0,150000.0,482900.0,148800.0,Y,BENEFIT_RECEIVED,BENEFIT_APPLIED,1300,1300,0,,10%,150000.0,,,SYNTHETIC_RULE_MATCHING_V1,39-01,주유 맞춤 혜택,주유,17,할인,%,10.0,300000.0,,,,,,PICKA 표준 혜택 카테고리 '주유' 시연 데이터,https://www.card-gorilla.com/card/detail/39,DISCOUNT_APPLIED,신한카드 Deep Oil | 4개의 정유사 중 직접 고른 1개 정유사 주유 이용금액 10% 결제일 할인 (전월실적 30만원 이상),1300.0,KRW
ONE_TRANSACTION_PER_ROW,persona2,박준혁,persona2@picka.app,30,1997-07-02,010-0652-8245,T 멤버십|GS&POINT|MY S-OIL|네이버플러스 멤버십|현대자동차 블루멤버스,ADULT,EARLY_30S,남성,IT 기업 개발자,경기도 성남시,False,경기도,성남시,0,2026-07-24,[],,,,,,,,,실용적 소비를 추구하는 차량 보유자,1200000,2026-05~2026-07,"주유 할인, 대중교통·택시 적립, 헬스장/PT 할인, 배달앱 캐시백 카드",False,False,False,False,False,False,PRIVATE_EMPLOYEE | IT_EMPLOYEE,SKT,CAR,False,True,NONE,EMART,True,False,0,,VERIFIED,"30세 IT 직장인. SKT·자가용·하이패스·이마트 이용자이며, 경차·군인·복지·K-패스·항공사 제휴 자격은 해당하지 않음.",2,UC201 | UC202,밸런스 카드 | 신한카드 Deep Oil,밸런스 카드:운동·배달·대중교통·구독·편의점 | 신한카드 Deep Oil:주유·주차·택시,persona2-038,persona2-038,2026-06,2026-06-21T19:05:00,S-OIL,자동차,주유,FUEL,43200,0,43200,신용카드,CARD,APPROVED,S-OIL 결제 · 주유 카테고리,,UC201,2271,밸런스 카드,BC 바로카드,개인 신용카드,운동·배달·대중교통·구독·편의점,,2233,신용카드,,400000,10000.0,,https://www.card-gorilla.com/card/detail/2271,594300,961400,Y,UC201,2271.0,밸런스 카드,BC 바로카드,개인 신용카드,운동·배달·대중교통·구독·편의점,,신용카드,,400000.0,10000.0,594300.0,961400.0,Y,CAP_EXHAUSTED,CARD_LIMIT_EXHAUSTED,0,1800,1800,월 할인한도 소진으로 혜택 미적용,50%,10000.0,0.0,0.0,SYNTHETIC_RULE_MATCHING_V1,2271-03,주유 맞춤 혜택,주유,17,할인,%,50.0,,,,10000.0,,,PICKA 표준 혜택 카테고리 '주유' 시연 데이터,https://www.card-gorilla.com/card/detail/2271,MISSED_CAP_EXHAUSTED,"밸런스 카드 | [Always 서비스] 언제나 즐길 수 있는 데일리 서비스
스타벅스 사이렌오더 50% 할인, 온라인몰 7% 할인",1800.0,KRW
ONE_TRANSACTION_PER_ROW,persona2,박준혁,persona2@picka.app,30,1997-07-02,010-0652-8245,T 멤버십|GS&POINT|MY S-OIL|네이버플러스 멤버십|현대자동차 블루멤버스,ADULT,EARLY_30S,남성,IT 기업 개발자,경기도 성남시,False,경기도,성남시,0,2026-07-24,[],,,,,,,,,실용적 소비를 추구하는 차량 보유자,1200000,2026-05~2026-07,"주유 할인, 대중교통·택시 적립, 헬스장/PT 할인, 배달앱 캐시백 카드",False,False,False,False,False,False,PRIVATE_EMPLOYEE | IT_EMPLOYEE,SKT,CAR,False,True,NONE,EMART,True,False,0,,VERIFIED,"30세 IT 직장인. SKT·자가용·하이패스·이마트 이용자이며, 경차·군인·복지·K-패스·항공사 제휴 자격은 해당하지 않음.",2,UC201 | UC202,밸런스 카드 | 신한카드 Deep Oil,밸런스 카드:운동·배달·대중교통·구독·편의점 | 신한카드 Deep Oil:주유·주차·택시,persona2-039,persona2-039,2026-06,2026-06-21T20:05:00,롯데마트,마트/쇼핑,대형마트 및 쇼핑,MART_SHOPPING,28900,0,28900,신용카드,CARD,APPROVED,롯데마트 결제 · 마트/쇼핑 카테고리,,UC201,2271,밸런스 카드,BC 바로카드,개인 신용카드,운동·배달·대중교통·구독·편의점,,2233,신용카드,,400000,10000.0,,https://www.card-gorilla.com/card/detail/2271,594300,961400,Y,UC201,2271.0,밸런스 카드,BC 바로카드,개인 신용카드,운동·배달·대중교통·구독·편의점,,신용카드,,400000.0,10000.0,594300.0,961400.0,Y,CAP_EXHAUSTED,CARD_LIMIT_EXHAUSTED,0,800,800,월 할인한도 소진으로 혜택 미적용,50%,10000.0,0.0,0.0,SYNTHETIC_RULE_MATCHING_V1,2271-03,마트/쇼핑 맞춤 혜택,마트/쇼핑,97,할인,%,50.0,,,,10000.0,,,PICKA 표준 혜택 카테고리 '마트/쇼핑' 시연 데이터,https://www.card-gorilla.com/card/detail/2271,MISSED_CAP_EXHAUSTED,"밸런스 카드 | [Always 서비스] 언제나 즐길 수 있는 데일리 서비스
스타벅스 사이렌오더 50% 할인, 온라인몰 7% 할인",800.0,KRW
ONE_TRANSACTION_PER_ROW,persona2,박준혁,persona2@picka.app,30,1997-07-02,010-0652-8245,T 멤버십|GS&POINT|MY S-OIL|네이버플러스 멤버십|현대자동차 블루멤버스,ADULT,EARLY_30S,남성,IT 기업 개발자,경기도 성남시,False,경기도,성남시,0,2026-07-24,[],,,,,,,,,실용적 소비를 추구하는 차량 보유자,1200000,2026-05~2026-07,"주유 할인, 대중교통·택시 적립, 헬스장/PT 할인, 배달앱 캐시백 카드",False,False,False,False,False,False,PRIVATE_EMPLOYEE | IT_EMPLOYEE,SKT,CAR,False,True,NONE,EMART,True,False,0,,VERIFIED,"30세 IT 직장인. SKT·자가용·하이패스·이마트 이용자이며, 경차·군인·복지·K-패스·항공사 제휴 자격은 해당하지 않음.",2,UC201 | UC202,밸런스 카드 | 신한카드 Deep Oil,밸런스 카드:운동·배달·대중교통·구독·편의점 | 신한카드 Deep Oil:주유·주차·택시,persona2-040,persona2-040,2026-06,2026-06-22T12:15:00,11번가,온라인쇼핑,온라인 종합몰,ONLINE_SHOPPING,5200,0,5200,신용카드,CARD,APPROVED,11번가 결제 · 온라인쇼핑 카테고리,,UC201,2271,밸런스 카드,BC 바로카드,개인 신용카드,운동·배달·대중교통·구독·편의점,,2233,신용카드,,400000,10000.0,,https://www.card-gorilla.com/card/detail/2271,594300,961400,Y,UC201,2271.0,밸런스 카드,BC 바로카드,개인 신용카드,운동·배달·대중교통·구독·편의점,,신용카드,,400000.0,10000.0,594300.0,961400.0,Y,CAP_EXHAUSTED,CARD_LIMIT_EXHAUSTED,0,100,100,월 할인한도 소진으로 혜택 미적용,50%,10000.0,0.0,0.0,SYNTHETIC_RULE_MATCHING_V1,2271-03,온라인쇼핑 맞춤 혜택,온라인쇼핑,7,할인,%,50.0,,,,10000.0,,,PICKA 표준 혜택 카테고리 '온라인쇼핑' 시연 데이터,https://www.card-gorilla.com/card/detail/2271,MISSED_CAP_EXHAUSTED,"밸런스 카드 | [Always 서비스] 언제나 즐길 수 있는 데일리 서비스
스타벅스 사이렌오더 50% 할인, 온라인몰 7% 할인",100.0,KRW
ONE_TRANSACTION_PER_ROW,persona2,박준혁,persona2@picka.app,30,1997-07-02,010-0652-8245,T 멤버십|GS&POINT|MY S-OIL|네이버플러스 멤버십|현대자동차 블루멤버스,ADULT,EARLY_30S,남성,IT 기업 개발자,경기도 성남시,False,경기도,성남시,0,2026-07-24,[],,,,,,,,,실용적 소비를 추구하는 차량 보유자,1200000,2026-05~2026-07,"주유 할인, 대중교통·택시 적립, 헬스장/PT 할인, 배달앱 캐시백 카드",False,False,False,False,False,False,PRIVATE_EMPLOYEE | IT_EMPLOYEE,SKT,CAR,False,True,NONE,EMART,True,False,0,,VERIFIED,"30세 IT 직장인. SKT·자가용·하이패스·이마트 이용자이며, 경차·군인·복지·K-패스·항공사 제휴 자격은 해당하지 않음.",2,UC201 | UC202,밸런스 카드 | 신한카드 Deep Oil,밸런스 카드:운동·배달·대중교통·구독·편의점 | 신한카드 Deep Oil:주유·주차·택시,persona2-041,persona2-041,2026-06,2026-06-23T09:50:00,패스트푸드,외식,음식점,FOOD_DINING,9000,0,9000,신용카드,CARD,APPROVED,패스트푸드 결제 · 푸드/외식 카테고리,,UC201,2271,밸런스 카드,BC 바로카드,개인 신용카드,운동·배달·대중교통·구독·편의점,,2233,신용카드,,400000,10000.0,,https://www.card-gorilla.com/card/detail/2271,594300,961400,Y,UC201,2271.0,밸런스 카드,BC 바로카드,개인 신용카드,운동·배달·대중교통·구독·편의점,,신용카드,,400000.0,10000.0,594300.0,961400.0,Y,CAP_EXHAUSTED,CARD_LIMIT_EXHAUSTED,0,300,300,월 할인한도 소진으로 혜택 미적용,50%,10000.0,0.0,0.0,SYNTHETIC_RULE_MATCHING_V1,2271-03,푸드/외식 맞춤 혜택,푸드/외식,57,할인,%,50.0,,,,10000.0,,,PICKA 표준 혜택 카테고리 '푸드/외식' 시연 데이터,https://www.card-gorilla.com/card/detail/2271,MISSED_CAP_EXHAUSTED,"밸런스 카드 | [Always 서비스] 언제나 즐길 수 있는 데일리 서비스
스타벅스 사이렌오더 50% 할인, 온라인몰 7% 할인",300.0,KRW
ONE_TRANSACTION_PER_ROW,persona2,박준혁,persona2@picka.app,30,1997-07-02,010-0652-8245,T 멤버십|GS&POINT|MY S-OIL|네이버플러스 멤버십|현대자동차 블루멤버스,ADULT,EARLY_30S,남성,IT 기업 개발자,경기도 성남시,False,경기도,성남시,0,2026-07-24,[],,,,,,,,,실용적 소비를 추구하는 차량 보유자,1200000,2026-05~2026-07,"주유 할인, 대중교통·택시 적립, 헬스장/PT 할인, 배달앱 캐시백 카드",False,False,False,False,False,False,PRIVATE_EMPLOYEE | IT_EMPLOYEE,SKT,CAR,False,True,NONE,EMART,True,False,0,,VERIFIED,"30세 IT 직장인. SKT·자가용·하이패스·이마트 이용자이며, 경차·군인·복지·K-패스·항공사 제휴 자격은 해당하지 않음.",2,UC201 | UC202,밸런스 카드 | 신한카드 Deep Oil,밸런스 카드:운동·배달·대중교통·구독·편의점 | 신한카드 Deep Oil:주유·주차·택시,persona2-042,persona2-042,2026-06,2026-06-23T12:05:00,토스페이,간편결제,온라인 간편결제,EASY_PAY,6500,0,6500,신용카드,CARD,APPROVED,토스페이 결제 · 간편결제 카테고리,,UC201,2271,밸런스 카드,BC 바로카드,개인 신용카드,운동·배달·대중교통·구독·편의점,,2233,신용카드,,400000,10000.0,,https://www.card-gorilla.com/card/detail/2271,594300,961400,Y,UC201,2271.0,밸런스 카드,BC 바로카드,개인 신용카드,운동·배달·대중교통·구독·편의점,,신용카드,,400000.0,10000.0,594300.0,961400.0,Y,CAP_EXHAUSTED,CARD_LIMIT_EXHAUSTED,0,200,200,월 할인한도 소진으로 혜택 미적용,50%,10000.0,0.0,0.0,SYNTHETIC_RULE_MATCHING_V1,2271-03,간편결제 맞춤 혜택,간편결제,45,할인,%,50.0,,,,10000.0,,,PICKA 표준 혜택 카테고리 '간편결제' 시연 데이터,https://www.card-gorilla.com/card/detail/2271,MISSED_CAP_EXHAUSTED,"밸런스 카드 | [Always 서비스] 언제나 즐길 수 있는 데일리 서비스
스타벅스 사이렌오더 50% 할인, 온라인몰 7% 할인",200.0,KRW
ONE_TRANSACTION_PER_ROW,persona2,박준혁,persona2@picka.app,30,1997-07-02,010-0652-8245,T 멤버십|GS&POINT|MY S-OIL|네이버플러스 멤버십|현대자동차 블루멤버스,ADULT,EARLY_30S,남성,IT 기업 개발자,경기도 성남시,False,경기도,성남시,0,2026-07-24,[],,,,,,,,,실용적 소비를 추구하는 차량 보유자,1200000,2026-05~2026-07,"주유 할인, 대중교통·택시 적립, 헬스장/PT 할인, 배달앱 캐시백 카드",False,False,False,False,False,False,PRIVATE_EMPLOYEE | IT_EMPLOYEE,SKT,CAR,False,True,NONE,EMART,True,False,0,,VERIFIED,"30세 IT 직장인. SKT·자가용·하이패스·이마트 이용자이며, 경차·군인·복지·K-패스·항공사 제휴 자격은 해당하지 않음.",2,UC201 | UC202,밸런스 카드 | 신한카드 Deep Oil,밸런스 카드:운동·배달·대중교통·구독·편의점 | 신한카드 Deep Oil:주유·주차·택시,persona2-043,persona2-043,2026-06,2026-06-24T08:55:00,카카오 T,교통,대중교통·택시,TRANSIT,1900,0,1900,신용카드,CARD,APPROVED,카카오 T 결제 · 교통 카테고리,,UC201,2271,밸런스 카드,BC 바로카드,개인 신용카드,운동·배달·대중교통·구독·편의점,,2233,신용카드,,400000,10000.0,,https://www.card-gorilla.com/card/detail/2271,594300,961400,Y,UC201,2271.0,밸런스 카드,BC 바로카드,개인 신용카드,운동·배달·대중교통·구독·편의점,,신용카드,,400000.0,10000.0,594300.0,961400.0,Y,CAP_EXHAUSTED,CARD_LIMIT_EXHAUSTED,0,100,100,월 할인한도 소진으로 혜택 미적용,50%,10000.0,0.0,0.0,SYNTHETIC_RULE_MATCHING_V1,2271-03,교통 맞춤 혜택,교통,20,할인,%,50.0,,,,10000.0,,,PICKA 표준 혜택 카테고리 '교통' 시연 데이터,https://www.card-gorilla.com/card/detail/2271,MISSED_CAP_EXHAUSTED,"밸런스 카드 | [Always 서비스] 언제나 즐길 수 있는 데일리 서비스
스타벅스 사이렌오더 50% 할인, 온라인몰 7% 할인",100.0,KRW
ONE_TRANSACTION_PER_ROW,persona2,박준혁,persona2@picka.app,30,1997-07-02,010-0652-8245,T 멤버십|GS&POINT|MY S-OIL|네이버플러스 멤버십|현대자동차 블루멤버스,ADULT,EARLY_30S,남성,IT 기업 개발자,경기도 성남시,False,경기도,성남시,0,2026-07-24,[],,,,,,,,,실용적 소비를 추구하는 차량 보유자,1200000,2026-05~2026-07,"주유 할인, 대중교통·택시 적립, 헬스장/PT 할인, 배달앱 캐시백 카드",False,False,False,False,False,False,PRIVATE_EMPLOYEE | IT_EMPLOYEE,SKT,CAR,False,True,NONE,EMART,True,False,0,,VERIFIED,"30세 IT 직장인. SKT·자가용·하이패스·이마트 이용자이며, 경차·군인·복지·K-패스·항공사 제휴 자격은 해당하지 않음.",2,UC201 | UC202,밸런스 카드 | 신한카드 Deep Oil,밸런스 카드:운동·배달·대중교통·구독·편의점 | 신한카드 Deep Oil:주유·주차·택시,persona2-044,persona2-044,2026-06,2026-06-24T13:00:00,한식당,외식,음식점,FOOD_DINING,7600,0,7600,신용카드,CARD,APPROVED,한식당 결제 · 푸드/외식 카테고리,,UC201,2271,밸런스 카드,BC 바로카드,개인 신용카드,운동·배달·대중교통·구독·편의점,,2233,신용카드,,400000,10000.0,,https://www.card-gorilla.com/card/detail/2271,594300,961400,Y,UC201,2271.0,밸런스 카드,BC 바로카드,개인 신용카드,운동·배달·대중교통·구독·편의점,,신용카드,,400000.0,10000.0,594300.0,961400.0,Y,CAP_EXHAUSTED,CARD_LIMIT_EXHAUSTED,0,300,300,월 할인한도 소진으로 혜택 미적용,50%,10000.0,0.0,0.0,SYNTHETIC_RULE_MATCHING_V1,2271-03,푸드/외식 맞춤 혜택,푸드/외식,57,할인,%,50.0,,,,10000.0,,,PICKA 표준 혜택 카테고리 '푸드/외식' 시연 데이터,https://www.card-gorilla.com/card/detail/2271,MISSED_CAP_EXHAUSTED,"밸런스 카드 | [Always 서비스] 언제나 즐길 수 있는 데일리 서비스
스타벅스 사이렌오더 50% 할인, 온라인몰 7% 할인",300.0,KRW
ONE_TRANSACTION_PER_ROW,persona2,박준혁,persona2@picka.app,30,1997-07-02,010-0652-8245,T 멤버십|GS&POINT|MY S-OIL|네이버플러스 멤버십|현대자동차 블루멤버스,ADULT,EARLY_30S,남성,IT 기업 개발자,경기도 성남시,False,경기도,성남시,0,2026-07-24,[],,,,,,,,,실용적 소비를 추구하는 차량 보유자,1200000,2026-05~2026-07,"주유 할인, 대중교통·택시 적립, 헬스장/PT 할인, 배달앱 캐시백 카드",False,False,False,False,False,False,PRIVATE_EMPLOYEE | IT_EMPLOYEE,SKT,CAR,False,True,NONE,EMART,True,False,0,,VERIFIED,"30세 IT 직장인. SKT·자가용·하이패스·이마트 이용자이며, 경차·군인·복지·K-패스·항공사 제휴 자격은 해당하지 않음.",2,UC201 | UC202,밸런스 카드 | 신한카드 Deep Oil,밸런스 카드:운동·배달·대중교통·구독·편의점 | 신한카드 Deep Oil:주유·주차·택시,persona2-045,persona2-045,2026-06,2026-06-25T00:10:00,SK텔레콤,통신,이동통신요금,TELECOM,61400,0,61400,신용카드,CARD,APPROVED,SK텔레콤 결제 · 통신 카테고리,,UC201,2271,밸런스 카드,BC 바로카드,개인 신용카드,운동·배달·대중교통·구독·편의점,,2233,신용카드,,400000,10000.0,,https://www.card-gorilla.com/card/detail/2271,594300,961400,Y,,,,,,,,,,,,,,,NO_ELIGIBLE_BENEFIT,BEFORE_PICKA,0,0,0,,,,,,SYNTHETIC_RULE_MATCHING_V1,,통신 맞춤 혜택,통신,9,,,,,,,,,,PICKA 표준 혜택 카테고리 '통신' 시연 데이터,,,,,
ONE_TRANSACTION_PER_ROW,persona2,박준혁,persona2@picka.app,30,1997-07-02,010-0652-8245,T 멤버십|GS&POINT|MY S-OIL|네이버플러스 멤버십|현대자동차 블루멤버스,ADULT,EARLY_30S,남성,IT 기업 개발자,경기도 성남시,False,경기도,성남시,0,2026-07-24,[],,,,,,,,,실용적 소비를 추구하는 차량 보유자,1200000,2026-05~2026-07,"주유 할인, 대중교통·택시 적립, 헬스장/PT 할인, 배달앱 캐시백 카드",False,False,False,False,False,False,PRIVATE_EMPLOYEE | IT_EMPLOYEE,SKT,CAR,False,True,NONE,EMART,True,False,0,,VERIFIED,"30세 IT 직장인. SKT·자가용·하이패스·이마트 이용자이며, 경차·군인·복지·K-패스·항공사 제휴 자격은 해당하지 않음.",2,UC201 | UC202,밸런스 카드 | 신한카드 Deep Oil,밸런스 카드:운동·배달·대중교통·구독·편의점 | 신한카드 Deep Oil:주유·주차·택시,persona2-046,persona2-046,2026-06,2026-06-25T20:15:00,다이소,생활,생활용품,LIVING,7500,0,7500,신용카드,CARD,APPROVED,다이소 결제 · 생활 카테고리,,UC201,2271,밸런스 카드,BC 바로카드,개인 신용카드,운동·배달·대중교통·구독·편의점,,2233,신용카드,,400000,10000.0,,https://www.card-gorilla.com/card/detail/2271,594300,961400,Y,UC201,2271.0,밸런스 카드,BC 바로카드,개인 신용카드,운동·배달·대중교통·구독·편의점,,신용카드,,400000.0,10000.0,594300.0,961400.0,Y,CAP_EXHAUSTED,CARD_LIMIT_EXHAUSTED,0,200,200,월 할인한도 소진으로 혜택 미적용,50%,10000.0,0.0,0.0,SYNTHETIC_RULE_MATCHING_V1,2271-03,생활 맞춤 혜택,생활,22,할인,%,50.0,,,,10000.0,,,PICKA 표준 혜택 카테고리 '생활' 시연 데이터,https://www.card-gorilla.com/card/detail/2271,MISSED_CAP_EXHAUSTED,"밸런스 카드 | [Always 서비스] 언제나 즐길 수 있는 데일리 서비스
스타벅스 사이렌오더 50% 할인, 온라인몰 7% 할인",200.0,KRW
ONE_TRANSACTION_PER_ROW,persona2,박준혁,persona2@picka.app,30,1997-07-02,010-0652-8245,T 멤버십|GS&POINT|MY S-OIL|네이버플러스 멤버십|현대자동차 블루멤버스,ADULT,EARLY_30S,남성,IT 기업 개발자,경기도 성남시,False,경기도,성남시,0,2026-07-24,[],,,,,,,,,실용적 소비를 추구하는 차량 보유자,1200000,2026-05~2026-07,"주유 할인, 대중교통·택시 적립, 헬스장/PT 할인, 배달앱 캐시백 카드",False,False,False,False,False,False,PRIVATE_EMPLOYEE | IT_EMPLOYEE,SKT,CAR,False,True,NONE,EMART,True,False,0,,VERIFIED,"30세 IT 직장인. SKT·자가용·하이패스·이마트 이용자이며, 경차·군인·복지·K-패스·항공사 제휴 자격은 해당하지 않음.",2,UC201 | UC202,밸런스 카드 | 신한카드 Deep Oil,밸런스 카드:운동·배달·대중교통·구독·편의점 | 신한카드 Deep Oil:주유·주차·택시,persona2-047,persona2-047,2026-06,2026-06-26T13:15:00,무인양품,생활,생활용품,LIVING,6900,0,6900,신용카드,CARD,APPROVED,무인양품 결제 · 생활 카테고리,,UC201,2271,밸런스 카드,BC 바로카드,개인 신용카드,운동·배달·대중교통·구독·편의점,,2233,신용카드,,400000,10000.0,,https://www.card-gorilla.com/card/detail/2271,594300,961400,Y,UC201,2271.0,밸런스 카드,BC 바로카드,개인 신용카드,운동·배달·대중교통·구독·편의점,,신용카드,,400000.0,10000.0,594300.0,961400.0,Y,CAP_EXHAUSTED,CARD_LIMIT_EXHAUSTED,0,300,300,월 할인한도 소진으로 혜택 미적용,50%,10000.0,0.0,0.0,SYNTHETIC_RULE_MATCHING_V1,2271-03,생활 맞춤 혜택,생활,22,할인,%,50.0,,,,10000.0,,,PICKA 표준 혜택 카테고리 '생활' 시연 데이터,https://www.card-gorilla.com/card/detail/2271,MISSED_CAP_EXHAUSTED,"밸런스 카드 | [Always 서비스] 언제나 즐길 수 있는 데일리 서비스
스타벅스 사이렌오더 50% 할인, 온라인몰 7% 할인",300.0,KRW
ONE_TRANSACTION_PER_ROW,persona2,박준혁,persona2@picka.app,30,1997-07-02,010-0652-8245,T 멤버십|GS&POINT|MY S-OIL|네이버플러스 멤버십|현대자동차 블루멤버스,ADULT,EARLY_30S,남성,IT 기업 개발자,경기도 성남시,False,경기도,성남시,0,2026-07-24,[],,,,,,,,,실용적 소비를 추구하는 차량 보유자,1200000,2026-05~2026-07,"주유 할인, 대중교통·택시 적립, 헬스장/PT 할인, 배달앱 캐시백 카드",False,False,False,False,False,False,PRIVATE_EMPLOYEE | IT_EMPLOYEE,SKT,CAR,False,True,NONE,EMART,True,False,0,,VERIFIED,"30세 IT 직장인. SKT·자가용·하이패스·이마트 이용자이며, 경차·군인·복지·K-패스·항공사 제휴 자격은 해당하지 않음.",2,UC201 | UC202,밸런스 카드 | 신한카드 Deep Oil,밸런스 카드:운동·배달·대중교통·구독·편의점 | 신한카드 Deep Oil:주유·주차·택시,persona2-048,persona2-048,2026-06,2026-06-26T22:05:00,서울교통공사,교통,대중교통·택시,TRANSIT,7700,300,7400,신용카드,CARD,APPROVED,서울교통공사 결제 · 교통 카테고리,,UC202,39,신한카드 Deep Oil,신한카드,개인 신용카드,주유·주차·택시,GS칼텍스 선택,3344,신용카드,,300000,150000.0,,https://www.card-gorilla.com/card/detail/39,482900,148800,Y,UC202,39.0,신한카드 Deep Oil,신한카드,개인 신용카드,주유·주차·택시,GS칼텍스 선택,신용카드,,300000.0,150000.0,482900.0,148800.0,Y,BENEFIT_RECEIVED,BENEFIT_APPLIED,300,300,0,,10%,150000.0,,,SYNTHETIC_RULE_MATCHING_V1,39-02,교통 맞춤 혜택,교통,20,할인,%,10.0,300000.0,,,,,,PICKA 표준 혜택 카테고리 '교통' 시연 데이터,https://www.card-gorilla.com/card/detail/39,DISCOUNT_APPLIED,"신한카드 Deep Oil | 정비소(스피드메이트), 주차장 이용금액 10% 결제일 할인 (전월실적 30만원 이상)",300.0,KRW
ONE_TRANSACTION_PER_ROW,persona2,박준혁,persona2@picka.app,30,1997-07-02,010-0652-8245,T 멤버십|GS&POINT|MY S-OIL|네이버플러스 멤버십|현대자동차 블루멤버스,ADULT,EARLY_30S,남성,IT 기업 개발자,경기도 성남시,False,경기도,성남시,0,2026-07-24,[],,,,,,,,,실용적 소비를 추구하는 차량 보유자,1200000,2026-05~2026-07,"주유 할인, 대중교통·택시 적립, 헬스장/PT 할인, 배달앱 캐시백 카드",False,False,False,False,False,False,PRIVATE_EMPLOYEE | IT_EMPLOYEE,SKT,CAR,False,True,NONE,EMART,True,False,0,,VERIFIED,"30세 IT 직장인. SKT·자가용·하이패스·이마트 이용자이며, 경차·군인·복지·K-패스·항공사 제휴 자격은 해당하지 않음.",2,UC201 | UC202,밸런스 카드 | 신한카드 Deep Oil,밸런스 카드:운동·배달·대중교통·구독·편의점 | 신한카드 Deep Oil:주유·주차·택시,persona2-049,persona2-049,2026-06,2026-06-27T08:45:00,일반 가맹점,모든가맹점,일반 결제,ALL_MERCHANTS,5800,0,5800,신용카드,CARD,APPROVED,일반 가맹점 결제 · 모든가맹점 카테고리,,UC201,2271,밸런스 카드,BC 바로카드,개인 신용카드,운동·배달·대중교통·구독·편의점,,2233,신용카드,,400000,10000.0,,https://www.card-gorilla.com/card/detail/2271,594300,961400,Y,UC201,2271.0,밸런스 카드,BC 바로카드,개인 신용카드,운동·배달·대중교통·구독·편의점,,신용카드,,400000.0,10000.0,594300.0,961400.0,Y,CAP_EXHAUSTED,CARD_LIMIT_EXHAUSTED,0,200,200,월 할인한도 소진으로 혜택 미적용,50%,10000.0,0.0,0.0,SYNTHETIC_RULE_MATCHING_V1,2271-03,모든가맹점 맞춤 혜택,모든가맹점,15,할인,%,50.0,,,,10000.0,,,PICKA 표준 혜택 카테고리 '모든가맹점' 시연 데이터,https://www.card-gorilla.com/card/detail/2271,MISSED_CAP_EXHAUSTED,"밸런스 카드 | [Always 서비스] 언제나 즐길 수 있는 데일리 서비스
스타벅스 사이렌오더 50% 할인, 온라인몰 7% 할인",200.0,KRW
ONE_TRANSACTION_PER_ROW,persona2,박준혁,persona2@picka.app,30,1997-07-02,010-0652-8245,T 멤버십|GS&POINT|MY S-OIL|네이버플러스 멤버십|현대자동차 블루멤버스,ADULT,EARLY_30S,남성,IT 기업 개발자,경기도 성남시,False,경기도,성남시,0,2026-07-24,[],,,,,,,,,실용적 소비를 추구하는 차량 보유자,1200000,2026-05~2026-07,"주유 할인, 대중교통·택시 적립, 헬스장/PT 할인, 배달앱 캐시백 카드",False,False,False,False,False,False,PRIVATE_EMPLOYEE | IT_EMPLOYEE,SKT,CAR,False,True,NONE,EMART,True,False,0,,VERIFIED,"30세 IT 직장인. SKT·자가용·하이패스·이마트 이용자이며, 경차·군인·복지·K-패스·항공사 제휴 자격은 해당하지 않음.",2,UC201 | UC202,밸런스 카드 | 신한카드 Deep Oil,밸런스 카드:운동·배달·대중교통·구독·편의점 | 신한카드 Deep Oil:주유·주차·택시,persona2-050,persona2-050,2026-06,2026-06-27T14:00:00,CGV,문화,영화 및 문화,MOVIE_CULTURE,8300,0,8300,신용카드,CARD,APPROVED,CGV 결제 · 영화/문화 카테고리,,UC202,39,신한카드 Deep Oil,신한카드,개인 신용카드,주유·주차·택시,GS칼텍스 선택,3344,신용카드,,300000,150000.0,,https://www.card-gorilla.com/card/detail/39,482900,148800,Y,UC201,2271.0,밸런스 카드,BC 바로카드,개인 신용카드,운동·배달·대중교통·구독·편의점,,신용카드,,400000.0,10000.0,594300.0,961400.0,Y,WRONG_CARD_BEFORE_PICKA,BEFORE_PICKA,0,200,200,픽카 이용 전 다른 카드를 사용하여 받을 수 있었던 혜택을 놓침,50%,10000.0,,,SYNTHETIC_RULE_MATCHING_V1,2271-03,영화/문화 맞춤 혜택,영화/문화,55,할인,%,50.0,,,,10000.0,,,PICKA 표준 혜택 카테고리 '영화/문화' 시연 데이터,https://www.card-gorilla.com/card/detail/2271,MISSED_WRONG_CARD,"밸런스 카드 | [Always 서비스] 언제나 즐길 수 있는 데일리 서비스
스타벅스 사이렌오더 50% 할인, 온라인몰 7% 할인",200.0,KRW
ONE_TRANSACTION_PER_ROW,persona2,박준혁,persona2@picka.app,30,1997-07-02,010-0652-8245,T 멤버십|GS&POINT|MY S-OIL|네이버플러스 멤버십|현대자동차 블루멤버스,ADULT,EARLY_30S,남성,IT 기업 개발자,경기도 성남시,False,경기도,성남시,0,2026-07-24,[],,,,,,,,,실용적 소비를 추구하는 차량 보유자,1200000,2026-05~2026-07,"주유 할인, 대중교통·택시 적립, 헬스장/PT 할인, 배달앱 캐시백 카드",False,False,False,False,False,False,PRIVATE_EMPLOYEE | IT_EMPLOYEE,SKT,CAR,False,True,NONE,EMART,True,False,0,,VERIFIED,"30세 IT 직장인. SKT·자가용·하이패스·이마트 이용자이며, 경차·군인·복지·K-패스·항공사 제휴 자격은 해당하지 않음.",2,UC201 | UC202,밸런스 카드 | 신한카드 Deep Oil,밸런스 카드:운동·배달·대중교통·구독·편의점 | 신한카드 Deep Oil:주유·주차·택시,persona2-051,persona2-051,2026-06,2026-06-28T19:40:00,오토오아시스,자동차,차량정비 및 세차,AUTO_MAINTENANCE,30600,0,30600,신용카드,CARD,APPROVED,오토오아시스 결제 · 자동차/정비 카테고리,,UC201,2271,밸런스 카드,BC 바로카드,개인 신용카드,운동·배달·대중교통·구독·편의점,,2233,신용카드,,400000,10000.0,,https://www.card-gorilla.com/card/detail/2271,594300,961400,Y,UC201,2271.0,밸런스 카드,BC 바로카드,개인 신용카드,운동·배달·대중교통·구독·편의점,,신용카드,,400000.0,10000.0,594300.0,961400.0,Y,CAP_EXHAUSTED,CARD_LIMIT_EXHAUSTED,0,900,900,월 할인한도 소진으로 혜택 미적용,50%,10000.0,0.0,0.0,SYNTHETIC_RULE_MATCHING_V1,2271-03,자동차/정비 맞춤 혜택,자동차/정비,10,할인,%,50.0,,,,10000.0,,,PICKA 표준 혜택 카테고리 '자동차/정비' 시연 데이터,https://www.card-gorilla.com/card/detail/2271,MISSED_CAP_EXHAUSTED,"밸런스 카드 | [Always 서비스] 언제나 즐길 수 있는 데일리 서비스
스타벅스 사이렌오더 50% 할인, 온라인몰 7% 할인",900.0,KRW
ONE_TRANSACTION_PER_ROW,persona2,박준혁,persona2@picka.app,30,1997-07-02,010-0652-8245,T 멤버십|GS&POINT|MY S-OIL|네이버플러스 멤버십|현대자동차 블루멤버스,ADULT,EARLY_30S,남성,IT 기업 개발자,경기도 성남시,False,경기도,성남시,0,2026-07-24,[],,,,,,,,,실용적 소비를 추구하는 차량 보유자,1200000,2026-05~2026-07,"주유 할인, 대중교통·택시 적립, 헬스장/PT 할인, 배달앱 캐시백 카드",False,False,False,False,False,False,PRIVATE_EMPLOYEE | IT_EMPLOYEE,SKT,CAR,False,True,NONE,EMART,True,False,0,,VERIFIED,"30세 IT 직장인. SKT·자가용·하이패스·이마트 이용자이며, 경차·군인·복지·K-패스·항공사 제휴 자격은 해당하지 않음.",2,UC201 | UC202,밸런스 카드 | 신한카드 Deep Oil,밸런스 카드:운동·배달·대중교통·구독·편의점 | 신한카드 Deep Oil:주유·주차·택시,persona2-052,persona2-052,2026-06,2026-06-28T21:10:00,김밥전문점,외식,음식점,FOOD_DINING,7600,0,7600,신용카드,CARD,APPROVED,김밥전문점 결제 · 푸드/외식 카테고리,,UC201,2271,밸런스 카드,BC 바로카드,개인 신용카드,운동·배달·대중교통·구독·편의점,,2233,신용카드,,400000,10000.0,,https://www.card-gorilla.com/card/detail/2271,594300,961400,Y,UC201,2271.0,밸런스 카드,BC 바로카드,개인 신용카드,운동·배달·대중교통·구독·편의점,,신용카드,,400000.0,10000.0,594300.0,961400.0,Y,CAP_EXHAUSTED,CARD_LIMIT_EXHAUSTED,0,200,200,월 할인한도 소진으로 혜택 미적용,50%,10000.0,0.0,0.0,SYNTHETIC_RULE_MATCHING_V1,2271-03,푸드/외식 맞춤 혜택,푸드/외식,57,할인,%,50.0,,,,10000.0,,,PICKA 표준 혜택 카테고리 '푸드/외식' 시연 데이터,https://www.card-gorilla.com/card/detail/2271,MISSED_CAP_EXHAUSTED,"밸런스 카드 | [Always 서비스] 언제나 즐길 수 있는 데일리 서비스
스타벅스 사이렌오더 50% 할인, 온라인몰 7% 할인",200.0,KRW
ONE_TRANSACTION_PER_ROW,persona2,박준혁,persona2@picka.app,30,1997-07-02,010-0652-8245,T 멤버십|GS&POINT|MY S-OIL|네이버플러스 멤버십|현대자동차 블루멤버스,ADULT,EARLY_30S,남성,IT 기업 개발자,경기도 성남시,False,경기도,성남시,0,2026-07-24,[],,,,,,,,,실용적 소비를 추구하는 차량 보유자,1200000,2026-05~2026-07,"주유 할인, 대중교통·택시 적립, 헬스장/PT 할인, 배달앱 캐시백 카드",False,False,False,False,False,False,PRIVATE_EMPLOYEE | IT_EMPLOYEE,SKT,CAR,False,True,NONE,EMART,True,False,0,,VERIFIED,"30세 IT 직장인. SKT·자가용·하이패스·이마트 이용자이며, 경차·군인·복지·K-패스·항공사 제휴 자격은 해당하지 않음.",2,UC201 | UC202,밸런스 카드 | 신한카드 Deep Oil,밸런스 카드:운동·배달·대중교통·구독·편의점 | 신한카드 Deep Oil:주유·주차·택시,persona2-053,persona2-053,2026-06,2026-06-30T08:10:00,이탈리안 레스토랑,외식,음식점,FOOD_DINING,7900,0,7900,신용카드,CARD,APPROVED,이탈리안 레스토랑 결제 · 푸드/외식 카테고리,,UC201,2271,밸런스 카드,BC 바로카드,개인 신용카드,운동·배달·대중교통·구독·편의점,,2233,신용카드,,400000,10000.0,,https://www.card-gorilla.com/card/detail/2271,594300,961400,Y,UC201,2271.0,밸런스 카드,BC 바로카드,개인 신용카드,운동·배달·대중교통·구독·편의점,,신용카드,,400000.0,10000.0,594300.0,961400.0,Y,CAP_EXHAUSTED,CARD_LIMIT_EXHAUSTED,0,300,300,월 할인한도 소진으로 혜택 미적용,50%,10000.0,0.0,0.0,SYNTHETIC_RULE_MATCHING_V1,2271-03,푸드/외식 맞춤 혜택,푸드/외식,57,할인,%,50.0,,,,10000.0,,,PICKA 표준 혜택 카테고리 '푸드/외식' 시연 데이터,https://www.card-gorilla.com/card/detail/2271,MISSED_CAP_EXHAUSTED,"밸런스 카드 | [Always 서비스] 언제나 즐길 수 있는 데일리 서비스
스타벅스 사이렌오더 50% 할인, 온라인몰 7% 할인",300.0,KRW
ONE_TRANSACTION_PER_ROW,persona2,박준혁,persona2@picka.app,30,1997-07-02,010-0652-8245,T 멤버십|GS&POINT|MY S-OIL|네이버플러스 멤버십|현대자동차 블루멤버스,ADULT,EARLY_30S,남성,IT 기업 개발자,경기도 성남시,False,경기도,성남시,0,2026-07-24,[],,,,,,,,,실용적 소비를 추구하는 차량 보유자,1200000,2026-05~2026-07,"주유 할인, 대중교통·택시 적립, 헬스장/PT 할인, 배달앱 캐시백 카드",False,False,False,False,False,False,PRIVATE_EMPLOYEE | IT_EMPLOYEE,SKT,CAR,False,True,NONE,EMART,True,False,0,,VERIFIED,"30세 IT 직장인. SKT·자가용·하이패스·이마트 이용자이며, 경차·군인·복지·K-패스·항공사 제휴 자격은 해당하지 않음.",2,UC201 | UC202,밸런스 카드 | 신한카드 Deep Oil,밸런스 카드:운동·배달·대중교통·구독·편의점 | 신한카드 Deep Oil:주유·주차·택시,persona2-054,persona2-054,2026-06,2026-06-30T12:00:00,세탁특공대,생활,생활용품,LIVING,6500,0,6500,신용카드,CARD,APPROVED,세탁특공대 결제 · 생활 카테고리,,UC201,2271,밸런스 카드,BC 바로카드,개인 신용카드,운동·배달·대중교통·구독·편의점,,2233,신용카드,,400000,10000.0,,https://www.card-gorilla.com/card/detail/2271,594300,961400,Y,UC201,2271.0,밸런스 카드,BC 바로카드,개인 신용카드,운동·배달·대중교통·구독·편의점,,신용카드,,400000.0,10000.0,594300.0,961400.0,Y,CAP_EXHAUSTED,CARD_LIMIT_EXHAUSTED,0,300,300,월 할인한도 소진으로 혜택 미적용,50%,10000.0,0.0,0.0,SYNTHETIC_RULE_MATCHING_V1,2271-03,생활 맞춤 혜택,생활,22,할인,%,50.0,,,,10000.0,,,PICKA 표준 혜택 카테고리 '생활' 시연 데이터,https://www.card-gorilla.com/card/detail/2271,MISSED_CAP_EXHAUSTED,"밸런스 카드 | [Always 서비스] 언제나 즐길 수 있는 데일리 서비스
스타벅스 사이렌오더 50% 할인, 온라인몰 7% 할인",300.0,KRW
ONE_TRANSACTION_PER_ROW,persona2,박준혁,persona2@picka.app,30,1997-07-02,010-0652-8245,T 멤버십|GS&POINT|MY S-OIL|네이버플러스 멤버십|현대자동차 블루멤버스,ADULT,EARLY_30S,남성,IT 기업 개발자,경기도 성남시,False,경기도,성남시,0,2026-07-24,[],,,,,,,,,실용적 소비를 추구하는 차량 보유자,1200000,2026-05~2026-07,"주유 할인, 대중교통·택시 적립, 헬스장/PT 할인, 배달앱 캐시백 카드",False,False,False,False,False,False,PRIVATE_EMPLOYEE | IT_EMPLOYEE,SKT,CAR,False,True,NONE,EMART,True,False,0,,VERIFIED,"30세 IT 직장인. SKT·자가용·하이패스·이마트 이용자이며, 경차·군인·복지·K-패스·항공사 제휴 자격은 해당하지 않음.",2,UC201 | UC202,밸런스 카드 | 신한카드 Deep Oil,밸런스 카드:운동·배달·대중교통·구독·편의점 | 신한카드 Deep Oil:주유·주차·택시,persona2-055,persona2-055,2026-06,2026-06-30T12:00:00,동네문구점,기타,기타 생활지출,OTHER,2900,0,2900,신용카드,CARD,APPROVED,동네문구점 결제 · 기타 카테고리,,UC201,2271,밸런스 카드,BC 바로카드,개인 신용카드,운동·배달·대중교통·구독·편의점,,2233,신용카드,,400000,10000.0,,https://www.card-gorilla.com/card/detail/2271,594300,961400,Y,UC201,2271.0,밸런스 카드,BC 바로카드,개인 신용카드,운동·배달·대중교통·구독·편의점,,신용카드,,400000.0,10000.0,594300.0,961400.0,Y,CAP_EXHAUSTED,CARD_LIMIT_EXHAUSTED,0,100,100,월 할인한도 소진으로 혜택 미적용,50%,10000.0,0.0,0.0,SYNTHETIC_RULE_MATCHING_V1,2271-03,기타 맞춤 혜택,기타,77,할인,%,50.0,,,,10000.0,,,PICKA 표준 혜택 카테고리 '기타' 시연 데이터,https://www.card-gorilla.com/card/detail/2271,MISSED_CAP_EXHAUSTED,"밸런스 카드 | [Always 서비스] 언제나 즐길 수 있는 데일리 서비스
스타벅스 사이렌오더 50% 할인, 온라인몰 7% 할인",100.0,KRW
ONE_TRANSACTION_PER_ROW,persona2,박준혁,persona2@picka.app,30,1997-07-02,010-0652-8245,T 멤버십|GS&POINT|MY S-OIL|네이버플러스 멤버십|현대자동차 블루멤버스,ADULT,EARLY_30S,남성,IT 기업 개발자,경기도 성남시,False,경기도,성남시,0,2026-07-24,[],,,,,,,,,실용적 소비를 추구하는 차량 보유자,1200000,2026-05~2026-07,"주유 할인, 대중교통·택시 적립, 헬스장/PT 할인, 배달앱 캐시백 카드",False,False,False,False,False,False,PRIVATE_EMPLOYEE | IT_EMPLOYEE,SKT,CAR,False,True,NONE,EMART,True,False,0,,VERIFIED,"30세 IT 직장인. SKT·자가용·하이패스·이마트 이용자이며, 경차·군인·복지·K-패스·항공사 제휴 자격은 해당하지 않음.",2,UC201 | UC202,밸런스 카드 | 신한카드 Deep Oil,밸런스 카드:운동·배달·대중교통·구독·편의점 | 신한카드 Deep Oil:주유·주차·택시,july26-persona2-0032,july26-persona2-0032,2026-07,2026-07-02T17:55:00,스타벅스,카페,카페 및 디저트,CAFE_DESSERT,9900,700,9200,신용카드,CARD,APPROVED,스타벅스 결제 · 카페/디저트 카테고리,,UC201,2271,밸런스 카드,BC 바로카드,개인 신용카드,운동·배달·대중교통·구독·편의점,,2233,신용카드,,400000,10000.0,,https://www.card-gorilla.com/card/detail/2271,961400,570100,Y,UC201,2271.0,밸런스 카드,BC 바로카드,개인 신용카드,운동·배달·대중교통·구독·편의점,,신용카드,,400000.0,10000.0,961400.0,570100.0,Y,BENEFIT_RECEIVED,BENEFIT_APPLIED,700,700,0,,50%,10000.0,10000.0,9300.0,SYNTHETIC_RULE_MATCHING_V1,2271-03,카페/디저트 맞춤 혜택,카페/디저트,45,할인,%,50.0,,,,10000.0,,,PICKA 표준 혜택 카테고리 '카페/디저트' 시연 데이터,https://www.card-gorilla.com/card/detail/2271,DISCOUNT_APPLIED,"밸런스 카드 | [Always 서비스] 언제나 즐길 수 있는 데일리 서비스
스타벅스 사이렌오더 50% 할인, 온라인몰 7% 할인",700.0,KRW
ONE_TRANSACTION_PER_ROW,persona2,박준혁,persona2@picka.app,30,1997-07-02,010-0652-8245,T 멤버십|GS&POINT|MY S-OIL|네이버플러스 멤버십|현대자동차 블루멤버스,ADULT,EARLY_30S,남성,IT 기업 개발자,경기도 성남시,False,경기도,성남시,0,2026-07-24,[],,,,,,,,,실용적 소비를 추구하는 차량 보유자,1200000,2026-05~2026-07,"주유 할인, 대중교통·택시 적립, 헬스장/PT 할인, 배달앱 캐시백 카드",False,False,False,False,False,False,PRIVATE_EMPLOYEE | IT_EMPLOYEE,SKT,CAR,False,True,NONE,EMART,True,False,0,,VERIFIED,"30세 IT 직장인. SKT·자가용·하이패스·이마트 이용자이며, 경차·군인·복지·K-패스·항공사 제휴 자격은 해당하지 않음.",2,UC201 | UC202,밸런스 카드 | 신한카드 Deep Oil,밸런스 카드:운동·배달·대중교통·구독·편의점 | 신한카드 Deep Oil:주유·주차·택시,july26-persona2-0019,july26-persona2-0019,2026-07,2026-07-03T08:50:00,한식당,외식,음식점,FOOD_DINING,10700,0,10700,신용카드,CARD,APPROVED,한식당 결제 · 푸드/외식 카테고리,,UC202,39,신한카드 Deep Oil,신한카드,개인 신용카드,주유·주차·택시,GS칼텍스 선택,3344,신용카드,,300000,150000.0,,https://www.card-gorilla.com/card/detail/39,148800,540200,N,UC201,2271.0,밸런스 카드,BC 바로카드,개인 신용카드,운동·배달·대중교통·구독·편의점,,신용카드,,400000.0,10000.0,961400.0,570100.0,Y,WRONG_CARD_BEFORE_PICKA,BEFORE_PICKA,0,200,200,픽카 이용 전 다른 카드를 사용하여 받을 수 있었던 혜택을 놓침,50%,10000.0,,,SYNTHETIC_RULE_MATCHING_V1,2271-03,푸드/외식 맞춤 혜택,푸드/외식,57,할인,%,50.0,,,,10000.0,,,PICKA 표준 혜택 카테고리 '푸드/외식' 시연 데이터,https://www.card-gorilla.com/card/detail/2271,MISSED_WRONG_CARD,"밸런스 카드 | [Always 서비스] 언제나 즐길 수 있는 데일리 서비스
스타벅스 사이렌오더 50% 할인, 온라인몰 7% 할인",200.0,KRW
ONE_TRANSACTION_PER_ROW,persona2,박준혁,persona2@picka.app,30,1997-07-02,010-0652-8245,T 멤버십|GS&POINT|MY S-OIL|네이버플러스 멤버십|현대자동차 블루멤버스,ADULT,EARLY_30S,남성,IT 기업 개발자,경기도 성남시,False,경기도,성남시,0,2026-07-24,[],,,,,,,,,실용적 소비를 추구하는 차량 보유자,1200000,2026-05~2026-07,"주유 할인, 대중교통·택시 적립, 헬스장/PT 할인, 배달앱 캐시백 카드",False,False,False,False,False,False,PRIVATE_EMPLOYEE | IT_EMPLOYEE,SKT,CAR,False,True,NONE,EMART,True,False,0,,VERIFIED,"30세 IT 직장인. SKT·자가용·하이패스·이마트 이용자이며, 경차·군인·복지·K-패스·항공사 제휴 자격은 해당하지 않음.",2,UC201 | UC202,밸런스 카드 | 신한카드 Deep Oil,밸런스 카드:운동·배달·대중교통·구독·편의점 | 신한카드 Deep Oil:주유·주차·택시,july26-persona2-0022,july26-persona2-0022,2026-07,2026-07-03T19:35:00,인천공항 라운지,프리미엄서비스,프리미엄 서비스,PREMIUM_SERVICE,32300,0,32300,신용카드,CARD,APPROVED,인천공항 라운지 결제 · 프리미엄서비스 카테고리,,UC202,39,신한카드 Deep Oil,신한카드,개인 신용카드,주유·주차·택시,GS칼텍스 선택,3344,신용카드,,300000,150000.0,,https://www.card-gorilla.com/card/detail/39,148800,540200,N,UC201,2271.0,밸런스 카드,BC 바로카드,개인 신용카드,운동·배달·대중교통·구독·편의점,,신용카드,,400000.0,10000.0,961400.0,570100.0,Y,WRONG_CARD_BEFORE_PICKA,BEFORE_PICKA,0,700,700,픽카 이용 전 다른 카드를 사용하여 받을 수 있었던 혜택을 놓침,50%,10000.0,,,SYNTHETIC_RULE_MATCHING_V1,2271-03,프리미엄서비스 맞춤 혜택,프리미엄서비스,1,할인,%,50.0,,,,10000.0,,,PICKA 표준 혜택 카테고리 '프리미엄서비스' 시연 데이터,https://www.card-gorilla.com/card/detail/2271,MISSED_WRONG_CARD,"밸런스 카드 | [Always 서비스] 언제나 즐길 수 있는 데일리 서비스
스타벅스 사이렌오더 50% 할인, 온라인몰 7% 할인",700.0,KRW
ONE_TRANSACTION_PER_ROW,persona2,박준혁,persona2@picka.app,30,1997-07-02,010-0652-8245,T 멤버십|GS&POINT|MY S-OIL|네이버플러스 멤버십|현대자동차 블루멤버스,ADULT,EARLY_30S,남성,IT 기업 개발자,경기도 성남시,False,경기도,성남시,0,2026-07-24,[],,,,,,,,,실용적 소비를 추구하는 차량 보유자,1200000,2026-05~2026-07,"주유 할인, 대중교통·택시 적립, 헬스장/PT 할인, 배달앱 캐시백 카드",False,False,False,False,False,False,PRIVATE_EMPLOYEE | IT_EMPLOYEE,SKT,CAR,False,True,NONE,EMART,True,False,0,,VERIFIED,"30세 IT 직장인. SKT·자가용·하이패스·이마트 이용자이며, 경차·군인·복지·K-패스·항공사 제휴 자격은 해당하지 않음.",2,UC201 | UC202,밸런스 카드 | 신한카드 Deep Oil,밸런스 카드:운동·배달·대중교통·구독·편의점 | 신한카드 Deep Oil:주유·주차·택시,july26-persona2-0016,july26-persona2-0016,2026-07,2026-07-04T07:50:00,이마트,마트/쇼핑,대형마트 및 쇼핑,MART_SHOPPING,60600,0,60600,신용카드,CARD,APPROVED,이마트 결제 · 마트/쇼핑 카테고리,,UC202,39,신한카드 Deep Oil,신한카드,개인 신용카드,주유·주차·택시,GS칼텍스 선택,3344,신용카드,,300000,150000.0,,https://www.card-gorilla.com/card/detail/39,148800,540200,N,UC201,2271.0,밸런스 카드,BC 바로카드,개인 신용카드,운동·배달·대중교통·구독·편의점,,신용카드,,400000.0,10000.0,961400.0,570100.0,Y,WRONG_CARD_BEFORE_PICKA,BEFORE_PICKA,0,1300,1300,픽카 이용 전 다른 카드를 사용하여 받을 수 있었던 혜택을 놓침,50%,10000.0,,,SYNTHETIC_RULE_MATCHING_V1,2271-03,마트/쇼핑 맞춤 혜택,마트/쇼핑,97,할인,%,50.0,,,,10000.0,,,PICKA 표준 혜택 카테고리 '마트/쇼핑' 시연 데이터,https://www.card-gorilla.com/card/detail/2271,MISSED_WRONG_CARD,"밸런스 카드 | [Always 서비스] 언제나 즐길 수 있는 데일리 서비스
스타벅스 사이렌오더 50% 할인, 온라인몰 7% 할인",1300.0,KRW
ONE_TRANSACTION_PER_ROW,persona2,박준혁,persona2@picka.app,30,1997-07-02,010-0652-8245,T 멤버십|GS&POINT|MY S-OIL|네이버플러스 멤버십|현대자동차 블루멤버스,ADULT,EARLY_30S,남성,IT 기업 개발자,경기도 성남시,False,경기도,성남시,0,2026-07-24,[],,,,,,,,,실용적 소비를 추구하는 차량 보유자,1200000,2026-05~2026-07,"주유 할인, 대중교통·택시 적립, 헬스장/PT 할인, 배달앱 캐시백 카드",False,False,False,False,False,False,PRIVATE_EMPLOYEE | IT_EMPLOYEE,SKT,CAR,False,True,NONE,EMART,True,False,0,,VERIFIED,"30세 IT 직장인. SKT·자가용·하이패스·이마트 이용자이며, 경차·군인·복지·K-패스·항공사 제휴 자격은 해당하지 않음.",2,UC201 | UC202,밸런스 카드 | 신한카드 Deep Oil,밸런스 카드:운동·배달·대중교통·구독·편의점 | 신한카드 Deep Oil:주유·주차·택시,july26-persona2-0001,july26-persona2-0001,2026-07,2026-07-04T15:40:00,한국전력공사,공과금,생활요금,UTILITIES,38300,0,38300,신용카드,CARD,APPROVED,한국전력공사 결제 · 공과금/생활요금 카테고리,,UC202,39,신한카드 Deep Oil,신한카드,개인 신용카드,주유·주차·택시,GS칼텍스 선택,3344,신용카드,,300000,150000.0,,https://www.card-gorilla.com/card/detail/39,148800,540200,N,UC201,2271.0,밸런스 카드,BC 바로카드,개인 신용카드,운동·배달·대중교통·구독·편의점,,신용카드,,400000.0,10000.0,961400.0,570100.0,Y,WRONG_CARD_BEFORE_PICKA,BEFORE_PICKA,0,800,800,픽카 이용 전 다른 카드를 사용하여 받을 수 있었던 혜택을 놓침,50%,10000.0,,,SYNTHETIC_RULE_MATCHING_V1,2271-03,공과금/생활요금 맞춤 혜택,공과금/생활요금,3,할인,%,50.0,,,,10000.0,,,PICKA 표준 혜택 카테고리 '공과금/생활요금' 시연 데이터,https://www.card-gorilla.com/card/detail/2271,MISSED_WRONG_CARD,"밸런스 카드 | [Always 서비스] 언제나 즐길 수 있는 데일리 서비스
스타벅스 사이렌오더 50% 할인, 온라인몰 7% 할인",800.0,KRW
ONE_TRANSACTION_PER_ROW,persona2,박준혁,persona2@picka.app,30,1997-07-02,010-0652-8245,T 멤버십|GS&POINT|MY S-OIL|네이버플러스 멤버십|현대자동차 블루멤버스,ADULT,EARLY_30S,남성,IT 기업 개발자,경기도 성남시,False,경기도,성남시,0,2026-07-24,[],,,,,,,,,실용적 소비를 추구하는 차량 보유자,1200000,2026-05~2026-07,"주유 할인, 대중교통·택시 적립, 헬스장/PT 할인, 배달앱 캐시백 카드",False,False,False,False,False,False,PRIVATE_EMPLOYEE | IT_EMPLOYEE,SKT,CAR,False,True,NONE,EMART,True,False,0,,VERIFIED,"30세 IT 직장인. SKT·자가용·하이패스·이마트 이용자이며, 경차·군인·복지·K-패스·항공사 제휴 자격은 해당하지 않음.",2,UC201 | UC202,밸런스 카드 | 신한카드 Deep Oil,밸런스 카드:운동·배달·대중교통·구독·편의점 | 신한카드 Deep Oil:주유·주차·택시,july26-persona2-0017,july26-persona2-0017,2026-07,2026-07-04T21:30:00,티머니,교통,대중교통·택시,TRANSIT,11800,800,11000,신용카드,CARD,APPROVED,티머니 결제 · 교통 카테고리,,UC201,2271,밸런스 카드,BC 바로카드,개인 신용카드,운동·배달·대중교통·구독·편의점,,2233,신용카드,,400000,10000.0,,https://www.card-gorilla.com/card/detail/2271,961400,570100,Y,UC201,2271.0,밸런스 카드,BC 바로카드,개인 신용카드,운동·배달·대중교통·구독·편의점,,신용카드,,400000.0,10000.0,961400.0,570100.0,Y,BENEFIT_RECEIVED,BENEFIT_APPLIED,800,800,0,,50%,10000.0,9300.0,8500.0,SYNTHETIC_RULE_MATCHING_V1,2271-03,교통 맞춤 혜택,교통,20,할인,%,50.0,,,,10000.0,,,PICKA 표준 혜택 카테고리 '교통' 시연 데이터,https://www.card-gorilla.com/card/detail/2271,DISCOUNT_APPLIED,"밸런스 카드 | [Always 서비스] 언제나 즐길 수 있는 데일리 서비스
스타벅스 사이렌오더 50% 할인, 온라인몰 7% 할인",800.0,KRW
ONE_TRANSACTION_PER_ROW,persona2,박준혁,persona2@picka.app,30,1997-07-02,010-0652-8245,T 멤버십|GS&POINT|MY S-OIL|네이버플러스 멤버십|현대자동차 블루멤버스,ADULT,EARLY_30S,남성,IT 기업 개발자,경기도 성남시,False,경기도,성남시,0,2026-07-24,[],,,,,,,,,실용적 소비를 추구하는 차량 보유자,1200000,2026-05~2026-07,"주유 할인, 대중교통·택시 적립, 헬스장/PT 할인, 배달앱 캐시백 카드",False,False,False,False,False,False,PRIVATE_EMPLOYEE | IT_EMPLOYEE,SKT,CAR,False,True,NONE,EMART,True,False,0,,VERIFIED,"30세 IT 직장인. SKT·자가용·하이패스·이마트 이용자이며, 경차·군인·복지·K-패스·항공사 제휴 자격은 해당하지 않음.",2,UC201 | UC202,밸런스 카드 | 신한카드 Deep Oil,밸런스 카드:운동·배달·대중교통·구독·편의점 | 신한카드 Deep Oil:주유·주차·택시,july26-persona2-0010,july26-persona2-0010,2026-07,2026-07-05T19:00:00,네이버페이,간편결제,온라인 간편결제,EASY_PAY,13000,0,13000,신용카드,CARD,APPROVED,네이버페이 결제 · 간편결제 카테고리,,UC202,39,신한카드 Deep Oil,신한카드,개인 신용카드,주유·주차·택시,GS칼텍스 선택,3344,신용카드,,300000,150000.0,,https://www.card-gorilla.com/card/detail/39,148800,540200,N,UC201,2271.0,밸런스 카드,BC 바로카드,개인 신용카드,운동·배달·대중교통·구독·편의점,,신용카드,,400000.0,10000.0,961400.0,570100.0,Y,WRONG_CARD_BEFORE_PICKA,BEFORE_PICKA,0,300,300,픽카 이용 전 다른 카드를 사용하여 받을 수 있었던 혜택을 놓침,50%,10000.0,,,SYNTHETIC_RULE_MATCHING_V1,2271-03,간편결제 맞춤 혜택,간편결제,45,할인,%,50.0,,,,10000.0,,,PICKA 표준 혜택 카테고리 '간편결제' 시연 데이터,https://www.card-gorilla.com/card/detail/2271,MISSED_WRONG_CARD,"밸런스 카드 | [Always 서비스] 언제나 즐길 수 있는 데일리 서비스
스타벅스 사이렌오더 50% 할인, 온라인몰 7% 할인",300.0,KRW
ONE_TRANSACTION_PER_ROW,persona2,박준혁,persona2@picka.app,30,1997-07-02,010-0652-8245,T 멤버십|GS&POINT|MY S-OIL|네이버플러스 멤버십|현대자동차 블루멤버스,ADULT,EARLY_30S,남성,IT 기업 개발자,경기도 성남시,False,경기도,성남시,0,2026-07-24,[],,,,,,,,,실용적 소비를 추구하는 차량 보유자,1200000,2026-05~2026-07,"주유 할인, 대중교통·택시 적립, 헬스장/PT 할인, 배달앱 캐시백 카드",False,False,False,False,False,False,PRIVATE_EMPLOYEE | IT_EMPLOYEE,SKT,CAR,False,True,NONE,EMART,True,False,0,,VERIFIED,"30세 IT 직장인. SKT·자가용·하이패스·이마트 이용자이며, 경차·군인·복지·K-패스·항공사 제휴 자격은 해당하지 않음.",2,UC201 | UC202,밸런스 카드 | 신한카드 Deep Oil,밸런스 카드:운동·배달·대중교통·구독·편의점 | 신한카드 Deep Oil:주유·주차·택시,july26-persona2-0036,july26-persona2-0036,2026-07,2026-07-06T14:25:00,김밥전문점,외식,음식점,FOOD_DINING,15100,1100,14000,신용카드,CARD,APPROVED,김밥전문점 결제 · 푸드/외식 카테고리,,UC201,2271,밸런스 카드,BC 바로카드,개인 신용카드,운동·배달·대중교통·구독·편의점,,2233,신용카드,,400000,10000.0,,https://www.card-gorilla.com/card/detail/2271,961400,570100,Y,UC201,2271.0,밸런스 카드,BC 바로카드,개인 신용카드,운동·배달·대중교통·구독·편의점,,신용카드,,400000.0,10000.0,961400.0,570100.0,Y,BENEFIT_RECEIVED,BENEFIT_APPLIED,1100,1100,0,,50%,10000.0,8500.0,7400.0,SYNTHETIC_RULE_MATCHING_V1,2271-03,푸드/외식 맞춤 혜택,푸드/외식,57,할인,%,50.0,,,,10000.0,,,PICKA 표준 혜택 카테고리 '푸드/외식' 시연 데이터,https://www.card-gorilla.com/card/detail/2271,DISCOUNT_APPLIED,"밸런스 카드 | [Always 서비스] 언제나 즐길 수 있는 데일리 서비스
스타벅스 사이렌오더 50% 할인, 온라인몰 7% 할인",1100.0,KRW
ONE_TRANSACTION_PER_ROW,persona2,박준혁,persona2@picka.app,30,1997-07-02,010-0652-8245,T 멤버십|GS&POINT|MY S-OIL|네이버플러스 멤버십|현대자동차 블루멤버스,ADULT,EARLY_30S,남성,IT 기업 개발자,경기도 성남시,False,경기도,성남시,0,2026-07-24,[],,,,,,,,,실용적 소비를 추구하는 차량 보유자,1200000,2026-05~2026-07,"주유 할인, 대중교통·택시 적립, 헬스장/PT 할인, 배달앱 캐시백 카드",False,False,False,False,False,False,PRIVATE_EMPLOYEE | IT_EMPLOYEE,SKT,CAR,False,True,NONE,EMART,True,False,0,,VERIFIED,"30세 IT 직장인. SKT·자가용·하이패스·이마트 이용자이며, 경차·군인·복지·K-패스·항공사 제휴 자격은 해당하지 않음.",2,UC201 | UC202,밸런스 카드 | 신한카드 Deep Oil,밸런스 카드:운동·배달·대중교통·구독·편의점 | 신한카드 Deep Oil:주유·주차·택시,july26-persona2-0035,july26-persona2-0035,2026-07,2026-07-07T09:05:00,스피드메이트,자동차,차량정비 및 세차,AUTO_MAINTENANCE,113300,0,113300,신용카드,CARD,APPROVED,스피드메이트 결제 · 자동차/정비 카테고리,,UC202,39,신한카드 Deep Oil,신한카드,개인 신용카드,주유·주차·택시,GS칼텍스 선택,3344,신용카드,,300000,150000.0,,https://www.card-gorilla.com/card/detail/39,148800,540200,N,UC201,2271.0,밸런스 카드,BC 바로카드,개인 신용카드,운동·배달·대중교통·구독·편의점,,신용카드,,400000.0,10000.0,961400.0,570100.0,Y,WRONG_CARD_BEFORE_PICKA,BEFORE_PICKA,0,2400,2400,픽카 이용 전 다른 카드를 사용하여 받을 수 있었던 혜택을 놓침,50%,10000.0,,,SYNTHETIC_RULE_MATCHING_V1,2271-03,자동차/정비 맞춤 혜택,자동차/정비,10,할인,%,50.0,,,,10000.0,,,PICKA 표준 혜택 카테고리 '자동차/정비' 시연 데이터,https://www.card-gorilla.com/card/detail/2271,MISSED_WRONG_CARD,"밸런스 카드 | [Always 서비스] 언제나 즐길 수 있는 데일리 서비스
스타벅스 사이렌오더 50% 할인, 온라인몰 7% 할인",2400.0,KRW
ONE_TRANSACTION_PER_ROW,persona2,박준혁,persona2@picka.app,30,1997-07-02,010-0652-8245,T 멤버십|GS&POINT|MY S-OIL|네이버플러스 멤버십|현대자동차 블루멤버스,ADULT,EARLY_30S,남성,IT 기업 개발자,경기도 성남시,False,경기도,성남시,0,2026-07-24,[],,,,,,,,,실용적 소비를 추구하는 차량 보유자,1200000,2026-05~2026-07,"주유 할인, 대중교통·택시 적립, 헬스장/PT 할인, 배달앱 캐시백 카드",False,False,False,False,False,False,PRIVATE_EMPLOYEE | IT_EMPLOYEE,SKT,CAR,False,True,NONE,EMART,True,False,0,,VERIFIED,"30세 IT 직장인. SKT·자가용·하이패스·이마트 이용자이며, 경차·군인·복지·K-패스·항공사 제휴 자격은 해당하지 않음.",2,UC201 | UC202,밸런스 카드 | 신한카드 Deep Oil,밸런스 카드:운동·배달·대중교통·구독·편의점 | 신한카드 Deep Oil:주유·주차·택시,july26-persona2-0005,july26-persona2-0005,2026-07,2026-07-07T14:10:00,넷플릭스,구독,정기 구독,SUBSCRIPTION_MEMBERSHIP,11800,0,11800,신용카드,CARD,APPROVED,넷플릭스 결제 · 구독/멤버십 카테고리,,UC202,39,신한카드 Deep Oil,신한카드,개인 신용카드,주유·주차·택시,GS칼텍스 선택,3344,신용카드,,300000,150000.0,,https://www.card-gorilla.com/card/detail/39,148800,540200,N,UC201,2271.0,밸런스 카드,BC 바로카드,개인 신용카드,운동·배달·대중교통·구독·편의점,,신용카드,,400000.0,10000.0,961400.0,570100.0,Y,WRONG_CARD_BEFORE_PICKA,BEFORE_PICKA,0,200,200,픽카 이용 전 다른 카드를 사용하여 받을 수 있었던 혜택을 놓침,50%,10000.0,,,SYNTHETIC_RULE_MATCHING_V1,2271-03,구독/멤버십 맞춤 혜택,구독/멤버십,44,할인,%,50.0,,,,10000.0,,,PICKA 표준 혜택 카테고리 '구독/멤버십' 시연 데이터,https://www.card-gorilla.com/card/detail/2271,MISSED_WRONG_CARD,"밸런스 카드 | [Always 서비스] 언제나 즐길 수 있는 데일리 서비스
스타벅스 사이렌오더 50% 할인, 온라인몰 7% 할인",200.0,KRW
ONE_TRANSACTION_PER_ROW,persona2,박준혁,persona2@picka.app,30,1997-07-02,010-0652-8245,T 멤버십|GS&POINT|MY S-OIL|네이버플러스 멤버십|현대자동차 블루멤버스,ADULT,EARLY_30S,남성,IT 기업 개발자,경기도 성남시,False,경기도,성남시,0,2026-07-24,[],,,,,,,,,실용적 소비를 추구하는 차량 보유자,1200000,2026-05~2026-07,"주유 할인, 대중교통·택시 적립, 헬스장/PT 할인, 배달앱 캐시백 카드",False,False,False,False,False,False,PRIVATE_EMPLOYEE | IT_EMPLOYEE,SKT,CAR,False,True,NONE,EMART,True,False,0,,VERIFIED,"30세 IT 직장인. SKT·자가용·하이패스·이마트 이용자이며, 경차·군인·복지·K-패스·항공사 제휴 자격은 해당하지 않음.",2,UC201 | UC202,밸런스 카드 | 신한카드 Deep Oil,밸런스 카드:운동·배달·대중교통·구독·편의점 | 신한카드 Deep Oil:주유·주차·택시,july26-persona2-0026,july26-persona2-0026,2026-07,2026-07-09T20:35:00,카카오 T,교통,대중교통·택시,TRANSIT,13200,900,12300,신용카드,CARD,APPROVED,카카오 T 결제 · 교통 카테고리,,UC201,2271,밸런스 카드,BC 바로카드,개인 신용카드,운동·배달·대중교통·구독·편의점,,2233,신용카드,,400000,10000.0,,https://www.card-gorilla.com/card/detail/2271,961400,570100,Y,UC201,2271.0,밸런스 카드,BC 바로카드,개인 신용카드,운동·배달·대중교통·구독·편의점,,신용카드,,400000.0,10000.0,961400.0,570100.0,Y,BENEFIT_RECEIVED,BENEFIT_APPLIED,900,900,0,,50%,10000.0,7400.0,6500.0,SYNTHETIC_RULE_MATCHING_V1,2271-03,교통 맞춤 혜택,교통,20,할인,%,50.0,,,,10000.0,,,PICKA 표준 혜택 카테고리 '교통' 시연 데이터,https://www.card-gorilla.com/card/detail/2271,DISCOUNT_APPLIED,"밸런스 카드 | [Always 서비스] 언제나 즐길 수 있는 데일리 서비스
스타벅스 사이렌오더 50% 할인, 온라인몰 7% 할인",900.0,KRW
ONE_TRANSACTION_PER_ROW,persona2,박준혁,persona2@picka.app,30,1997-07-02,010-0652-8245,T 멤버십|GS&POINT|MY S-OIL|네이버플러스 멤버십|현대자동차 블루멤버스,ADULT,EARLY_30S,남성,IT 기업 개발자,경기도 성남시,False,경기도,성남시,0,2026-07-24,[],,,,,,,,,실용적 소비를 추구하는 차량 보유자,1200000,2026-05~2026-07,"주유 할인, 대중교통·택시 적립, 헬스장/PT 할인, 배달앱 캐시백 카드",False,False,False,False,False,False,PRIVATE_EMPLOYEE | IT_EMPLOYEE,SKT,CAR,False,True,NONE,EMART,True,False,0,,VERIFIED,"30세 IT 직장인. SKT·자가용·하이패스·이마트 이용자이며, 경차·군인·복지·K-패스·항공사 제휴 자격은 해당하지 않음.",2,UC201 | UC202,밸런스 카드 | 신한카드 Deep Oil,밸런스 카드:운동·배달·대중교통·구독·편의점 | 신한카드 Deep Oil:주유·주차·택시,july26-persona2-0009,july26-persona2-0009,2026-07,2026-07-10T20:25:00,SK에너지 주유소,자동차,주유,FUEL,61900,0,61900,신용카드,CARD,APPROVED,SK에너지 주유소 결제 · 주유 카테고리,,UC202,39,신한카드 Deep Oil,신한카드,개인 신용카드,주유·주차·택시,GS칼텍스 선택,3344,신용카드,,300000,150000.0,,https://www.card-gorilla.com/card/detail/39,148800,540200,N,UC201,2271.0,밸런스 카드,BC 바로카드,개인 신용카드,운동·배달·대중교통·구독·편의점,,신용카드,,400000.0,10000.0,961400.0,570100.0,Y,WRONG_CARD_BEFORE_PICKA,BEFORE_PICKA,0,1300,1300,픽카 이용 전 다른 카드를 사용하여 받을 수 있었던 혜택을 놓침,50%,10000.0,,,SYNTHETIC_RULE_MATCHING_V1,2271-03,주유 맞춤 혜택,주유,17,할인,%,50.0,,,,10000.0,,,PICKA 표준 혜택 카테고리 '주유' 시연 데이터,https://www.card-gorilla.com/card/detail/2271,MISSED_WRONG_CARD,"밸런스 카드 | [Always 서비스] 언제나 즐길 수 있는 데일리 서비스
스타벅스 사이렌오더 50% 할인, 온라인몰 7% 할인",1300.0,KRW
ONE_TRANSACTION_PER_ROW,persona2,박준혁,persona2@picka.app,30,1997-07-02,010-0652-8245,T 멤버십|GS&POINT|MY S-OIL|네이버플러스 멤버십|현대자동차 블루멤버스,ADULT,EARLY_30S,남성,IT 기업 개발자,경기도 성남시,False,경기도,성남시,0,2026-07-24,[],,,,,,,,,실용적 소비를 추구하는 차량 보유자,1200000,2026-05~2026-07,"주유 할인, 대중교통·택시 적립, 헬스장/PT 할인, 배달앱 캐시백 카드",False,False,False,False,False,False,PRIVATE_EMPLOYEE | IT_EMPLOYEE,SKT,CAR,False,True,NONE,EMART,True,False,0,,VERIFIED,"30세 IT 직장인. SKT·자가용·하이패스·이마트 이용자이며, 경차·군인·복지·K-패스·항공사 제휴 자격은 해당하지 않음.",2,UC201 | UC202,밸런스 카드 | 신한카드 Deep Oil,밸런스 카드:운동·배달·대중교통·구독·편의점 | 신한카드 Deep Oil:주유·주차·택시,july26-persona2-0006,july26-persona2-0006,2026-07,2026-07-11T18:15:00,CJ ONE,멤버십,포인트 적립·사용,MEMBERSHIP_POINTS,7900,200,7700,신용카드,CARD,APPROVED,CJ ONE 결제 · 멤버십/포인트 카테고리,,UC201,2271,밸런스 카드,BC 바로카드,개인 신용카드,운동·배달·대중교통·구독·편의점,,2233,신용카드,,400000,10000.0,,https://www.card-gorilla.com/card/detail/2271,961400,570100,Y,UC201,2271.0,밸런스 카드,BC 바로카드,개인 신용카드,운동·배달·대중교통·구독·편의점,,신용카드,,400000.0,10000.0,961400.0,570100.0,Y,BENEFIT_RECEIVED,BENEFIT_APPLIED,200,200,0,,50%,10000.0,6500.0,6300.0,SYNTHETIC_RULE_MATCHING_V1,2271-03,멤버십/포인트 맞춤 혜택,멤버십/포인트,51,할인,%,50.0,,,,10000.0,,,PICKA 표준 혜택 카테고리 '멤버십/포인트' 시연 데이터,https://www.card-gorilla.com/card/detail/2271,DISCOUNT_APPLIED,"밸런스 카드 | [Always 서비스] 언제나 즐길 수 있는 데일리 서비스
스타벅스 사이렌오더 50% 할인, 온라인몰 7% 할인",200.0,KRW
ONE_TRANSACTION_PER_ROW,persona2,박준혁,persona2@picka.app,30,1997-07-02,010-0652-8245,T 멤버십|GS&POINT|MY S-OIL|네이버플러스 멤버십|현대자동차 블루멤버스,ADULT,EARLY_30S,남성,IT 기업 개발자,경기도 성남시,False,경기도,성남시,0,2026-07-24,[],,,,,,,,,실용적 소비를 추구하는 차량 보유자,1200000,2026-05~2026-07,"주유 할인, 대중교통·택시 적립, 헬스장/PT 할인, 배달앱 캐시백 카드",False,False,False,False,False,False,PRIVATE_EMPLOYEE | IT_EMPLOYEE,SKT,CAR,False,True,NONE,EMART,True,False,0,,VERIFIED,"30세 IT 직장인. SKT·자가용·하이패스·이마트 이용자이며, 경차·군인·복지·K-패스·항공사 제휴 자격은 해당하지 않음.",2,UC201 | UC202,밸런스 카드 | 신한카드 Deep Oil,밸런스 카드:운동·배달·대중교통·구독·편의점 | 신한카드 Deep Oil:주유·주차·택시,july26-persona2-0018,july26-persona2-0018,2026-07,2026-07-12T19:45:00,롯데월드,레저,테마파크 및 레저,THEMEPARK_LEISURE,72700,1500,71200,신용카드,CARD,APPROVED,롯데월드 결제 · 테마파크/레저 카테고리,,UC201,2271,밸런스 카드,BC 바로카드,개인 신용카드,운동·배달·대중교통·구독·편의점,,2233,신용카드,,400000,10000.0,,https://www.card-gorilla.com/card/detail/2271,961400,570100,Y,UC201,2271.0,밸런스 카드,BC 바로카드,개인 신용카드,운동·배달·대중교통·구독·편의점,,신용카드,,400000.0,10000.0,961400.0,570100.0,Y,BENEFIT_RECEIVED,BENEFIT_APPLIED,1500,1500,0,,50%,10000.0,6300.0,4800.0,SYNTHETIC_RULE_MATCHING_V1,2271-03,테마파크/레저 맞춤 혜택,테마파크/레저,38,할인,%,50.0,,,,10000.0,,,PICKA 표준 혜택 카테고리 '테마파크/레저' 시연 데이터,https://www.card-gorilla.com/card/detail/2271,DISCOUNT_APPLIED,"밸런스 카드 | [Always 서비스] 언제나 즐길 수 있는 데일리 서비스
스타벅스 사이렌오더 50% 할인, 온라인몰 7% 할인",1500.0,KRW
ONE_TRANSACTION_PER_ROW,persona2,박준혁,persona2@picka.app,30,1997-07-02,010-0652-8245,T 멤버십|GS&POINT|MY S-OIL|네이버플러스 멤버십|현대자동차 블루멤버스,ADULT,EARLY_30S,남성,IT 기업 개발자,경기도 성남시,False,경기도,성남시,0,2026-07-24,[],,,,,,,,,실용적 소비를 추구하는 차량 보유자,1200000,2026-05~2026-07,"주유 할인, 대중교통·택시 적립, 헬스장/PT 할인, 배달앱 캐시백 카드",False,False,False,False,False,False,PRIVATE_EMPLOYEE | IT_EMPLOYEE,SKT,CAR,False,True,NONE,EMART,True,False,0,,VERIFIED,"30세 IT 직장인. SKT·자가용·하이패스·이마트 이용자이며, 경차·군인·복지·K-패스·항공사 제휴 자격은 해당하지 않음.",2,UC201 | UC202,밸런스 카드 | 신한카드 Deep Oil,밸런스 카드:운동·배달·대중교통·구독·편의점 | 신한카드 Deep Oil:주유·주차·택시,july26-persona2-0021,july26-persona2-0021,2026-07,2026-07-12T20:15:00,홈플러스,마트/쇼핑,대형마트 및 쇼핑,MART_SHOPPING,8000,200,7800,신용카드,CARD,APPROVED,홈플러스 결제 · 마트/쇼핑 카테고리,,UC201,2271,밸런스 카드,BC 바로카드,개인 신용카드,운동·배달·대중교통·구독·편의점,,2233,신용카드,,400000,10000.0,,https://www.card-gorilla.com/card/detail/2271,961400,570100,Y,UC201,2271.0,밸런스 카드,BC 바로카드,개인 신용카드,운동·배달·대중교통·구독·편의점,,신용카드,,400000.0,10000.0,961400.0,570100.0,Y,BENEFIT_RECEIVED,BENEFIT_APPLIED,200,200,0,,50%,10000.0,4800.0,4600.0,SYNTHETIC_RULE_MATCHING_V1,2271-03,마트/쇼핑 맞춤 혜택,마트/쇼핑,97,할인,%,50.0,,,,10000.0,,,PICKA 표준 혜택 카테고리 '마트/쇼핑' 시연 데이터,https://www.card-gorilla.com/card/detail/2271,DISCOUNT_APPLIED,"밸런스 카드 | [Always 서비스] 언제나 즐길 수 있는 데일리 서비스
스타벅스 사이렌오더 50% 할인, 온라인몰 7% 할인",200.0,KRW
ONE_TRANSACTION_PER_ROW,persona2,박준혁,persona2@picka.app,30,1997-07-02,010-0652-8245,T 멤버십|GS&POINT|MY S-OIL|네이버플러스 멤버십|현대자동차 블루멤버스,ADULT,EARLY_30S,남성,IT 기업 개발자,경기도 성남시,False,경기도,성남시,0,2026-07-24,[],,,,,,,,,실용적 소비를 추구하는 차량 보유자,1200000,2026-05~2026-07,"주유 할인, 대중교통·택시 적립, 헬스장/PT 할인, 배달앱 캐시백 카드",False,False,False,False,False,False,PRIVATE_EMPLOYEE | IT_EMPLOYEE,SKT,CAR,False,True,NONE,EMART,True,False,0,,VERIFIED,"30세 IT 직장인. SKT·자가용·하이패스·이마트 이용자이며, 경차·군인·복지·K-패스·항공사 제휴 자격은 해당하지 않음.",2,UC201 | UC202,밸런스 카드 | 신한카드 Deep Oil,밸런스 카드:운동·배달·대중교통·구독·편의점 | 신한카드 Deep Oil:주유·주차·택시,july26-persona2-0011,july26-persona2-0011,2026-07,2026-07-13T14:30:00,GS칼텍스,자동차,주유,FUEL,53200,0,53200,신용카드,CARD,APPROVED,GS칼텍스 결제 · 주유 카테고리,,UC202,39,신한카드 Deep Oil,신한카드,개인 신용카드,주유·주차·택시,GS칼텍스 선택,3344,신용카드,,300000,150000.0,,https://www.card-gorilla.com/card/detail/39,148800,540200,N,UC201,2271.0,밸런스 카드,BC 바로카드,개인 신용카드,운동·배달·대중교통·구독·편의점,,신용카드,,400000.0,10000.0,961400.0,570100.0,Y,WRONG_CARD_BEFORE_PICKA,BEFORE_PICKA,0,1100,1100,픽카 이용 전 다른 카드를 사용하여 받을 수 있었던 혜택을 놓침,50%,10000.0,,,SYNTHETIC_RULE_MATCHING_V1,2271-03,주유 맞춤 혜택,주유,17,할인,%,50.0,,,,10000.0,,,PICKA 표준 혜택 카테고리 '주유' 시연 데이터,https://www.card-gorilla.com/card/detail/2271,MISSED_WRONG_CARD,"밸런스 카드 | [Always 서비스] 언제나 즐길 수 있는 데일리 서비스
스타벅스 사이렌오더 50% 할인, 온라인몰 7% 할인",1100.0,KRW
ONE_TRANSACTION_PER_ROW,persona2,박준혁,persona2@picka.app,30,1997-07-02,010-0652-8245,T 멤버십|GS&POINT|MY S-OIL|네이버플러스 멤버십|현대자동차 블루멤버스,ADULT,EARLY_30S,남성,IT 기업 개발자,경기도 성남시,False,경기도,성남시,0,2026-07-24,[],,,,,,,,,실용적 소비를 추구하는 차량 보유자,1200000,2026-05~2026-07,"주유 할인, 대중교통·택시 적립, 헬스장/PT 할인, 배달앱 캐시백 카드",False,False,False,False,False,False,PRIVATE_EMPLOYEE | IT_EMPLOYEE,SKT,CAR,False,True,NONE,EMART,True,False,0,,VERIFIED,"30세 IT 직장인. SKT·자가용·하이패스·이마트 이용자이며, 경차·군인·복지·K-패스·항공사 제휴 자격은 해당하지 않음.",2,UC201 | UC202,밸런스 카드 | 신한카드 Deep Oil,밸런스 카드:운동·배달·대중교통·구독·편의점 | 신한카드 Deep Oil:주유·주차·택시,july26-persona2-0015,july26-persona2-0015,2026-07,2026-07-14T09:45:00,메가커피,카페,카페 및 디저트,CAFE_DESSERT,8600,0,8600,신용카드,CARD,APPROVED,메가커피 결제 · 카페/디저트 카테고리,,UC202,39,신한카드 Deep Oil,신한카드,개인 신용카드,주유·주차·택시,GS칼텍스 선택,3344,신용카드,,300000,150000.0,,https://www.card-gorilla.com/card/detail/39,148800,540200,N,UC201,2271.0,밸런스 카드,BC 바로카드,개인 신용카드,운동·배달·대중교통·구독·편의점,,신용카드,,400000.0,10000.0,961400.0,570100.0,Y,WRONG_CARD_BEFORE_PICKA,BEFORE_PICKA,0,200,200,픽카 이용 전 다른 카드를 사용하여 받을 수 있었던 혜택을 놓침,50%,10000.0,,,SYNTHETIC_RULE_MATCHING_V1,2271-03,카페/디저트 맞춤 혜택,카페/디저트,45,할인,%,50.0,,,,10000.0,,,PICKA 표준 혜택 카테고리 '카페/디저트' 시연 데이터,https://www.card-gorilla.com/card/detail/2271,MISSED_WRONG_CARD,"밸런스 카드 | [Always 서비스] 언제나 즐길 수 있는 데일리 서비스
스타벅스 사이렌오더 50% 할인, 온라인몰 7% 할인",200.0,KRW
ONE_TRANSACTION_PER_ROW,persona2,박준혁,persona2@picka.app,30,1997-07-02,010-0652-8245,T 멤버십|GS&POINT|MY S-OIL|네이버플러스 멤버십|현대자동차 블루멤버스,ADULT,EARLY_30S,남성,IT 기업 개발자,경기도 성남시,False,경기도,성남시,0,2026-07-24,[],,,,,,,,,실용적 소비를 추구하는 차량 보유자,1200000,2026-05~2026-07,"주유 할인, 대중교통·택시 적립, 헬스장/PT 할인, 배달앱 캐시백 카드",False,False,False,False,False,False,PRIVATE_EMPLOYEE | IT_EMPLOYEE,SKT,CAR,False,True,NONE,EMART,True,False,0,,VERIFIED,"30세 IT 직장인. SKT·자가용·하이패스·이마트 이용자이며, 경차·군인·복지·K-패스·항공사 제휴 자격은 해당하지 않음.",2,UC201 | UC202,밸런스 카드 | 신한카드 Deep Oil,밸런스 카드:운동·배달·대중교통·구독·편의점 | 신한카드 Deep Oil:주유·주차·택시,july26-persona2-0014,july26-persona2-0014,2026-07,2026-07-15T20:30:00,이탈리안 레스토랑,외식,음식점,FOOD_DINING,13200,0,13200,신용카드,CARD,APPROVED,이탈리안 레스토랑 결제 · 푸드/외식 카테고리,,UC202,39,신한카드 Deep Oil,신한카드,개인 신용카드,주유·주차·택시,GS칼텍스 선택,3344,신용카드,,300000,150000.0,,https://www.card-gorilla.com/card/detail/39,148800,540200,N,UC201,2271.0,밸런스 카드,BC 바로카드,개인 신용카드,운동·배달·대중교통·구독·편의점,,신용카드,,400000.0,10000.0,961400.0,570100.0,Y,WRONG_CARD_BEFORE_PICKA,BEFORE_PICKA,0,300,300,픽카 이용 전 다른 카드를 사용하여 받을 수 있었던 혜택을 놓침,50%,10000.0,,,SYNTHETIC_RULE_MATCHING_V1,2271-03,푸드/외식 맞춤 혜택,푸드/외식,57,할인,%,50.0,,,,10000.0,,,PICKA 표준 혜택 카테고리 '푸드/외식' 시연 데이터,https://www.card-gorilla.com/card/detail/2271,MISSED_WRONG_CARD,"밸런스 카드 | [Always 서비스] 언제나 즐길 수 있는 데일리 서비스
스타벅스 사이렌오더 50% 할인, 온라인몰 7% 할인",300.0,KRW
ONE_TRANSACTION_PER_ROW,persona2,박준혁,persona2@picka.app,30,1997-07-02,010-0652-8245,T 멤버십|GS&POINT|MY S-OIL|네이버플러스 멤버십|현대자동차 블루멤버스,ADULT,EARLY_30S,남성,IT 기업 개발자,경기도 성남시,False,경기도,성남시,0,2026-07-24,[],,,,,,,,,실용적 소비를 추구하는 차량 보유자,1200000,2026-05~2026-07,"주유 할인, 대중교통·택시 적립, 헬스장/PT 할인, 배달앱 캐시백 카드",False,False,False,False,False,False,PRIVATE_EMPLOYEE | IT_EMPLOYEE,SKT,CAR,False,True,NONE,EMART,True,False,0,,VERIFIED,"30세 IT 직장인. SKT·자가용·하이패스·이마트 이용자이며, 경차·군인·복지·K-패스·항공사 제휴 자격은 해당하지 않음.",2,UC201 | UC202,밸런스 카드 | 신한카드 Deep Oil,밸런스 카드:운동·배달·대중교통·구독·편의점 | 신한카드 Deep Oil:주유·주차·택시,july26-persona2-0002,july26-persona2-0002,2026-07,2026-07-15T21:30:00,다이소,생활,생활용품,LIVING,12300,300,12000,신용카드,CARD,APPROVED,다이소 결제 · 생활 카테고리,,UC201,2271,밸런스 카드,BC 바로카드,개인 신용카드,운동·배달·대중교통·구독·편의점,,2233,신용카드,,400000,10000.0,,https://www.card-gorilla.com/card/detail/2271,961400,570100,Y,UC201,2271.0,밸런스 카드,BC 바로카드,개인 신용카드,운동·배달·대중교통·구독·편의점,,신용카드,,400000.0,10000.0,961400.0,570100.0,Y,BENEFIT_RECEIVED,BENEFIT_APPLIED,300,300,0,,50%,10000.0,4600.0,4300.0,SYNTHETIC_RULE_MATCHING_V1,2271-03,생활 맞춤 혜택,생활,22,할인,%,50.0,,,,10000.0,,,PICKA 표준 혜택 카테고리 '생활' 시연 데이터,https://www.card-gorilla.com/card/detail/2271,DISCOUNT_APPLIED,"밸런스 카드 | [Always 서비스] 언제나 즐길 수 있는 데일리 서비스
스타벅스 사이렌오더 50% 할인, 온라인몰 7% 할인",300.0,KRW
ONE_TRANSACTION_PER_ROW,persona2,박준혁,persona2@picka.app,30,1997-07-02,010-0652-8245,T 멤버십|GS&POINT|MY S-OIL|네이버플러스 멤버십|현대자동차 블루멤버스,ADULT,EARLY_30S,남성,IT 기업 개발자,경기도 성남시,False,경기도,성남시,0,2026-07-24,[],,,,,,,,,실용적 소비를 추구하는 차량 보유자,1200000,2026-05~2026-07,"주유 할인, 대중교통·택시 적립, 헬스장/PT 할인, 배달앱 캐시백 카드",False,False,False,False,False,False,PRIVATE_EMPLOYEE | IT_EMPLOYEE,SKT,CAR,False,True,NONE,EMART,True,False,0,,VERIFIED,"30세 IT 직장인. SKT·자가용·하이패스·이마트 이용자이며, 경차·군인·복지·K-패스·항공사 제휴 자격은 해당하지 않음.",2,UC201 | UC202,밸런스 카드 | 신한카드 Deep Oil,밸런스 카드:운동·배달·대중교통·구독·편의점 | 신한카드 Deep Oil:주유·주차·택시,july26-persona2-0033,july26-persona2-0033,2026-07,2026-07-16T22:20:00,일식당,외식,음식점,FOOD_DINING,27100,600,26500,신용카드,CARD,APPROVED,일식당 결제 · 푸드/외식 카테고리,,UC201,2271,밸런스 카드,BC 바로카드,개인 신용카드,운동·배달·대중교통·구독·편의점,,2233,신용카드,,400000,10000.0,,https://www.card-gorilla.com/card/detail/2271,961400,570100,Y,UC201,2271.0,밸런스 카드,BC 바로카드,개인 신용카드,운동·배달·대중교통·구독·편의점,,신용카드,,400000.0,10000.0,961400.0,570100.0,Y,BENEFIT_RECEIVED,BENEFIT_APPLIED,600,600,0,,50%,10000.0,4300.0,3700.0,SYNTHETIC_RULE_MATCHING_V1,2271-03,푸드/외식 맞춤 혜택,푸드/외식,57,할인,%,50.0,,,,10000.0,,,PICKA 표준 혜택 카테고리 '푸드/외식' 시연 데이터,https://www.card-gorilla.com/card/detail/2271,DISCOUNT_APPLIED,"밸런스 카드 | [Always 서비스] 언제나 즐길 수 있는 데일리 서비스
스타벅스 사이렌오더 50% 할인, 온라인몰 7% 할인",600.0,KRW
ONE_TRANSACTION_PER_ROW,persona2,박준혁,persona2@picka.app,30,1997-07-02,010-0652-8245,T 멤버십|GS&POINT|MY S-OIL|네이버플러스 멤버십|현대자동차 블루멤버스,ADULT,EARLY_30S,남성,IT 기업 개발자,경기도 성남시,False,경기도,성남시,0,2026-07-24,[],,,,,,,,,실용적 소비를 추구하는 차량 보유자,1200000,2026-05~2026-07,"주유 할인, 대중교통·택시 적립, 헬스장/PT 할인, 배달앱 캐시백 카드",False,False,False,False,False,False,PRIVATE_EMPLOYEE | IT_EMPLOYEE,SKT,CAR,False,True,NONE,EMART,True,False,0,,VERIFIED,"30세 IT 직장인. SKT·자가용·하이패스·이마트 이용자이며, 경차·군인·복지·K-패스·항공사 제휴 자격은 해당하지 않음.",2,UC201 | UC202,밸런스 카드 | 신한카드 Deep Oil,밸런스 카드:운동·배달·대중교통·구독·편의점 | 신한카드 Deep Oil:주유·주차·택시,july26-persona2-0027,july26-persona2-0027,2026-07,2026-07-17T10:10:00,카카오페이,간편결제,온라인 간편결제,EASY_PAY,19200,400,18800,신용카드,CARD,APPROVED,카카오페이 결제 · 간편결제 카테고리,,UC201,2271,밸런스 카드,BC 바로카드,개인 신용카드,운동·배달·대중교통·구독·편의점,,2233,신용카드,,400000,10000.0,,https://www.card-gorilla.com/card/detail/2271,961400,570100,Y,UC201,2271.0,밸런스 카드,BC 바로카드,개인 신용카드,운동·배달·대중교통·구독·편의점,,신용카드,,400000.0,10000.0,961400.0,570100.0,Y,BENEFIT_RECEIVED,BENEFIT_APPLIED,400,400,0,,50%,10000.0,3700.0,3300.0,SYNTHETIC_RULE_MATCHING_V1,2271-03,간편결제 맞춤 혜택,간편결제,45,할인,%,50.0,,,,10000.0,,,PICKA 표준 혜택 카테고리 '간편결제' 시연 데이터,https://www.card-gorilla.com/card/detail/2271,DISCOUNT_APPLIED,"밸런스 카드 | [Always 서비스] 언제나 즐길 수 있는 데일리 서비스
스타벅스 사이렌오더 50% 할인, 온라인몰 7% 할인",400.0,KRW
ONE_TRANSACTION_PER_ROW,persona2,박준혁,persona2@picka.app,30,1997-07-02,010-0652-8245,T 멤버십|GS&POINT|MY S-OIL|네이버플러스 멤버십|현대자동차 블루멤버스,ADULT,EARLY_30S,남성,IT 기업 개발자,경기도 성남시,False,경기도,성남시,0,2026-07-24,[],,,,,,,,,실용적 소비를 추구하는 차량 보유자,1200000,2026-05~2026-07,"주유 할인, 대중교통·택시 적립, 헬스장/PT 할인, 배달앱 캐시백 카드",False,False,False,False,False,False,PRIVATE_EMPLOYEE | IT_EMPLOYEE,SKT,CAR,False,True,NONE,EMART,True,False,0,,VERIFIED,"30세 IT 직장인. SKT·자가용·하이패스·이마트 이용자이며, 경차·군인·복지·K-패스·항공사 제휴 자격은 해당하지 않음.",2,UC201 | UC202,밸런스 카드 | 신한카드 Deep Oil,밸런스 카드:운동·배달·대중교통·구독·편의점 | 신한카드 Deep Oil:주유·주차·택시,july26-persona2-0030,july26-persona2-0030,2026-07,2026-07-17T18:25:00,S-OIL,자동차,주유,FUEL,37100,800,36300,신용카드,CARD,APPROVED,S-OIL 결제 · 주유 카테고리,,UC201,2271,밸런스 카드,BC 바로카드,개인 신용카드,운동·배달·대중교통·구독·편의점,,2233,신용카드,,400000,10000.0,,https://www.card-gorilla.com/card/detail/2271,961400,570100,Y,UC201,2271.0,밸런스 카드,BC 바로카드,개인 신용카드,운동·배달·대중교통·구독·편의점,,신용카드,,400000.0,10000.0,961400.0,570100.0,Y,BENEFIT_RECEIVED,BENEFIT_APPLIED,800,800,0,,50%,10000.0,3300.0,2500.0,SYNTHETIC_RULE_MATCHING_V1,2271-03,주유 맞춤 혜택,주유,17,할인,%,50.0,,,,10000.0,,,PICKA 표준 혜택 카테고리 '주유' 시연 데이터,https://www.card-gorilla.com/card/detail/2271,DISCOUNT_APPLIED,"밸런스 카드 | [Always 서비스] 언제나 즐길 수 있는 데일리 서비스
스타벅스 사이렌오더 50% 할인, 온라인몰 7% 할인",800.0,KRW
ONE_TRANSACTION_PER_ROW,persona2,박준혁,persona2@picka.app,30,1997-07-02,010-0652-8245,T 멤버십|GS&POINT|MY S-OIL|네이버플러스 멤버십|현대자동차 블루멤버스,ADULT,EARLY_30S,남성,IT 기업 개발자,경기도 성남시,False,경기도,성남시,0,2026-07-24,[],,,,,,,,,실용적 소비를 추구하는 차량 보유자,1200000,2026-05~2026-07,"주유 할인, 대중교통·택시 적립, 헬스장/PT 할인, 배달앱 캐시백 카드",False,False,False,False,False,False,PRIVATE_EMPLOYEE | IT_EMPLOYEE,SKT,CAR,False,True,NONE,EMART,True,False,0,,VERIFIED,"30세 IT 직장인. SKT·자가용·하이패스·이마트 이용자이며, 경차·군인·복지·K-패스·항공사 제휴 자격은 해당하지 않음.",2,UC201 | UC202,밸런스 카드 | 신한카드 Deep Oil,밸런스 카드:운동·배달·대중교통·구독·편의점 | 신한카드 Deep Oil:주유·주차·택시,july26-persona2-0004,july26-persona2-0004,2026-07,2026-07-18T07:40:00,현대오일뱅크,자동차,주유,FUEL,40700,900,39800,신용카드,CARD,APPROVED,현대오일뱅크 결제 · 주유 카테고리,,UC201,2271,밸런스 카드,BC 바로카드,개인 신용카드,운동·배달·대중교통·구독·편의점,,2233,신용카드,,400000,10000.0,,https://www.card-gorilla.com/card/detail/2271,961400,570100,Y,UC201,2271.0,밸런스 카드,BC 바로카드,개인 신용카드,운동·배달·대중교통·구독·편의점,,신용카드,,400000.0,10000.0,961400.0,570100.0,Y,BENEFIT_RECEIVED,BENEFIT_APPLIED,900,900,0,,50%,10000.0,2500.0,1600.0,SYNTHETIC_RULE_MATCHING_V1,2271-03,주유 맞춤 혜택,주유,17,할인,%,50.0,,,,10000.0,,,PICKA 표준 혜택 카테고리 '주유' 시연 데이터,https://www.card-gorilla.com/card/detail/2271,DISCOUNT_APPLIED,"밸런스 카드 | [Always 서비스] 언제나 즐길 수 있는 데일리 서비스
스타벅스 사이렌오더 50% 할인, 온라인몰 7% 할인",900.0,KRW
ONE_TRANSACTION_PER_ROW,persona2,박준혁,persona2@picka.app,30,1997-07-02,010-0652-8245,T 멤버십|GS&POINT|MY S-OIL|네이버플러스 멤버십|현대자동차 블루멤버스,ADULT,EARLY_30S,남성,IT 기업 개발자,경기도 성남시,False,경기도,성남시,0,2026-07-24,[],,,,,,,,,실용적 소비를 추구하는 차량 보유자,1200000,2026-05~2026-07,"주유 할인, 대중교통·택시 적립, 헬스장/PT 할인, 배달앱 캐시백 카드",False,False,False,False,False,False,PRIVATE_EMPLOYEE | IT_EMPLOYEE,SKT,CAR,False,True,NONE,EMART,True,False,0,,VERIFIED,"30세 IT 직장인. SKT·자가용·하이패스·이마트 이용자이며, 경차·군인·복지·K-패스·항공사 제휴 자격은 해당하지 않음.",2,UC201 | UC202,밸런스 카드 | 신한카드 Deep Oil,밸런스 카드:운동·배달·대중교통·구독·편의점 | 신한카드 Deep Oil:주유·주차·택시,july26-persona2-0012,july26-persona2-0012,2026-07,2026-07-19T07:50:00,무인양품,생활,생활용품,LIVING,16200,0,16200,신용카드,CARD,APPROVED,무인양품 결제 · 생활 카테고리,,UC202,39,신한카드 Deep Oil,신한카드,개인 신용카드,주유·주차·택시,GS칼텍스 선택,3344,신용카드,,300000,150000.0,,https://www.card-gorilla.com/card/detail/39,148800,540200,N,UC201,2271.0,밸런스 카드,BC 바로카드,개인 신용카드,운동·배달·대중교통·구독·편의점,,신용카드,,400000.0,10000.0,961400.0,570100.0,Y,WRONG_CARD_BEFORE_PICKA,BEFORE_PICKA,0,300,300,픽카 이용 전 다른 카드를 사용하여 받을 수 있었던 혜택을 놓침,50%,10000.0,,,SYNTHETIC_RULE_MATCHING_V1,2271-03,생활 맞춤 혜택,생활,22,할인,%,50.0,,,,10000.0,,,PICKA 표준 혜택 카테고리 '생활' 시연 데이터,https://www.card-gorilla.com/card/detail/2271,MISSED_WRONG_CARD,"밸런스 카드 | [Always 서비스] 언제나 즐길 수 있는 데일리 서비스
스타벅스 사이렌오더 50% 할인, 온라인몰 7% 할인",300.0,KRW
ONE_TRANSACTION_PER_ROW,persona2,박준혁,persona2@picka.app,30,1997-07-02,010-0652-8245,T 멤버십|GS&POINT|MY S-OIL|네이버플러스 멤버십|현대자동차 블루멤버스,ADULT,EARLY_30S,남성,IT 기업 개발자,경기도 성남시,False,경기도,성남시,0,2026-07-24,[],,,,,,,,,실용적 소비를 추구하는 차량 보유자,1200000,2026-05~2026-07,"주유 할인, 대중교통·택시 적립, 헬스장/PT 할인, 배달앱 캐시백 카드",False,False,False,False,False,False,PRIVATE_EMPLOYEE | IT_EMPLOYEE,SKT,CAR,False,True,NONE,EMART,True,False,0,,VERIFIED,"30세 IT 직장인. SKT·자가용·하이패스·이마트 이용자이며, 경차·군인·복지·K-패스·항공사 제휴 자격은 해당하지 않음.",2,UC201 | UC202,밸런스 카드 | 신한카드 Deep Oil,밸런스 카드:운동·배달·대중교통·구독·편의점 | 신한카드 Deep Oil:주유·주차·택시,july26-persona2-0013,july26-persona2-0013,2026-07,2026-07-19T16:25:00,SK에너지 주유소,자동차,주유,FUEL,69800,1500,68300,신용카드,CARD,APPROVED,SK에너지 주유소 결제 · 주유 카테고리,,UC201,2271,밸런스 카드,BC 바로카드,개인 신용카드,운동·배달·대중교통·구독·편의점,,2233,신용카드,,400000,10000.0,,https://www.card-gorilla.com/card/detail/2271,961400,570100,Y,UC201,2271.0,밸런스 카드,BC 바로카드,개인 신용카드,운동·배달·대중교통·구독·편의점,,신용카드,,400000.0,10000.0,961400.0,570100.0,Y,BENEFIT_RECEIVED,BENEFIT_APPLIED,1500,1500,0,,50%,10000.0,1600.0,100.0,SYNTHETIC_RULE_MATCHING_V1,2271-03,주유 맞춤 혜택,주유,17,할인,%,50.0,,,,10000.0,,,PICKA 표준 혜택 카테고리 '주유' 시연 데이터,https://www.card-gorilla.com/card/detail/2271,DISCOUNT_APPLIED,"밸런스 카드 | [Always 서비스] 언제나 즐길 수 있는 데일리 서비스
스타벅스 사이렌오더 50% 할인, 온라인몰 7% 할인",1500.0,KRW
ONE_TRANSACTION_PER_ROW,persona2,박준혁,persona2@picka.app,30,1997-07-02,010-0652-8245,T 멤버십|GS&POINT|MY S-OIL|네이버플러스 멤버십|현대자동차 블루멤버스,ADULT,EARLY_30S,남성,IT 기업 개발자,경기도 성남시,False,경기도,성남시,0,2026-07-24,[],,,,,,,,,실용적 소비를 추구하는 차량 보유자,1200000,2026-05~2026-07,"주유 할인, 대중교통·택시 적립, 헬스장/PT 할인, 배달앱 캐시백 카드",False,False,False,False,False,False,PRIVATE_EMPLOYEE | IT_EMPLOYEE,SKT,CAR,False,True,NONE,EMART,True,False,0,,VERIFIED,"30세 IT 직장인. SKT·자가용·하이패스·이마트 이용자이며, 경차·군인·복지·K-패스·항공사 제휴 자격은 해당하지 않음.",2,UC201 | UC202,밸런스 카드 | 신한카드 Deep Oil,밸런스 카드:운동·배달·대중교통·구독·편의점 | 신한카드 Deep Oil:주유·주차·택시,july26-persona2-0034,july26-persona2-0034,2026-07,2026-07-20T07:50:00,패스트푸드,외식,음식점,FOOD_DINING,29900,0,29900,신용카드,CARD,APPROVED,패스트푸드 결제 · 푸드/외식 카테고리,,UC202,39,신한카드 Deep Oil,신한카드,개인 신용카드,주유·주차·택시,GS칼텍스 선택,3344,신용카드,,300000,150000.0,,https://www.card-gorilla.com/card/detail/39,148800,540200,N,UC201,2271.0,밸런스 카드,BC 바로카드,개인 신용카드,운동·배달·대중교통·구독·편의점,,신용카드,,400000.0,10000.0,961400.0,570100.0,Y,WRONG_CARD_BEFORE_PICKA,BEFORE_PICKA,0,600,600,픽카 이용 전 다른 카드를 사용하여 받을 수 있었던 혜택을 놓침,50%,10000.0,,,SYNTHETIC_RULE_MATCHING_V1,2271-03,푸드/외식 맞춤 혜택,푸드/외식,57,할인,%,50.0,,,,10000.0,,,PICKA 표준 혜택 카테고리 '푸드/외식' 시연 데이터,https://www.card-gorilla.com/card/detail/2271,MISSED_WRONG_CARD,"밸런스 카드 | [Always 서비스] 언제나 즐길 수 있는 데일리 서비스
스타벅스 사이렌오더 50% 할인, 온라인몰 7% 할인",600.0,KRW
ONE_TRANSACTION_PER_ROW,persona2,박준혁,persona2@picka.app,30,1997-07-02,010-0652-8245,T 멤버십|GS&POINT|MY S-OIL|네이버플러스 멤버십|현대자동차 블루멤버스,ADULT,EARLY_30S,남성,IT 기업 개발자,경기도 성남시,False,경기도,성남시,0,2026-07-24,[],,,,,,,,,실용적 소비를 추구하는 차량 보유자,1200000,2026-05~2026-07,"주유 할인, 대중교통·택시 적립, 헬스장/PT 할인, 배달앱 캐시백 카드",False,False,False,False,False,False,PRIVATE_EMPLOYEE | IT_EMPLOYEE,SKT,CAR,False,True,NONE,EMART,True,False,0,,VERIFIED,"30세 IT 직장인. SKT·자가용·하이패스·이마트 이용자이며, 경차·군인·복지·K-패스·항공사 제휴 자격은 해당하지 않음.",2,UC201 | UC202,밸런스 카드 | 신한카드 Deep Oil,밸런스 카드:운동·배달·대중교통·구독·편의점 | 신한카드 Deep Oil:주유·주차·택시,july26-persona2-0024,july26-persona2-0024,2026-07,2026-07-20T08:05:00,CU,편의점,편의점,CONVENIENCE,9800,0,9800,신용카드,CARD,APPROVED,CU 결제 · 편의점 카테고리,,UC202,39,신한카드 Deep Oil,신한카드,개인 신용카드,주유·주차·택시,GS칼텍스 선택,3344,신용카드,,300000,150000.0,,https://www.card-gorilla.com/card/detail/39,148800,540200,N,UC201,2271.0,밸런스 카드,BC 바로카드,개인 신용카드,운동·배달·대중교통·구독·편의점,,신용카드,,400000.0,10000.0,961400.0,570100.0,Y,WRONG_CARD_BEFORE_PICKA,BEFORE_PICKA,0,200,200,픽카 이용 전 다른 카드를 사용하여 받을 수 있었던 혜택을 놓침,50%,10000.0,,,SYNTHETIC_RULE_MATCHING_V1,2271-03,편의점 맞춤 혜택,편의점,21,할인,%,50.0,,,,10000.0,,,PICKA 표준 혜택 카테고리 '편의점' 시연 데이터,https://www.card-gorilla.com/card/detail/2271,MISSED_WRONG_CARD,"밸런스 카드 | [Always 서비스] 언제나 즐길 수 있는 데일리 서비스
스타벅스 사이렌오더 50% 할인, 온라인몰 7% 할인",200.0,KRW
ONE_TRANSACTION_PER_ROW,persona2,박준혁,persona2@picka.app,30,1997-07-02,010-0652-8245,T 멤버십|GS&POINT|MY S-OIL|네이버플러스 멤버십|현대자동차 블루멤버스,ADULT,EARLY_30S,남성,IT 기업 개발자,경기도 성남시,False,경기도,성남시,0,2026-07-24,[],,,,,,,,,실용적 소비를 추구하는 차량 보유자,1200000,2026-05~2026-07,"주유 할인, 대중교통·택시 적립, 헬스장/PT 할인, 배달앱 캐시백 카드",False,False,False,False,False,False,PRIVATE_EMPLOYEE | IT_EMPLOYEE,SKT,CAR,False,True,NONE,EMART,True,False,0,,VERIFIED,"30세 IT 직장인. SKT·자가용·하이패스·이마트 이용자이며, 경차·군인·복지·K-패스·항공사 제휴 자격은 해당하지 않음.",2,UC201 | UC202,밸런스 카드 | 신한카드 Deep Oil,밸런스 카드:운동·배달·대중교통·구독·편의점 | 신한카드 Deep Oil:주유·주차·택시,july26-persona2-0031,july26-persona2-0031,2026-07,2026-07-20T13:35:00,SK텔레콤,통신,이동통신요금,TELECOM,42000,0,42000,신용카드,CARD,APPROVED,SK텔레콤 결제 · 통신 카테고리,,UC202,39,신한카드 Deep Oil,신한카드,개인 신용카드,주유·주차·택시,GS칼텍스 선택,3344,신용카드,,300000,150000.0,,https://www.card-gorilla.com/card/detail/39,148800,540200,N,UC201,2271.0,밸런스 카드,BC 바로카드,개인 신용카드,운동·배달·대중교통·구독·편의점,,신용카드,,400000.0,10000.0,961400.0,570100.0,Y,WRONG_CARD_BEFORE_PICKA,BEFORE_PICKA,0,900,900,픽카 이용 전 다른 카드를 사용하여 받을 수 있었던 혜택을 놓침,50%,10000.0,,,SYNTHETIC_RULE_MATCHING_V1,2271-03,통신 맞춤 혜택,통신,9,할인,%,50.0,,,,10000.0,,,PICKA 표준 혜택 카테고리 '통신' 시연 데이터,https://www.card-gorilla.com/card/detail/2271,MISSED_WRONG_CARD,"밸런스 카드 | [Always 서비스] 언제나 즐길 수 있는 데일리 서비스
스타벅스 사이렌오더 50% 할인, 온라인몰 7% 할인",900.0,KRW
ONE_TRANSACTION_PER_ROW,persona2,박준혁,persona2@picka.app,30,1997-07-02,010-0652-8245,T 멤버십|GS&POINT|MY S-OIL|네이버플러스 멤버십|현대자동차 블루멤버스,ADULT,EARLY_30S,남성,IT 기업 개발자,경기도 성남시,False,경기도,성남시,0,2026-07-24,[],,,,,,,,,실용적 소비를 추구하는 차량 보유자,1200000,2026-05~2026-07,"주유 할인, 대중교통·택시 적립, 헬스장/PT 할인, 배달앱 캐시백 카드",False,False,False,False,False,False,PRIVATE_EMPLOYEE | IT_EMPLOYEE,SKT,CAR,False,True,NONE,EMART,True,False,0,,VERIFIED,"30세 IT 직장인. SKT·자가용·하이패스·이마트 이용자이며, 경차·군인·복지·K-패스·항공사 제휴 자격은 해당하지 않음.",2,UC201 | UC202,밸런스 카드 | 신한카드 Deep Oil,밸런스 카드:운동·배달·대중교통·구독·편의점 | 신한카드 Deep Oil:주유·주차·택시,july26-persona2-0008,july26-persona2-0008,2026-07,2026-07-20T16:25:00,투썸플레이스,카페,카페 및 디저트,CAFE_DESSERT,10300,0,10300,신용카드,CARD,APPROVED,투썸플레이스 결제 · 카페/디저트 카테고리,,UC202,39,신한카드 Deep Oil,신한카드,개인 신용카드,주유·주차·택시,GS칼텍스 선택,3344,신용카드,,300000,150000.0,,https://www.card-gorilla.com/card/detail/39,148800,540200,N,UC201,2271.0,밸런스 카드,BC 바로카드,개인 신용카드,운동·배달·대중교통·구독·편의점,,신용카드,,400000.0,10000.0,961400.0,570100.0,Y,WRONG_CARD_BEFORE_PICKA,BEFORE_PICKA,0,200,200,픽카 이용 전 다른 카드를 사용하여 받을 수 있었던 혜택을 놓침,50%,10000.0,,,SYNTHETIC_RULE_MATCHING_V1,2271-03,카페/디저트 맞춤 혜택,카페/디저트,45,할인,%,50.0,,,,10000.0,,,PICKA 표준 혜택 카테고리 '카페/디저트' 시연 데이터,https://www.card-gorilla.com/card/detail/2271,MISSED_WRONG_CARD,"밸런스 카드 | [Always 서비스] 언제나 즐길 수 있는 데일리 서비스
스타벅스 사이렌오더 50% 할인, 온라인몰 7% 할인",200.0,KRW
ONE_TRANSACTION_PER_ROW,persona2,박준혁,persona2@picka.app,30,1997-07-02,010-0652-8245,T 멤버십|GS&POINT|MY S-OIL|네이버플러스 멤버십|현대자동차 블루멤버스,ADULT,EARLY_30S,남성,IT 기업 개발자,경기도 성남시,False,경기도,성남시,0,2026-07-24,[],,,,,,,,,실용적 소비를 추구하는 차량 보유자,1200000,2026-05~2026-07,"주유 할인, 대중교통·택시 적립, 헬스장/PT 할인, 배달앱 캐시백 카드",False,False,False,False,False,False,PRIVATE_EMPLOYEE | IT_EMPLOYEE,SKT,CAR,False,True,NONE,EMART,True,False,0,,VERIFIED,"30세 IT 직장인. SKT·자가용·하이패스·이마트 이용자이며, 경차·군인·복지·K-패스·항공사 제휴 자격은 해당하지 않음.",2,UC201 | UC202,밸런스 카드 | 신한카드 Deep Oil,밸런스 카드:운동·배달·대중교통·구독·편의점 | 신한카드 Deep Oil:주유·주차·택시,july26-persona2-0023,july26-persona2-0023,2026-07,2026-07-22T07:00:00,쿠팡,온라인쇼핑,온라인 종합몰,ONLINE_SHOPPING,14100,100,14000,신용카드,CARD,APPROVED,쿠팡 결제 · 온라인쇼핑 카테고리,,UC201,2271,밸런스 카드,BC 바로카드,개인 신용카드,운동·배달·대중교통·구독·편의점,,2233,신용카드,,400000,10000.0,,https://www.card-gorilla.com/card/detail/2271,961400,570100,Y,UC201,2271.0,밸런스 카드,BC 바로카드,개인 신용카드,운동·배달·대중교통·구독·편의점,,신용카드,,400000.0,10000.0,961400.0,570100.0,Y,BENEFIT_RECEIVED,BENEFIT_APPLIED,100,300,200,,50%,10000.0,100.0,0.0,SYNTHETIC_RULE_MATCHING_V1,2271-03,온라인쇼핑 맞춤 혜택,온라인쇼핑,7,할인,%,50.0,,,,10000.0,,,PICKA 표준 혜택 카테고리 '온라인쇼핑' 시연 데이터,https://www.card-gorilla.com/card/detail/2271,DISCOUNT_APPLIED,"밸런스 카드 | [Always 서비스] 언제나 즐길 수 있는 데일리 서비스
스타벅스 사이렌오더 50% 할인, 온라인몰 7% 할인",300.0,KRW
ONE_TRANSACTION_PER_ROW,persona2,박준혁,persona2@picka.app,30,1997-07-02,010-0652-8245,T 멤버십|GS&POINT|MY S-OIL|네이버플러스 멤버십|현대자동차 블루멤버스,ADULT,EARLY_30S,남성,IT 기업 개발자,경기도 성남시,False,경기도,성남시,0,2026-07-24,[],,,,,,,,,실용적 소비를 추구하는 차량 보유자,1200000,2026-05~2026-07,"주유 할인, 대중교통·택시 적립, 헬스장/PT 할인, 배달앱 캐시백 카드",False,False,False,False,False,False,PRIVATE_EMPLOYEE | IT_EMPLOYEE,SKT,CAR,False,True,NONE,EMART,True,False,0,,VERIFIED,"30세 IT 직장인. SKT·자가용·하이패스·이마트 이용자이며, 경차·군인·복지·K-패스·항공사 제휴 자격은 해당하지 않음.",2,UC201 | UC202,밸런스 카드 | 신한카드 Deep Oil,밸런스 카드:운동·배달·대중교통·구독·편의점 | 신한카드 Deep Oil:주유·주차·택시,july26-persona2-0020,july26-persona2-0020,2026-07,2026-07-22T14:10:00,온누리약국,의료,병원 및 약국,MEDICAL,16100,0,16100,신용카드,CARD,APPROVED,온누리약국 결제 · 병원/약국 카테고리,,UC201,2271,밸런스 카드,BC 바로카드,개인 신용카드,운동·배달·대중교통·구독·편의점,,2233,신용카드,,400000,10000.0,,https://www.card-gorilla.com/card/detail/2271,961400,570100,Y,UC201,2271.0,밸런스 카드,BC 바로카드,개인 신용카드,운동·배달·대중교통·구독·편의점,,신용카드,,400000.0,10000.0,961400.0,570100.0,Y,CAP_EXHAUSTED,CARD_LIMIT_EXHAUSTED,0,300,300,월 할인한도 소진으로 혜택 미적용,50%,10000.0,0.0,0.0,SYNTHETIC_RULE_MATCHING_V1,2271-03,병원/약국 맞춤 혜택,병원/약국,12,할인,%,50.0,,,,10000.0,,,PICKA 표준 혜택 카테고리 '병원/약국' 시연 데이터,https://www.card-gorilla.com/card/detail/2271,MISSED_CAP_EXHAUSTED,"밸런스 카드 | [Always 서비스] 언제나 즐길 수 있는 데일리 서비스
스타벅스 사이렌오더 50% 할인, 온라인몰 7% 할인",300.0,KRW
ONE_TRANSACTION_PER_ROW,persona2,박준혁,persona2@picka.app,30,1997-07-02,010-0652-8245,T 멤버십|GS&POINT|MY S-OIL|네이버플러스 멤버십|현대자동차 블루멤버스,ADULT,EARLY_30S,남성,IT 기업 개발자,경기도 성남시,False,경기도,성남시,0,2026-07-24,[],,,,,,,,,실용적 소비를 추구하는 차량 보유자,1200000,2026-05~2026-07,"주유 할인, 대중교통·택시 적립, 헬스장/PT 할인, 배달앱 캐시백 카드",False,False,False,False,False,False,PRIVATE_EMPLOYEE | IT_EMPLOYEE,SKT,CAR,False,True,NONE,EMART,True,False,0,,VERIFIED,"30세 IT 직장인. SKT·자가용·하이패스·이마트 이용자이며, 경차·군인·복지·K-패스·항공사 제휴 자격은 해당하지 않음.",2,UC201 | UC202,밸런스 카드 | 신한카드 Deep Oil,밸런스 카드:운동·배달·대중교통·구독·편의점 | 신한카드 Deep Oil:주유·주차·택시,july26-persona2-0028,july26-persona2-0028,2026-07,2026-07-22T22:50:00,야놀자,여행,숙박 및 여행,TRAVEL_LODGING,167600,0,167600,신용카드,CARD,APPROVED,야놀자 결제 · 여행/숙박 카테고리,,UC201,2271,밸런스 카드,BC 바로카드,개인 신용카드,운동·배달·대중교통·구독·편의점,,2233,신용카드,,400000,10000.0,,https://www.card-gorilla.com/card/detail/2271,961400,570100,Y,UC201,2271.0,밸런스 카드,BC 바로카드,개인 신용카드,운동·배달·대중교통·구독·편의점,,신용카드,,400000.0,10000.0,961400.0,570100.0,Y,CAP_EXHAUSTED,CARD_LIMIT_EXHAUSTED,0,12000,12000,월 할인한도 소진으로 혜택 미적용,50%,10000.0,0.0,0.0,SYNTHETIC_RULE_MATCHING_V1,2271-03,여행/숙박 맞춤 혜택,여행/숙박,8,할인,%,50.0,,,,10000.0,,,PICKA 표준 혜택 카테고리 '여행/숙박' 시연 데이터,https://www.card-gorilla.com/card/detail/2271,MISSED_CAP_EXHAUSTED,"밸런스 카드 | [Always 서비스] 언제나 즐길 수 있는 데일리 서비스
스타벅스 사이렌오더 50% 할인, 온라인몰 7% 할인",12000.0,KRW
ONE_TRANSACTION_PER_ROW,persona2,박준혁,persona2@picka.app,30,1997-07-02,010-0652-8245,T 멤버십|GS&POINT|MY S-OIL|네이버플러스 멤버십|현대자동차 블루멤버스,ADULT,EARLY_30S,남성,IT 기업 개발자,경기도 성남시,False,경기도,성남시,0,2026-07-24,[],,,,,,,,,실용적 소비를 추구하는 차량 보유자,1200000,2026-05~2026-07,"주유 할인, 대중교통·택시 적립, 헬스장/PT 할인, 배달앱 캐시백 카드",False,False,False,False,False,False,PRIVATE_EMPLOYEE | IT_EMPLOYEE,SKT,CAR,False,True,NONE,EMART,True,False,0,,VERIFIED,"30세 IT 직장인. SKT·자가용·하이패스·이마트 이용자이며, 경차·군인·복지·K-패스·항공사 제휴 자격은 해당하지 않음.",2,UC201 | UC202,밸런스 카드 | 신한카드 Deep Oil,밸런스 카드:운동·배달·대중교통·구독·편의점 | 신한카드 Deep Oil:주유·주차·택시,july26-persona2-0025,july26-persona2-0025,2026-07,2026-07-23T10:40:00,배달의민족,배달,배달앱,DELIVERY,9000,0,9000,신용카드,CARD,APPROVED,배달의민족 결제 · 배달앱 카테고리,,UC201,2271,밸런스 카드,BC 바로카드,개인 신용카드,운동·배달·대중교통·구독·편의점,,2233,신용카드,,400000,10000.0,,https://www.card-gorilla.com/card/detail/2271,961400,570100,Y,UC201,2271.0,밸런스 카드,BC 바로카드,개인 신용카드,운동·배달·대중교통·구독·편의점,,신용카드,,400000.0,10000.0,961400.0,570100.0,Y,CAP_EXHAUSTED,CARD_LIMIT_EXHAUSTED,0,200,200,월 할인한도 소진으로 혜택 미적용,50%,10000.0,0.0,0.0,SYNTHETIC_RULE_MATCHING_V1,2271-03,배달앱 맞춤 혜택,배달앱,19,할인,%,50.0,,,,10000.0,,,PICKA 표준 혜택 카테고리 '배달앱' 시연 데이터,https://www.card-gorilla.com/card/detail/2271,MISSED_CAP_EXHAUSTED,"밸런스 카드 | [Always 서비스] 언제나 즐길 수 있는 데일리 서비스
스타벅스 사이렌오더 50% 할인, 온라인몰 7% 할인",200.0,KRW
ONE_TRANSACTION_PER_ROW,persona2,박준혁,persona2@picka.app,30,1997-07-02,010-0652-8245,T 멤버십|GS&POINT|MY S-OIL|네이버플러스 멤버십|현대자동차 블루멤버스,ADULT,EARLY_30S,남성,IT 기업 개발자,경기도 성남시,False,경기도,성남시,0,2026-07-24,[],,,,,,,,,실용적 소비를 추구하는 차량 보유자,1200000,2026-05~2026-07,"주유 할인, 대중교통·택시 적립, 헬스장/PT 할인, 배달앱 캐시백 카드",False,False,False,False,False,False,PRIVATE_EMPLOYEE | IT_EMPLOYEE,SKT,CAR,False,True,NONE,EMART,True,False,0,,VERIFIED,"30세 IT 직장인. SKT·자가용·하이패스·이마트 이용자이며, 경차·군인·복지·K-패스·항공사 제휴 자격은 해당하지 않음.",2,UC201 | UC202,밸런스 카드 | 신한카드 Deep Oil,밸런스 카드:운동·배달·대중교통·구독·편의점 | 신한카드 Deep Oil:주유·주차·택시,july26-persona2-0007,july26-persona2-0007,2026-07,2026-07-23T16:15:00,한식당,외식,음식점,FOOD_DINING,14800,0,14800,신용카드,CARD,APPROVED,한식당 결제 · 푸드/외식 카테고리,,UC201,2271,밸런스 카드,BC 바로카드,개인 신용카드,운동·배달·대중교통·구독·편의점,,2233,신용카드,,400000,10000.0,,https://www.card-gorilla.com/card/detail/2271,961400,570100,Y,UC201,2271.0,밸런스 카드,BC 바로카드,개인 신용카드,운동·배달·대중교통·구독·편의점,,신용카드,,400000.0,10000.0,961400.0,570100.0,Y,CAP_EXHAUSTED,CARD_LIMIT_EXHAUSTED,0,300,300,월 할인한도 소진으로 혜택 미적용,50%,10000.0,0.0,0.0,SYNTHETIC_RULE_MATCHING_V1,2271-03,푸드/외식 맞춤 혜택,푸드/외식,57,할인,%,50.0,,,,10000.0,,,PICKA 표준 혜택 카테고리 '푸드/외식' 시연 데이터,https://www.card-gorilla.com/card/detail/2271,MISSED_CAP_EXHAUSTED,"밸런스 카드 | [Always 서비스] 언제나 즐길 수 있는 데일리 서비스
스타벅스 사이렌오더 50% 할인, 온라인몰 7% 할인",300.0,KRW
ONE_TRANSACTION_PER_ROW,persona2,박준혁,persona2@picka.app,30,1997-07-02,010-0652-8245,T 멤버십|GS&POINT|MY S-OIL|네이버플러스 멤버십|현대자동차 블루멤버스,ADULT,EARLY_30S,남성,IT 기업 개발자,경기도 성남시,False,경기도,성남시,0,2026-07-24,[],,,,,,,,,실용적 소비를 추구하는 차량 보유자,1200000,2026-05~2026-07,"주유 할인, 대중교통·택시 적립, 헬스장/PT 할인, 배달앱 캐시백 카드",False,False,False,False,False,False,PRIVATE_EMPLOYEE | IT_EMPLOYEE,SKT,CAR,False,True,NONE,EMART,True,False,0,,VERIFIED,"30세 IT 직장인. SKT·자가용·하이패스·이마트 이용자이며, 경차·군인·복지·K-패스·항공사 제휴 자격은 해당하지 않음.",2,UC201 | UC202,밸런스 카드 | 신한카드 Deep Oil,밸런스 카드:운동·배달·대중교통·구독·편의점 | 신한카드 Deep Oil:주유·주차·택시,july26-persona2-0029,july26-persona2-0029,2026-07,2026-07-23T17:25:00,쿠팡이츠,배달,배달앱,DELIVERY,15100,0,15100,신용카드,CARD,APPROVED,쿠팡이츠 결제 · 배달앱 카테고리,,UC202,39,신한카드 Deep Oil,신한카드,개인 신용카드,주유·주차·택시,GS칼텍스 선택,3344,신용카드,,300000,150000.0,,https://www.card-gorilla.com/card/detail/39,148800,540200,N,UC201,2271.0,밸런스 카드,BC 바로카드,개인 신용카드,운동·배달·대중교통·구독·편의점,,신용카드,,400000.0,10000.0,961400.0,570100.0,Y,WRONG_CARD_BEFORE_PICKA,BEFORE_PICKA,0,300,300,픽카 이용 전 다른 카드를 사용하여 받을 수 있었던 혜택을 놓침,50%,10000.0,,,SYNTHETIC_RULE_MATCHING_V1,2271-03,배달앱 맞춤 혜택,배달앱,19,할인,%,50.0,,,,10000.0,,,PICKA 표준 혜택 카테고리 '배달앱' 시연 데이터,https://www.card-gorilla.com/card/detail/2271,MISSED_WRONG_CARD,"밸런스 카드 | [Always 서비스] 언제나 즐길 수 있는 데일리 서비스
스타벅스 사이렌오더 50% 할인, 온라인몰 7% 할인",300.0,KRW
ONE_TRANSACTION_PER_ROW,persona2,박준혁,persona2@picka.app,30,1997-07-02,010-0652-8245,T 멤버십|GS&POINT|MY S-OIL|네이버플러스 멤버십|현대자동차 블루멤버스,ADULT,EARLY_30S,남성,IT 기업 개발자,경기도 성남시,False,경기도,성남시,0,2026-07-24,[],,,,,,,,,실용적 소비를 추구하는 차량 보유자,1200000,2026-05~2026-07,"주유 할인, 대중교통·택시 적립, 헬스장/PT 할인, 배달앱 캐시백 카드",False,False,False,False,False,False,PRIVATE_EMPLOYEE | IT_EMPLOYEE,SKT,CAR,False,True,NONE,EMART,True,False,0,,VERIFIED,"30세 IT 직장인. SKT·자가용·하이패스·이마트 이용자이며, 경차·군인·복지·K-패스·항공사 제휴 자격은 해당하지 않음.",2,UC201 | UC202,밸런스 카드 | 신한카드 Deep Oil,밸런스 카드:운동·배달·대중교통·구독·편의점 | 신한카드 Deep Oil:주유·주차·택시,july26-persona2-0003,july26-persona2-0003,2026-07,2026-07-23T21:45:00,GS25,편의점,편의점,CONVENIENCE,3700,0,3700,신용카드,CARD,APPROVED,GS25 결제 · 편의점 카테고리,,UC201,2271,밸런스 카드,BC 바로카드,개인 신용카드,운동·배달·대중교통·구독·편의점,,2233,신용카드,,400000,10000.0,,https://www.card-gorilla.com/card/detail/2271,961400,570100,Y,UC201,2271.0,밸런스 카드,BC 바로카드,개인 신용카드,운동·배달·대중교통·구독·편의점,,신용카드,,400000.0,10000.0,961400.0,570100.0,Y,CAP_EXHAUSTED,CARD_LIMIT_EXHAUSTED,0,100,100,월 할인한도 소진으로 혜택 미적용,50%,10000.0,0.0,0.0,SYNTHETIC_RULE_MATCHING_V1,2271-03,편의점 맞춤 혜택,편의점,21,할인,%,50.0,,,,10000.0,,,PICKA 표준 혜택 카테고리 '편의점' 시연 데이터,https://www.card-gorilla.com/card/detail/2271,MISSED_CAP_EXHAUSTED,"밸런스 카드 | [Always 서비스] 언제나 즐길 수 있는 데일리 서비스
스타벅스 사이렌오더 50% 할인, 온라인몰 7% 할인",100.0,KRW
ONE_TRANSACTION_PER_ROW,persona3,이지훈,persona3@picka.app,36,1991-09-25,010-0525-3345,쿠팡 와우 멤버십|신세계포인트|CJ ONE|해피포인트|LG U+ 멤버십,ADULT,MID_30S,남성,직장인,경기도 수원시,False,경기도,수원시,1,2026-07-24,"[{""order"":1,""label"":""첫째"",""birth_date"":""2025-08-24"",""exact_age"":""만 0세 11개월 0일"",""school_stage"":""영아""}]",첫째,2025-08-24,만 0세 11개월 0일,영아,,,,,"11개월 아기 양육 중, 가족 중심의 소비",3000000,2026-05~2026-07,"가족 공동카드는 육아·마트·병원·보험·공과금에, 개인카드는 구독·배달·외식 등에 구분해 혜택 비교",False,False,False,False,True,False,PRIVATE_EMPLOYEE | HOUSEHOLD_REPRESENTATIVE,KT,CAR,False,True,NONE,EMART,True,True,1,INFANT,VERIFIED,"36세 직장인·영아 양육 가구 대표. KT·자가용·하이패스·이마트 이용자이며, 육아 지원 카드 검토 대상. 경차·군인·복지·K-패스·항공사 제휴 자격은 해당하지 않음.",3,UC301 | UC302 | UC303,노리2 체크카드(Global) | 신한카드 Mr.Life | 국민행복 삼성카드 V2,노리2 체크카드(Global):구독·배달·소액생활 | 신한카드 Mr.Life:외식·온라인쇼핑·병원/약국 | 국민행복 삼성카드 V2:육아·마트·보험·병원·관리비·통신,hist-persona3-UC302-001,hist-persona3-UC302-001,2026-05,2026-05-02T09:10:00,SK텔레콤,통신,이동통신요금,TELECOM,72300,6600,65700,신용카드,CARD,APPROVED,SK텔레콤 결제 · 통신 카테고리,,UC302,13,신한카드 Mr.Life,신한카드,개인 신용카드,외식·온라인쇼핑·병원/약국,,4456,신용카드,,300000,54000.0,,https://www.card-gorilla.com/card/detail/13,508700,516400,Y,UC302,13.0,신한카드 Mr.Life,신한카드,개인 신용카드,외식·온라인쇼핑·병원/약국,,신용카드,,300000.0,54000.0,508700.0,516400.0,Y,BENEFIT_RECEIVED,BENEFIT_APPLIED,6600,6600,0,,20%,54000.0,,,SYNTHETIC_RULE_MATCHING_V1,13-10,통신 맞춤 혜택,통신,9,할인,%,20.0,300000.0,,,,,,PICKA 표준 혜택 카테고리 '통신' 시연 데이터,https://www.card-gorilla.com/card/detail/13,DISCOUNT_APPLIED,신한카드 Mr.Life | 인테이크몰 20% 할인 (전월실적 30만원 이상),6600.0,KRW
ONE_TRANSACTION_PER_ROW,persona3,이지훈,persona3@picka.app,36,1991-09-25,010-0525-3345,쿠팡 와우 멤버십|신세계포인트|CJ ONE|해피포인트|LG U+ 멤버십,ADULT,MID_30S,남성,직장인,경기도 수원시,False,경기도,수원시,1,2026-07-24,"[{""order"":1,""label"":""첫째"",""birth_date"":""2025-08-24"",""exact_age"":""만 0세 11개월 0일"",""school_stage"":""영아""}]",첫째,2025-08-24,만 0세 11개월 0일,영아,,,,,"11개월 아기 양육 중, 가족 중심의 소비",3000000,2026-05~2026-07,"가족 공동카드는 육아·마트·병원·보험·공과금에, 개인카드는 구독·배달·외식 등에 구분해 혜택 비교",False,False,False,False,True,False,PRIVATE_EMPLOYEE | HOUSEHOLD_REPRESENTATIVE,KT,CAR,False,True,NONE,EMART,True,True,1,INFANT,VERIFIED,"36세 직장인·영아 양육 가구 대표. KT·자가용·하이패스·이마트 이용자이며, 육아 지원 카드 검토 대상. 경차·군인·복지·K-패스·항공사 제휴 자격은 해당하지 않음.",3,UC301 | UC302 | UC303,노리2 체크카드(Global) | 신한카드 Mr.Life | 국민행복 삼성카드 V2,노리2 체크카드(Global):구독·배달·소액생활 | 신한카드 Mr.Life:외식·온라인쇼핑·병원/약국 | 국민행복 삼성카드 V2:육아·마트·보험·병원·관리비·통신,hist-persona3-UC303-001,hist-persona3-UC303-001,2026-05,2026-05-02T09:10:00,이마트,마트/쇼핑,대형마트 및 쇼핑,MART_SHOPPING,290300,0,290300,신용카드,CARD,APPROVED,이마트 결제 · 마트/쇼핑 카테고리,,UC303,718,국민행복 삼성카드 V2,삼성카드,가족 공동카드,육아·마트·보험·병원·관리비·통신,,6677,신용카드,,0,30000.0,,https://www.card-gorilla.com/card/detail/718,2540600,2073100,Y,UC302,13.0,신한카드 Mr.Life,신한카드,개인 신용카드,외식·온라인쇼핑·병원/약국,,신용카드,,300000.0,54000.0,508700.0,516400.0,Y,WRONG_CARD_BEFORE_PICKA,BEFORE_PICKA,0,6400,6400,픽카 이용 전 다른 카드를 사용하여 받을 수 있었던 혜택을 놓침,20%,54000.0,,,SYNTHETIC_RULE_MATCHING_V1,13-10,마트/쇼핑 맞춤 혜택,마트/쇼핑,97,할인,%,20.0,300000.0,,,,,,PICKA 표준 혜택 카테고리 '마트/쇼핑' 시연 데이터,https://www.card-gorilla.com/card/detail/13,MISSED_WRONG_CARD,신한카드 Mr.Life | 인테이크몰 20% 할인 (전월실적 30만원 이상),6400.0,KRW
ONE_TRANSACTION_PER_ROW,persona3,이지훈,persona3@picka.app,36,1991-09-25,010-0525-3345,쿠팡 와우 멤버십|신세계포인트|CJ ONE|해피포인트|LG U+ 멤버십,ADULT,MID_30S,남성,직장인,경기도 수원시,False,경기도,수원시,1,2026-07-24,"[{""order"":1,""label"":""첫째"",""birth_date"":""2025-08-24"",""exact_age"":""만 0세 11개월 0일"",""school_stage"":""영아""}]",첫째,2025-08-24,만 0세 11개월 0일,영아,,,,,"11개월 아기 양육 중, 가족 중심의 소비",3000000,2026-05~2026-07,"가족 공동카드는 육아·마트·병원·보험·공과금에, 개인카드는 구독·배달·외식 등에 구분해 혜택 비교",False,False,False,False,True,False,PRIVATE_EMPLOYEE | HOUSEHOLD_REPRESENTATIVE,KT,CAR,False,True,NONE,EMART,True,True,1,INFANT,VERIFIED,"36세 직장인·영아 양육 가구 대표. KT·자가용·하이패스·이마트 이용자이며, 육아 지원 카드 검토 대상. 경차·군인·복지·K-패스·항공사 제휴 자격은 해당하지 않음.",3,UC301 | UC302 | UC303,노리2 체크카드(Global) | 신한카드 Mr.Life | 국민행복 삼성카드 V2,노리2 체크카드(Global):구독·배달·소액생활 | 신한카드 Mr.Life:외식·온라인쇼핑·병원/약국 | 국민행복 삼성카드 V2:육아·마트·보험·병원·관리비·통신,hist-persona3-UC301-001,hist-persona3-UC301-001,2026-05,2026-05-02T09:10:00,한식당,외식,음식점,FOOD_DINING,37200,800,36400,체크카드,CARD,APPROVED,한식당 결제 · 푸드/외식 카테고리,,UC301,2423,노리2 체크카드(Global),KB국민카드,개인 체크카드,구독·배달·소액생활,,4455,체크카드,,200000,70000.0,,https://www.card-gorilla.com/card/detail/2423,228900,265800,Y,UC301,2423.0,노리2 체크카드(Global),KB국민카드,개인 체크카드,구독·배달·소액생활,,체크카드,,200000.0,70000.0,228900.0,265800.0,Y,BENEFIT_RECEIVED,BENEFIT_APPLIED,800,800,0,,1000원,1000.0,1000.0,200.0,SYNTHETIC_RULE_MATCHING_V1,2423-07,푸드/외식 맞춤 혜택,푸드/외식,57,할인,원,1000.0,200000.0,,,1000.0,,,PICKA 표준 혜택 카테고리 '푸드/외식' 시연 데이터,https://www.card-gorilla.com/card/detail/2423,DISCOUNT_APPLIED,"노리2 체크카드(Global) | [일상] 배달의 민족, 요기요 1,000원 할인",800.0,KRW
ONE_TRANSACTION_PER_ROW,persona3,이지훈,persona3@picka.app,36,1991-09-25,010-0525-3345,쿠팡 와우 멤버십|신세계포인트|CJ ONE|해피포인트|LG U+ 멤버십,ADULT,MID_30S,남성,직장인,경기도 수원시,False,경기도,수원시,1,2026-07-24,"[{""order"":1,""label"":""첫째"",""birth_date"":""2025-08-24"",""exact_age"":""만 0세 11개월 0일"",""school_stage"":""영아""}]",첫째,2025-08-24,만 0세 11개월 0일,영아,,,,,"11개월 아기 양육 중, 가족 중심의 소비",3000000,2026-05~2026-07,"가족 공동카드는 육아·마트·병원·보험·공과금에, 개인카드는 구독·배달·외식 등에 구분해 혜택 비교",False,False,False,False,True,False,PRIVATE_EMPLOYEE | HOUSEHOLD_REPRESENTATIVE,KT,CAR,False,True,NONE,EMART,True,True,1,INFANT,VERIFIED,"36세 직장인·영아 양육 가구 대표. KT·자가용·하이패스·이마트 이용자이며, 육아 지원 카드 검토 대상. 경차·군인·복지·K-패스·항공사 제휴 자격은 해당하지 않음.",3,UC301 | UC302 | UC303,노리2 체크카드(Global) | 신한카드 Mr.Life | 국민행복 삼성카드 V2,노리2 체크카드(Global):구독·배달·소액생활 | 신한카드 Mr.Life:외식·온라인쇼핑·병원/약국 | 국민행복 삼성카드 V2:육아·마트·보험·병원·관리비·통신,hist-persona3-UC302-002,hist-persona3-UC302-002,2026-05,2026-05-05T12:40:00,다이소,생활,생활용품,LIVING,56800,1300,55500,신용카드,CARD,APPROVED,다이소 결제 · 생활 카테고리,,UC302,13,신한카드 Mr.Life,신한카드,개인 신용카드,외식·온라인쇼핑·병원/약국,,4456,신용카드,,300000,54000.0,,https://www.card-gorilla.com/card/detail/13,508700,516400,Y,UC302,13.0,신한카드 Mr.Life,신한카드,개인 신용카드,외식·온라인쇼핑·병원/약국,,신용카드,,300000.0,54000.0,508700.0,516400.0,Y,BENEFIT_RECEIVED,BENEFIT_APPLIED,1300,1300,0,,10%,5000.0,5000.0,3700.0,SYNTHETIC_RULE_MATCHING_V1,13-04,생활 맞춤 혜택,생활,22,할인,%,10.0,300000.0,,1000.0,5000.0,,,PICKA 표준 혜택 카테고리 '생활' 시연 데이터,https://www.card-gorilla.com/card/detail/13,DISCOUNT_APPLIED,신한카드 Mr.Life | 세탁소 업종 10% 할인 (전월실적 30만원 이상),1300.0,KRW
ONE_TRANSACTION_PER_ROW,persona3,이지훈,persona3@picka.app,36,1991-09-25,010-0525-3345,쿠팡 와우 멤버십|신세계포인트|CJ ONE|해피포인트|LG U+ 멤버십,ADULT,MID_30S,남성,직장인,경기도 수원시,False,경기도,수원시,1,2026-07-24,"[{""order"":1,""label"":""첫째"",""birth_date"":""2025-08-24"",""exact_age"":""만 0세 11개월 0일"",""school_stage"":""영아""}]",첫째,2025-08-24,만 0세 11개월 0일,영아,,,,,"11개월 아기 양육 중, 가족 중심의 소비",3000000,2026-05~2026-07,"가족 공동카드는 육아·마트·병원·보험·공과금에, 개인카드는 구독·배달·외식 등에 구분해 혜택 비교",False,False,False,False,True,False,PRIVATE_EMPLOYEE | HOUSEHOLD_REPRESENTATIVE,KT,CAR,False,True,NONE,EMART,True,True,1,INFANT,VERIFIED,"36세 직장인·영아 양육 가구 대표. KT·자가용·하이패스·이마트 이용자이며, 육아 지원 카드 검토 대상. 경차·군인·복지·K-패스·항공사 제휴 자격은 해당하지 않음.",3,UC301 | UC302 | UC303,노리2 체크카드(Global) | 신한카드 Mr.Life | 국민행복 삼성카드 V2,노리2 체크카드(Global):구독·배달·소액생활 | 신한카드 Mr.Life:외식·온라인쇼핑·병원/약국 | 국민행복 삼성카드 V2:육아·마트·보험·병원·관리비·통신,hist-persona3-UC303-002,hist-persona3-UC303-002,2026-05,2026-05-05T12:40:00,홈플러스,마트/쇼핑,대형마트 및 쇼핑,MART_SHOPPING,228000,0,228000,신용카드,CARD,APPROVED,홈플러스 결제 · 마트/쇼핑 카테고리,,UC303,718,국민행복 삼성카드 V2,삼성카드,가족 공동카드,육아·마트·보험·병원·관리비·통신,,6677,신용카드,,0,30000.0,,https://www.card-gorilla.com/card/detail/718,2540600,2073100,Y,UC302,13.0,신한카드 Mr.Life,신한카드,개인 신용카드,외식·온라인쇼핑·병원/약국,,신용카드,,300000.0,54000.0,508700.0,516400.0,Y,WRONG_CARD_BEFORE_PICKA,BEFORE_PICKA,0,5100,5100,픽카 이용 전 다른 카드를 사용하여 받을 수 있었던 혜택을 놓침,20%,54000.0,,,SYNTHETIC_RULE_MATCHING_V1,13-10,마트/쇼핑 맞춤 혜택,마트/쇼핑,97,할인,%,20.0,300000.0,,,,,,PICKA 표준 혜택 카테고리 '마트/쇼핑' 시연 데이터,https://www.card-gorilla.com/card/detail/13,MISSED_WRONG_CARD,신한카드 Mr.Life | 인테이크몰 20% 할인 (전월실적 30만원 이상),5100.0,KRW
ONE_TRANSACTION_PER_ROW,persona3,이지훈,persona3@picka.app,36,1991-09-25,010-0525-3345,쿠팡 와우 멤버십|신세계포인트|CJ ONE|해피포인트|LG U+ 멤버십,ADULT,MID_30S,남성,직장인,경기도 수원시,False,경기도,수원시,1,2026-07-24,"[{""order"":1,""label"":""첫째"",""birth_date"":""2025-08-24"",""exact_age"":""만 0세 11개월 0일"",""school_stage"":""영아""}]",첫째,2025-08-24,만 0세 11개월 0일,영아,,,,,"11개월 아기 양육 중, 가족 중심의 소비",3000000,2026-05~2026-07,"가족 공동카드는 육아·마트·병원·보험·공과금에, 개인카드는 구독·배달·외식 등에 구분해 혜택 비교",False,False,False,False,True,False,PRIVATE_EMPLOYEE | HOUSEHOLD_REPRESENTATIVE,KT,CAR,False,True,NONE,EMART,True,True,1,INFANT,VERIFIED,"36세 직장인·영아 양육 가구 대표. KT·자가용·하이패스·이마트 이용자이며, 육아 지원 카드 검토 대상. 경차·군인·복지·K-패스·항공사 제휴 자격은 해당하지 않음.",3,UC301 | UC302 | UC303,노리2 체크카드(Global) | 신한카드 Mr.Life | 국민행복 삼성카드 V2,노리2 체크카드(Global):구독·배달·소액생활 | 신한카드 Mr.Life:외식·온라인쇼핑·병원/약국 | 국민행복 삼성카드 V2:육아·마트·보험·병원·관리비·통신,hist-persona3-UC301-002,hist-persona3-UC301-002,2026-05,2026-05-05T12:40:00,티머니,교통,대중교통·택시,TRANSIT,29200,600,28600,체크카드,CARD,APPROVED,티머니 결제 · 교통 카테고리,,UC301,2423,노리2 체크카드(Global),KB국민카드,개인 체크카드,구독·배달·소액생활,,4455,체크카드,,200000,70000.0,,https://www.card-gorilla.com/card/detail/2423,228900,265800,Y,UC301,2423.0,노리2 체크카드(Global),KB국민카드,개인 체크카드,구독·배달·소액생활,,체크카드,,200000.0,70000.0,228900.0,265800.0,Y,BENEFIT_RECEIVED,BENEFIT_APPLIED,600,600,0,,1000원,2000.0,2000.0,1400.0,SYNTHETIC_RULE_MATCHING_V1,2423-06,교통 맞춤 혜택,교통,20,할인,원,1000.0,200000.0,,,2000.0,,,PICKA 표준 혜택 카테고리 '교통' 시연 데이터,https://www.card-gorilla.com/card/detail/2423,DISCOUNT_APPLIED,"노리2 체크카드(Global) | [일상]넷플릭스, 유튜브프리미엄 1,000원 할인",600.0,KRW
ONE_TRANSACTION_PER_ROW,persona3,이지훈,persona3@picka.app,36,1991-09-25,010-0525-3345,쿠팡 와우 멤버십|신세계포인트|CJ ONE|해피포인트|LG U+ 멤버십,ADULT,MID_30S,남성,직장인,경기도 수원시,False,경기도,수원시,1,2026-07-24,"[{""order"":1,""label"":""첫째"",""birth_date"":""2025-08-24"",""exact_age"":""만 0세 11개월 0일"",""school_stage"":""영아""}]",첫째,2025-08-24,만 0세 11개월 0일,영아,,,,,"11개월 아기 양육 중, 가족 중심의 소비",3000000,2026-05~2026-07,"가족 공동카드는 육아·마트·병원·보험·공과금에, 개인카드는 구독·배달·외식 등에 구분해 혜택 비교",False,False,False,False,True,False,PRIVATE_EMPLOYEE | HOUSEHOLD_REPRESENTATIVE,KT,CAR,False,True,NONE,EMART,True,True,1,INFANT,VERIFIED,"36세 직장인·영아 양육 가구 대표. KT·자가용·하이패스·이마트 이용자이며, 육아 지원 카드 검토 대상. 경차·군인·복지·K-패스·항공사 제휴 자격은 해당하지 않음.",3,UC301 | UC302 | UC303,노리2 체크카드(Global) | 신한카드 Mr.Life | 국민행복 삼성카드 V2,노리2 체크카드(Global):구독·배달·소액생활 | 신한카드 Mr.Life:외식·온라인쇼핑·병원/약국 | 국민행복 삼성카드 V2:육아·마트·보험·병원·관리비·통신,hist-persona3-UC302-003,hist-persona3-UC302-003,2026-05,2026-05-09T18:20:00,롯데마트,마트/쇼핑,대형마트 및 쇼핑,MART_SHOPPING,82600,1800,80800,신용카드,CARD,APPROVED,롯데마트 결제 · 마트/쇼핑 카테고리,,UC302,13,신한카드 Mr.Life,신한카드,개인 신용카드,외식·온라인쇼핑·병원/약국,,4456,신용카드,,300000,54000.0,,https://www.card-gorilla.com/card/detail/13,508700,516400,Y,UC302,13.0,신한카드 Mr.Life,신한카드,개인 신용카드,외식·온라인쇼핑·병원/약국,,신용카드,,300000.0,54000.0,508700.0,516400.0,Y,BENEFIT_RECEIVED,BENEFIT_APPLIED,1800,1800,0,,20%,54000.0,,,SYNTHETIC_RULE_MATCHING_V1,13-10,마트/쇼핑 맞춤 혜택,마트/쇼핑,97,할인,%,20.0,300000.0,,,,,,PICKA 표준 혜택 카테고리 '마트/쇼핑' 시연 데이터,https://www.card-gorilla.com/card/detail/13,DISCOUNT_APPLIED,신한카드 Mr.Life | 인테이크몰 20% 할인 (전월실적 30만원 이상),1800.0,KRW
ONE_TRANSACTION_PER_ROW,persona3,이지훈,persona3@picka.app,36,1991-09-25,010-0525-3345,쿠팡 와우 멤버십|신세계포인트|CJ ONE|해피포인트|LG U+ 멤버십,ADULT,MID_30S,남성,직장인,경기도 수원시,False,경기도,수원시,1,2026-07-24,"[{""order"":1,""label"":""첫째"",""birth_date"":""2025-08-24"",""exact_age"":""만 0세 11개월 0일"",""school_stage"":""영아""}]",첫째,2025-08-24,만 0세 11개월 0일,영아,,,,,"11개월 아기 양육 중, 가족 중심의 소비",3000000,2026-05~2026-07,"가족 공동카드는 육아·마트·병원·보험·공과금에, 개인카드는 구독·배달·외식 등에 구분해 혜택 비교",False,False,False,False,True,False,PRIVATE_EMPLOYEE | HOUSEHOLD_REPRESENTATIVE,KT,CAR,False,True,NONE,EMART,True,True,1,INFANT,VERIFIED,"36세 직장인·영아 양육 가구 대표. KT·자가용·하이패스·이마트 이용자이며, 육아 지원 카드 검토 대상. 경차·군인·복지·K-패스·항공사 제휴 자격은 해당하지 않음.",3,UC301 | UC302 | UC303,노리2 체크카드(Global) | 신한카드 Mr.Life | 국민행복 삼성카드 V2,노리2 체크카드(Global):구독·배달·소액생활 | 신한카드 Mr.Life:외식·온라인쇼핑·병원/약국 | 국민행복 삼성카드 V2:육아·마트·보험·병원·관리비·통신,hist-persona3-UC301-003,hist-persona3-UC301-003,2026-05,2026-05-09T18:20:00,배달의민족,배달,배달앱,DELIVERY,42500,900,41600,체크카드,CARD,APPROVED,배달의민족 결제 · 배달앱 카테고리,,UC301,2423,노리2 체크카드(Global),KB국민카드,개인 체크카드,구독·배달·소액생활,,4455,체크카드,,200000,70000.0,,https://www.card-gorilla.com/card/detail/2423,228900,265800,Y,UC301,2423.0,노리2 체크카드(Global),KB국민카드,개인 체크카드,구독·배달·소액생활,,체크카드,,200000.0,70000.0,228900.0,265800.0,Y,BENEFIT_RECEIVED,BENEFIT_APPLIED,900,900,0,,5%,2000.0,2000.0,1100.0,SYNTHETIC_RULE_MATCHING_V1,2423-05,배달앱 맞춤 혜택,배달앱,19,할인,%,5.0,200000.0,,,2000.0,,,PICKA 표준 혜택 카테고리 '배달앱' 시연 데이터,https://www.card-gorilla.com/card/detail/2423,DISCOUNT_APPLIED,"노리2 체크카드(Global) | [일상] GS25, CU 5% 할인",900.0,KRW
ONE_TRANSACTION_PER_ROW,persona3,이지훈,persona3@picka.app,36,1991-09-25,010-0525-3345,쿠팡 와우 멤버십|신세계포인트|CJ ONE|해피포인트|LG U+ 멤버십,ADULT,MID_30S,남성,직장인,경기도 수원시,False,경기도,수원시,1,2026-07-24,"[{""order"":1,""label"":""첫째"",""birth_date"":""2025-08-24"",""exact_age"":""만 0세 11개월 0일"",""school_stage"":""영아""}]",첫째,2025-08-24,만 0세 11개월 0일,영아,,,,,"11개월 아기 양육 중, 가족 중심의 소비",3000000,2026-05~2026-07,"가족 공동카드는 육아·마트·병원·보험·공과금에, 개인카드는 구독·배달·외식 등에 구분해 혜택 비교",False,False,False,False,True,False,PRIVATE_EMPLOYEE | HOUSEHOLD_REPRESENTATIVE,KT,CAR,False,True,NONE,EMART,True,True,1,INFANT,VERIFIED,"36세 직장인·영아 양육 가구 대표. KT·자가용·하이패스·이마트 이용자이며, 육아 지원 카드 검토 대상. 경차·군인·복지·K-패스·항공사 제휴 자격은 해당하지 않음.",3,UC301 | UC302 | UC303,노리2 체크카드(Global) | 신한카드 Mr.Life | 국민행복 삼성카드 V2,노리2 체크카드(Global):구독·배달·소액생활 | 신한카드 Mr.Life:외식·온라인쇼핑·병원/약국 | 국민행복 삼성카드 V2:육아·마트·보험·병원·관리비·통신,hist-persona3-UC303-003,hist-persona3-UC303-003,2026-05,2026-05-09T18:20:00,한국전력공사,공과금,생활요금,UTILITIES,331600,10000,321600,신용카드,CARD,APPROVED,한국전력공사 결제 · 공과금/생활요금 카테고리,,UC303,718,국민행복 삼성카드 V2,삼성카드,가족 공동카드,육아·마트·보험·병원·관리비·통신,,6677,신용카드,,0,30000.0,,https://www.card-gorilla.com/card/detail/718,2540600,2073100,Y,UC303,718.0,국민행복 삼성카드 V2,삼성카드,가족 공동카드,육아·마트·보험·병원·관리비·통신,,신용카드,,0.0,30000.0,2540600.0,2073100.0,Y,BENEFIT_RECEIVED,BENEFIT_APPLIED,10000,30500,20500,,7%,10000.0,10000.0,0.0,SYNTHETIC_RULE_MATCHING_V1,718-04,공과금/생활요금 맞춤 혜택,공과금/생활요금,3,할인,%,7.0,,,,10000.0,,,PICKA 표준 혜택 카테고리 '공과금/생활요금' 시연 데이터,https://www.card-gorilla.com/card/detail/718,DISCOUNT_APPLIED,국민행복 삼성카드 V2 | 아파트 관리비·도시가스요금·전기요금·4대 사회보험·보험·통신·렌탈 자동납부 연결 시 7% 결제일할인,30500.0,KRW
ONE_TRANSACTION_PER_ROW,persona3,이지훈,persona3@picka.app,36,1991-09-25,010-0525-3345,쿠팡 와우 멤버십|신세계포인트|CJ ONE|해피포인트|LG U+ 멤버십,ADULT,MID_30S,남성,직장인,경기도 수원시,False,경기도,수원시,1,2026-07-24,"[{""order"":1,""label"":""첫째"",""birth_date"":""2025-08-24"",""exact_age"":""만 0세 11개월 0일"",""school_stage"":""영아""}]",첫째,2025-08-24,만 0세 11개월 0일,영아,,,,,"11개월 아기 양육 중, 가족 중심의 소비",3000000,2026-05~2026-07,"가족 공동카드는 육아·마트·병원·보험·공과금에, 개인카드는 구독·배달·외식 등에 구분해 혜택 비교",False,False,False,False,True,False,PRIVATE_EMPLOYEE | HOUSEHOLD_REPRESENTATIVE,KT,CAR,False,True,NONE,EMART,True,True,1,INFANT,VERIFIED,"36세 직장인·영아 양육 가구 대표. KT·자가용·하이패스·이마트 이용자이며, 육아 지원 카드 검토 대상. 경차·군인·복지·K-패스·항공사 제휴 자격은 해당하지 않음.",3,UC301 | UC302 | UC303,노리2 체크카드(Global) | 신한카드 Mr.Life | 국민행복 삼성카드 V2,노리2 체크카드(Global):구독·배달·소액생활 | 신한카드 Mr.Life:외식·온라인쇼핑·병원/약국 | 국민행복 삼성카드 V2:육아·마트·보험·병원·관리비·통신,hist-persona3-UC302-004,hist-persona3-UC302-004,2026-05,2026-05-12T21:15:00,네이버페이,간편결제,온라인 간편결제,EASY_PAY,46500,1000,45500,신용카드,CARD,APPROVED,네이버페이 결제 · 간편결제 카테고리,,UC302,13,신한카드 Mr.Life,신한카드,개인 신용카드,외식·온라인쇼핑·병원/약국,,4456,신용카드,,300000,54000.0,,https://www.card-gorilla.com/card/detail/13,508700,516400,Y,UC302,13.0,신한카드 Mr.Life,신한카드,개인 신용카드,외식·온라인쇼핑·병원/약국,,신용카드,,300000.0,54000.0,508700.0,516400.0,Y,BENEFIT_RECEIVED,BENEFIT_APPLIED,1000,1000,0,,10%,5000.0,5000.0,4000.0,SYNTHETIC_RULE_MATCHING_V1,13-03,간편결제 맞춤 혜택,간편결제,45,할인,%,10.0,300000.0,,1000.0,5000.0,,,PICKA 표준 혜택 카테고리 '간편결제' 시연 데이터,https://www.card-gorilla.com/card/detail/13,DISCOUNT_APPLIED,신한카드 Mr.Life | 병원/약국업종 10% 할인 (전월실적 30만원 이상),1000.0,KRW
ONE_TRANSACTION_PER_ROW,persona3,이지훈,persona3@picka.app,36,1991-09-25,010-0525-3345,쿠팡 와우 멤버십|신세계포인트|CJ ONE|해피포인트|LG U+ 멤버십,ADULT,MID_30S,남성,직장인,경기도 수원시,False,경기도,수원시,1,2026-07-24,"[{""order"":1,""label"":""첫째"",""birth_date"":""2025-08-24"",""exact_age"":""만 0세 11개월 0일"",""school_stage"":""영아""}]",첫째,2025-08-24,만 0세 11개월 0일,영아,,,,,"11개월 아기 양육 중, 가족 중심의 소비",3000000,2026-05~2026-07,"가족 공동카드는 육아·마트·병원·보험·공과금에, 개인카드는 구독·배달·외식 등에 구분해 혜택 비교",False,False,False,False,True,False,PRIVATE_EMPLOYEE | HOUSEHOLD_REPRESENTATIVE,KT,CAR,False,True,NONE,EMART,True,True,1,INFANT,VERIFIED,"36세 직장인·영아 양육 가구 대표. KT·자가용·하이패스·이마트 이용자이며, 육아 지원 카드 검토 대상. 경차·군인·복지·K-패스·항공사 제휴 자격은 해당하지 않음.",3,UC301 | UC302 | UC303,노리2 체크카드(Global) | 신한카드 Mr.Life | 국민행복 삼성카드 V2,노리2 체크카드(Global):구독·배달·소액생활 | 신한카드 Mr.Life:외식·온라인쇼핑·병원/약국 | 국민행복 삼성카드 V2:육아·마트·보험·병원·관리비·통신,hist-persona3-UC303-004,hist-persona3-UC303-004,2026-05,2026-05-12T21:15:00,소아청소년과,의료,병원 및 약국,MEDICAL,186600,0,186600,신용카드,CARD,APPROVED,소아청소년과 결제 · 병원/약국 카테고리,,UC303,718,국민행복 삼성카드 V2,삼성카드,가족 공동카드,육아·마트·보험·병원·관리비·통신,,6677,신용카드,,0,30000.0,,https://www.card-gorilla.com/card/detail/718,2540600,2073100,Y,UC302,13.0,신한카드 Mr.Life,신한카드,개인 신용카드,외식·온라인쇼핑·병원/약국,,신용카드,,300000.0,54000.0,508700.0,516400.0,Y,WRONG_CARD_BEFORE_PICKA,BEFORE_PICKA,0,4100,4100,픽카 이용 전 다른 카드를 사용하여 받을 수 있었던 혜택을 놓침,10%,5000.0,,,SYNTHETIC_RULE_MATCHING_V1,13-03,병원/약국 맞춤 혜택,병원/약국,12,할인,%,10.0,300000.0,,1000.0,5000.0,,,PICKA 표준 혜택 카테고리 '병원/약국' 시연 데이터,https://www.card-gorilla.com/card/detail/13,MISSED_WRONG_CARD,신한카드 Mr.Life | 병원/약국업종 10% 할인 (전월실적 30만원 이상),4100.0,KRW
ONE_TRANSACTION_PER_ROW,persona3,이지훈,persona3@picka.app,36,1991-09-25,010-0525-3345,쿠팡 와우 멤버십|신세계포인트|CJ ONE|해피포인트|LG U+ 멤버십,ADULT,MID_30S,남성,직장인,경기도 수원시,False,경기도,수원시,1,2026-07-24,"[{""order"":1,""label"":""첫째"",""birth_date"":""2025-08-24"",""exact_age"":""만 0세 11개월 0일"",""school_stage"":""영아""}]",첫째,2025-08-24,만 0세 11개월 0일,영아,,,,,"11개월 아기 양육 중, 가족 중심의 소비",3000000,2026-05~2026-07,"가족 공동카드는 육아·마트·병원·보험·공과금에, 개인카드는 구독·배달·외식 등에 구분해 혜택 비교",False,False,False,False,True,False,PRIVATE_EMPLOYEE | HOUSEHOLD_REPRESENTATIVE,KT,CAR,False,True,NONE,EMART,True,True,1,INFANT,VERIFIED,"36세 직장인·영아 양육 가구 대표. KT·자가용·하이패스·이마트 이용자이며, 육아 지원 카드 검토 대상. 경차·군인·복지·K-패스·항공사 제휴 자격은 해당하지 않음.",3,UC301 | UC302 | UC303,노리2 체크카드(Global) | 신한카드 Mr.Life | 국민행복 삼성카드 V2,노리2 체크카드(Global):구독·배달·소액생활 | 신한카드 Mr.Life:외식·온라인쇼핑·병원/약국 | 국민행복 삼성카드 V2:육아·마트·보험·병원·관리비·통신,hist-persona3-UC301-004,hist-persona3-UC301-004,2026-05,2026-05-12T21:15:00,스타벅스,카페,카페 및 디저트,CAFE_DESSERT,23900,500,23400,체크카드,CARD,APPROVED,스타벅스 결제 · 카페/디저트 카테고리,,UC301,2423,노리2 체크카드(Global),KB국민카드,개인 체크카드,구독·배달·소액생활,,4455,체크카드,,200000,70000.0,,https://www.card-gorilla.com/card/detail/2423,228900,265800,Y,UC301,2423.0,노리2 체크카드(Global),KB국민카드,개인 체크카드,구독·배달·소액생활,,체크카드,,200000.0,70000.0,228900.0,265800.0,Y,BENEFIT_RECEIVED,BENEFIT_APPLIED,500,500,0,,10%,3000.0,3000.0,2500.0,SYNTHETIC_RULE_MATCHING_V1,2423-01,카페/디저트 맞춤 혜택,카페/디저트,45,할인,%,10.0,,,,3000.0,,,PICKA 표준 혜택 카테고리 '카페/디저트' 시연 데이터,https://www.card-gorilla.com/card/detail/2423,DISCOUNT_APPLIED,"노리2 체크카드(Global) | [일상] 스타벅스, 커피빈 10% 할인",500.0,KRW
ONE_TRANSACTION_PER_ROW,persona3,이지훈,persona3@picka.app,36,1991-09-25,010-0525-3345,쿠팡 와우 멤버십|신세계포인트|CJ ONE|해피포인트|LG U+ 멤버십,ADULT,MID_30S,남성,직장인,경기도 수원시,False,경기도,수원시,1,2026-07-24,"[{""order"":1,""label"":""첫째"",""birth_date"":""2025-08-24"",""exact_age"":""만 0세 11개월 0일"",""school_stage"":""영아""}]",첫째,2025-08-24,만 0세 11개월 0일,영아,,,,,"11개월 아기 양육 중, 가족 중심의 소비",3000000,2026-05~2026-07,"가족 공동카드는 육아·마트·병원·보험·공과금에, 개인카드는 구독·배달·외식 등에 구분해 혜택 비교",False,False,False,False,True,False,PRIVATE_EMPLOYEE | HOUSEHOLD_REPRESENTATIVE,KT,CAR,False,True,NONE,EMART,True,True,1,INFANT,VERIFIED,"36세 직장인·영아 양육 가구 대표. KT·자가용·하이패스·이마트 이용자이며, 육아 지원 카드 검토 대상. 경차·군인·복지·K-패스·항공사 제휴 자격은 해당하지 않음.",3,UC301 | UC302 | UC303,노리2 체크카드(Global) | 신한카드 Mr.Life | 국민행복 삼성카드 V2,노리2 체크카드(Global):구독·배달·소액생활 | 신한카드 Mr.Life:외식·온라인쇼핑·병원/약국 | 국민행복 삼성카드 V2:육아·마트·보험·병원·관리비·통신,hist-persona3-UC302-005,hist-persona3-UC302-005,2026-05,2026-05-16T14:30:00,SK에너지 주유소,자동차,주유,FUEL,67100,1500,65600,신용카드,CARD,APPROVED,SK에너지 주유소 결제 · 주유 카테고리,,UC302,13,신한카드 Mr.Life,신한카드,개인 신용카드,외식·온라인쇼핑·병원/약국,,4456,신용카드,,300000,54000.0,,https://www.card-gorilla.com/card/detail/13,508700,516400,Y,UC302,13.0,신한카드 Mr.Life,신한카드,개인 신용카드,외식·온라인쇼핑·병원/약국,,신용카드,,300000.0,54000.0,508700.0,516400.0,Y,BENEFIT_RECEIVED,BENEFIT_APPLIED,1500,1500,0,,10%,5000.0,4000.0,2500.0,SYNTHETIC_RULE_MATCHING_V1,13-03,주유 맞춤 혜택,주유,17,할인,%,10.0,300000.0,,1000.0,5000.0,,,PICKA 표준 혜택 카테고리 '주유' 시연 데이터,https://www.card-gorilla.com/card/detail/13,DISCOUNT_APPLIED,신한카드 Mr.Life | 병원/약국업종 10% 할인 (전월실적 30만원 이상),1500.0,KRW
ONE_TRANSACTION_PER_ROW,persona3,이지훈,persona3@picka.app,36,1991-09-25,010-0525-3345,쿠팡 와우 멤버십|신세계포인트|CJ ONE|해피포인트|LG U+ 멤버십,ADULT,MID_30S,남성,직장인,경기도 수원시,False,경기도,수원시,1,2026-07-24,"[{""order"":1,""label"":""첫째"",""birth_date"":""2025-08-24"",""exact_age"":""만 0세 11개월 0일"",""school_stage"":""영아""}]",첫째,2025-08-24,만 0세 11개월 0일,영아,,,,,"11개월 아기 양육 중, 가족 중심의 소비",3000000,2026-05~2026-07,"가족 공동카드는 육아·마트·병원·보험·공과금에, 개인카드는 구독·배달·외식 등에 구분해 혜택 비교",False,False,False,False,True,False,PRIVATE_EMPLOYEE | HOUSEHOLD_REPRESENTATIVE,KT,CAR,False,True,NONE,EMART,True,True,1,INFANT,VERIFIED,"36세 직장인·영아 양육 가구 대표. KT·자가용·하이패스·이마트 이용자이며, 육아 지원 카드 검토 대상. 경차·군인·복지·K-패스·항공사 제휴 자격은 해당하지 않음.",3,UC301 | UC302 | UC303,노리2 체크카드(Global) | 신한카드 Mr.Life | 국민행복 삼성카드 V2,노리2 체크카드(Global):구독·배달·소액생활 | 신한카드 Mr.Life:외식·온라인쇼핑·병원/약국 | 국민행복 삼성카드 V2:육아·마트·보험·병원·관리비·통신,hist-persona3-UC301-005,hist-persona3-UC301-005,2026-05,2026-05-16T14:30:00,넷플릭스,구독,정기 구독,SUBSCRIPTION_MEMBERSHIP,34600,800,33800,체크카드,CARD,APPROVED,넷플릭스 결제 · 구독/멤버십 카테고리,,UC301,2423,노리2 체크카드(Global),KB국민카드,개인 체크카드,구독·배달·소액생활,,4455,체크카드,,200000,70000.0,,https://www.card-gorilla.com/card/detail/2423,228900,265800,Y,UC301,2423.0,노리2 체크카드(Global),KB국민카드,개인 체크카드,구독·배달·소액생활,,체크카드,,200000.0,70000.0,228900.0,265800.0,Y,BENEFIT_RECEIVED,BENEFIT_APPLIED,800,800,0,,1000원,2000.0,1400.0,600.0,SYNTHETIC_RULE_MATCHING_V1,2423-06,구독/멤버십 맞춤 혜택,구독/멤버십,44,할인,원,1000.0,200000.0,,,2000.0,,,PICKA 표준 혜택 카테고리 '구독/멤버십' 시연 데이터,https://www.card-gorilla.com/card/detail/2423,DISCOUNT_APPLIED,"노리2 체크카드(Global) | [일상]넷플릭스, 유튜브프리미엄 1,000원 할인",800.0,KRW
ONE_TRANSACTION_PER_ROW,persona3,이지훈,persona3@picka.app,36,1991-09-25,010-0525-3345,쿠팡 와우 멤버십|신세계포인트|CJ ONE|해피포인트|LG U+ 멤버십,ADULT,MID_30S,남성,직장인,경기도 수원시,False,경기도,수원시,1,2026-07-24,"[{""order"":1,""label"":""첫째"",""birth_date"":""2025-08-24"",""exact_age"":""만 0세 11개월 0일"",""school_stage"":""영아""}]",첫째,2025-08-24,만 0세 11개월 0일,영아,,,,,"11개월 아기 양육 중, 가족 중심의 소비",3000000,2026-05~2026-07,"가족 공동카드는 육아·마트·병원·보험·공과금에, 개인카드는 구독·배달·외식 등에 구분해 혜택 비교",False,False,False,False,True,False,PRIVATE_EMPLOYEE | HOUSEHOLD_REPRESENTATIVE,KT,CAR,False,True,NONE,EMART,True,True,1,INFANT,VERIFIED,"36세 직장인·영아 양육 가구 대표. KT·자가용·하이패스·이마트 이용자이며, 육아 지원 카드 검토 대상. 경차·군인·복지·K-패스·항공사 제휴 자격은 해당하지 않음.",3,UC301 | UC302 | UC303,노리2 체크카드(Global) | 신한카드 Mr.Life | 국민행복 삼성카드 V2,노리2 체크카드(Global):구독·배달·소액생활 | 신한카드 Mr.Life:외식·온라인쇼핑·병원/약국 | 국민행복 삼성카드 V2:육아·마트·보험·병원·관리비·통신,hist-persona3-UC303-005,hist-persona3-UC303-005,2026-05,2026-05-16T14:30:00,서울도시가스,공과금,생활요금,UTILITIES,269500,0,269500,신용카드,CARD,APPROVED,서울도시가스 결제 · 공과금/생활요금 카테고리,,UC303,718,국민행복 삼성카드 V2,삼성카드,가족 공동카드,육아·마트·보험·병원·관리비·통신,,6677,신용카드,,0,30000.0,,https://www.card-gorilla.com/card/detail/718,2540600,2073100,Y,UC303,718.0,국민행복 삼성카드 V2,삼성카드,가족 공동카드,육아·마트·보험·병원·관리비·통신,,신용카드,,0.0,30000.0,2540600.0,2073100.0,Y,CAP_EXHAUSTED,CARD_LIMIT_EXHAUSTED,0,6000,6000,월 할인한도 소진으로 혜택 미적용,7%,10000.0,0.0,0.0,SYNTHETIC_RULE_MATCHING_V1,718-04,공과금/생활요금 맞춤 혜택,공과금/생활요금,3,할인,%,7.0,,,,10000.0,,,PICKA 표준 혜택 카테고리 '공과금/생활요금' 시연 데이터,https://www.card-gorilla.com/card/detail/718,MISSED_CAP_EXHAUSTED,국민행복 삼성카드 V2 | 아파트 관리비·도시가스요금·전기요금·4대 사회보험·보험·통신·렌탈 자동납부 연결 시 7% 결제일할인,6000.0,KRW
ONE_TRANSACTION_PER_ROW,persona3,이지훈,persona3@picka.app,36,1991-09-25,010-0525-3345,쿠팡 와우 멤버십|신세계포인트|CJ ONE|해피포인트|LG U+ 멤버십,ADULT,MID_30S,남성,직장인,경기도 수원시,False,경기도,수원시,1,2026-07-24,"[{""order"":1,""label"":""첫째"",""birth_date"":""2025-08-24"",""exact_age"":""만 0세 11개월 0일"",""school_stage"":""영아""}]",첫째,2025-08-24,만 0세 11개월 0일,영아,,,,,"11개월 아기 양육 중, 가족 중심의 소비",3000000,2026-05~2026-07,"가족 공동카드는 육아·마트·병원·보험·공과금에, 개인카드는 구독·배달·외식 등에 구분해 혜택 비교",False,False,False,False,True,False,PRIVATE_EMPLOYEE | HOUSEHOLD_REPRESENTATIVE,KT,CAR,False,True,NONE,EMART,True,True,1,INFANT,VERIFIED,"36세 직장인·영아 양육 가구 대표. KT·자가용·하이패스·이마트 이용자이며, 육아 지원 카드 검토 대상. 경차·군인·복지·K-패스·항공사 제휴 자격은 해당하지 않음.",3,UC301 | UC302 | UC303,노리2 체크카드(Global) | 신한카드 Mr.Life | 국민행복 삼성카드 V2,노리2 체크카드(Global):구독·배달·소액생활 | 신한카드 Mr.Life:외식·온라인쇼핑·병원/약국 | 국민행복 삼성카드 V2:육아·마트·보험·병원·관리비·통신,hist-persona3-UC302-006,hist-persona3-UC302-006,2026-05,2026-05-20T08:50:00,동네문구점,기타,기타 생활지출,OTHER,62000,1400,60600,신용카드,CARD,APPROVED,동네문구점 결제 · 기타 카테고리,,UC302,13,신한카드 Mr.Life,신한카드,개인 신용카드,외식·온라인쇼핑·병원/약국,,4456,신용카드,,300000,54000.0,,https://www.card-gorilla.com/card/detail/13,508700,516400,Y,UC302,13.0,신한카드 Mr.Life,신한카드,개인 신용카드,외식·온라인쇼핑·병원/약국,,신용카드,,300000.0,54000.0,508700.0,516400.0,Y,BENEFIT_RECEIVED,BENEFIT_APPLIED,1400,1400,0,,20%,54000.0,,,SYNTHETIC_RULE_MATCHING_V1,13-10,기타 맞춤 혜택,기타,77,할인,%,20.0,300000.0,,,,,,PICKA 표준 혜택 카테고리 '기타' 시연 데이터,https://www.card-gorilla.com/card/detail/13,DISCOUNT_APPLIED,신한카드 Mr.Life | 인테이크몰 20% 할인 (전월실적 30만원 이상),1400.0,KRW
ONE_TRANSACTION_PER_ROW,persona3,이지훈,persona3@picka.app,36,1991-09-25,010-0525-3345,쿠팡 와우 멤버십|신세계포인트|CJ ONE|해피포인트|LG U+ 멤버십,ADULT,MID_30S,남성,직장인,경기도 수원시,False,경기도,수원시,1,2026-07-24,"[{""order"":1,""label"":""첫째"",""birth_date"":""2025-08-24"",""exact_age"":""만 0세 11개월 0일"",""school_stage"":""영아""}]",첫째,2025-08-24,만 0세 11개월 0일,영아,,,,,"11개월 아기 양육 중, 가족 중심의 소비",3000000,2026-05~2026-07,"가족 공동카드는 육아·마트·병원·보험·공과금에, 개인카드는 구독·배달·외식 등에 구분해 혜택 비교",False,False,False,False,True,False,PRIVATE_EMPLOYEE | HOUSEHOLD_REPRESENTATIVE,KT,CAR,False,True,NONE,EMART,True,True,1,INFANT,VERIFIED,"36세 직장인·영아 양육 가구 대표. KT·자가용·하이패스·이마트 이용자이며, 육아 지원 카드 검토 대상. 경차·군인·복지·K-패스·항공사 제휴 자격은 해당하지 않음.",3,UC301 | UC302 | UC303,노리2 체크카드(Global) | 신한카드 Mr.Life | 국민행복 삼성카드 V2,노리2 체크카드(Global):구독·배달·소액생활 | 신한카드 Mr.Life:외식·온라인쇼핑·병원/약국 | 국민행복 삼성카드 V2:육아·마트·보험·병원·관리비·통신,hist-persona3-UC301-006,hist-persona3-UC301-006,2026-05,2026-05-20T08:50:00,김밥전문점,외식,음식점,FOOD_DINING,31900,200,31700,체크카드,CARD,APPROVED,김밥전문점 결제 · 푸드/외식 카테고리,,UC301,2423,노리2 체크카드(Global),KB국민카드,개인 체크카드,구독·배달·소액생활,,4455,체크카드,,200000,70000.0,,https://www.card-gorilla.com/card/detail/2423,228900,265800,Y,UC301,2423.0,노리2 체크카드(Global),KB국민카드,개인 체크카드,구독·배달·소액생활,,체크카드,,200000.0,70000.0,228900.0,265800.0,Y,BENEFIT_RECEIVED,BENEFIT_APPLIED,200,700,500,,1000원,1000.0,200.0,0.0,SYNTHETIC_RULE_MATCHING_V1,2423-07,푸드/외식 맞춤 혜택,푸드/외식,57,할인,원,1000.0,200000.0,,,1000.0,,,PICKA 표준 혜택 카테고리 '푸드/외식' 시연 데이터,https://www.card-gorilla.com/card/detail/2423,DISCOUNT_APPLIED,"노리2 체크카드(Global) | [일상] 배달의 민족, 요기요 1,000원 할인",700.0,KRW
ONE_TRANSACTION_PER_ROW,persona3,이지훈,persona3@picka.app,36,1991-09-25,010-0525-3345,쿠팡 와우 멤버십|신세계포인트|CJ ONE|해피포인트|LG U+ 멤버십,ADULT,MID_30S,남성,직장인,경기도 수원시,False,경기도,수원시,1,2026-07-24,"[{""order"":1,""label"":""첫째"",""birth_date"":""2025-08-24"",""exact_age"":""만 0세 11개월 0일"",""school_stage"":""영아""}]",첫째,2025-08-24,만 0세 11개월 0일,영아,,,,,"11개월 아기 양육 중, 가족 중심의 소비",3000000,2026-05~2026-07,"가족 공동카드는 육아·마트·병원·보험·공과금에, 개인카드는 구독·배달·외식 등에 구분해 혜택 비교",False,False,False,False,True,False,PRIVATE_EMPLOYEE | HOUSEHOLD_REPRESENTATIVE,KT,CAR,False,True,NONE,EMART,True,True,1,INFANT,VERIFIED,"36세 직장인·영아 양육 가구 대표. KT·자가용·하이패스·이마트 이용자이며, 육아 지원 카드 검토 대상. 경차·군인·복지·K-패스·항공사 제휴 자격은 해당하지 않음.",3,UC301 | UC302 | UC303,노리2 체크카드(Global) | 신한카드 Mr.Life | 국민행복 삼성카드 V2,노리2 체크카드(Global):구독·배달·소액생활 | 신한카드 Mr.Life:외식·온라인쇼핑·병원/약국 | 국민행복 삼성카드 V2:육아·마트·보험·병원·관리비·통신,hist-persona3-UC303-006,hist-persona3-UC303-006,2026-05,2026-05-20T08:50:00,아이사랑몰,교육/육아,교육 및 육아,EDUCATION_CHILDCARE,248800,0,248800,신용카드,CARD,APPROVED,아이사랑몰 결제 · 교육/육아 카테고리,,UC303,718,국민행복 삼성카드 V2,삼성카드,가족 공동카드,육아·마트·보험·병원·관리비·통신,,6677,신용카드,,0,30000.0,,https://www.card-gorilla.com/card/detail/718,2540600,2073100,Y,UC303,718.0,국민행복 삼성카드 V2,삼성카드,가족 공동카드,육아·마트·보험·병원·관리비·통신,,신용카드,,0.0,30000.0,2540600.0,2073100.0,Y,CAP_EXHAUSTED,CARD_LIMIT_EXHAUSTED,0,5500,5500,월 할인한도 소진으로 혜택 미적용,7%,10000.0,0.0,0.0,SYNTHETIC_RULE_MATCHING_V1,718-04,교육/육아 맞춤 혜택,교육/육아,14,할인,%,7.0,,,,10000.0,,,PICKA 표준 혜택 카테고리 '교육/육아' 시연 데이터,https://www.card-gorilla.com/card/detail/718,MISSED_CAP_EXHAUSTED,국민행복 삼성카드 V2 | 아파트 관리비·도시가스요금·전기요금·4대 사회보험·보험·통신·렌탈 자동납부 연결 시 7% 결제일할인,5500.0,KRW
ONE_TRANSACTION_PER_ROW,persona3,이지훈,persona3@picka.app,36,1991-09-25,010-0525-3345,쿠팡 와우 멤버십|신세계포인트|CJ ONE|해피포인트|LG U+ 멤버십,ADULT,MID_30S,남성,직장인,경기도 수원시,False,경기도,수원시,1,2026-07-24,"[{""order"":1,""label"":""첫째"",""birth_date"":""2025-08-24"",""exact_age"":""만 0세 11개월 0일"",""school_stage"":""영아""}]",첫째,2025-08-24,만 0세 11개월 0일,영아,,,,,"11개월 아기 양육 중, 가족 중심의 소비",3000000,2026-05~2026-07,"가족 공동카드는 육아·마트·병원·보험·공과금에, 개인카드는 구독·배달·외식 등에 구분해 혜택 비교",False,False,False,False,True,False,PRIVATE_EMPLOYEE | HOUSEHOLD_REPRESENTATIVE,KT,CAR,False,True,NONE,EMART,True,True,1,INFANT,VERIFIED,"36세 직장인·영아 양육 가구 대표. KT·자가용·하이패스·이마트 이용자이며, 육아 지원 카드 검토 대상. 경차·군인·복지·K-패스·항공사 제휴 자격은 해당하지 않음.",3,UC301 | UC302 | UC303,노리2 체크카드(Global) | 신한카드 Mr.Life | 국민행복 삼성카드 V2,노리2 체크카드(Global):구독·배달·소액생활 | 신한카드 Mr.Life:외식·온라인쇼핑·병원/약국 | 국민행복 삼성카드 V2:육아·마트·보험·병원·관리비·통신,hist-persona3-UC302-007,hist-persona3-UC302-007,2026-05,2026-05-24T19:05:00,GS칼텍스,자동차,주유,FUEL,77500,1700,75800,신용카드,CARD,APPROVED,GS칼텍스 결제 · 주유 카테고리,,UC302,13,신한카드 Mr.Life,신한카드,개인 신용카드,외식·온라인쇼핑·병원/약국,,4456,신용카드,,300000,54000.0,,https://www.card-gorilla.com/card/detail/13,508700,516400,Y,UC302,13.0,신한카드 Mr.Life,신한카드,개인 신용카드,외식·온라인쇼핑·병원/약국,,신용카드,,300000.0,54000.0,508700.0,516400.0,Y,BENEFIT_RECEIVED,BENEFIT_APPLIED,1700,1700,0,,20%,54000.0,,,SYNTHETIC_RULE_MATCHING_V1,13-10,주유 맞춤 혜택,주유,17,할인,%,20.0,300000.0,,,,,,PICKA 표준 혜택 카테고리 '주유' 시연 데이터,https://www.card-gorilla.com/card/detail/13,DISCOUNT_APPLIED,신한카드 Mr.Life | 인테이크몰 20% 할인 (전월실적 30만원 이상),1700.0,KRW
ONE_TRANSACTION_PER_ROW,persona3,이지훈,persona3@picka.app,36,1991-09-25,010-0525-3345,쿠팡 와우 멤버십|신세계포인트|CJ ONE|해피포인트|LG U+ 멤버십,ADULT,MID_30S,남성,직장인,경기도 수원시,False,경기도,수원시,1,2026-07-24,"[{""order"":1,""label"":""첫째"",""birth_date"":""2025-08-24"",""exact_age"":""만 0세 11개월 0일"",""school_stage"":""영아""}]",첫째,2025-08-24,만 0세 11개월 0일,영아,,,,,"11개월 아기 양육 중, 가족 중심의 소비",3000000,2026-05~2026-07,"가족 공동카드는 육아·마트·병원·보험·공과금에, 개인카드는 구독·배달·외식 등에 구분해 혜택 비교",False,False,False,False,True,False,PRIVATE_EMPLOYEE | HOUSEHOLD_REPRESENTATIVE,KT,CAR,False,True,NONE,EMART,True,True,1,INFANT,VERIFIED,"36세 직장인·영아 양육 가구 대표. KT·자가용·하이패스·이마트 이용자이며, 육아 지원 카드 검토 대상. 경차·군인·복지·K-패스·항공사 제휴 자격은 해당하지 않음.",3,UC301 | UC302 | UC303,노리2 체크카드(Global) | 신한카드 Mr.Life | 국민행복 삼성카드 V2,노리2 체크카드(Global):구독·배달·소액생활 | 신한카드 Mr.Life:외식·온라인쇼핑·병원/약국 | 국민행복 삼성카드 V2:육아·마트·보험·병원·관리비·통신,hist-persona3-UC303-007,hist-persona3-UC303-007,2026-05,2026-05-24T19:05:00,베이비플러스,교육/육아,교육 및 육아,EDUCATION_CHILDCARE,311000,0,311000,신용카드,CARD,APPROVED,베이비플러스 결제 · 교육/육아 카테고리,,UC303,718,국민행복 삼성카드 V2,삼성카드,가족 공동카드,육아·마트·보험·병원·관리비·통신,,6677,신용카드,,0,30000.0,,https://www.card-gorilla.com/card/detail/718,2540600,2073100,Y,UC302,13.0,신한카드 Mr.Life,신한카드,개인 신용카드,외식·온라인쇼핑·병원/약국,,신용카드,,300000.0,54000.0,508700.0,516400.0,Y,WRONG_CARD_BEFORE_PICKA,BEFORE_PICKA,0,7000,7000,픽카 이용 전 다른 카드를 사용하여 받을 수 있었던 혜택을 놓침,20%,54000.0,,,SYNTHETIC_RULE_MATCHING_V1,13-10,교육/육아 맞춤 혜택,교육/육아,14,할인,%,20.0,300000.0,,,,,,PICKA 표준 혜택 카테고리 '교육/육아' 시연 데이터,https://www.card-gorilla.com/card/detail/13,MISSED_WRONG_CARD,신한카드 Mr.Life | 인테이크몰 20% 할인 (전월실적 30만원 이상),7000.0,KRW
ONE_TRANSACTION_PER_ROW,persona3,이지훈,persona3@picka.app,36,1991-09-25,010-0525-3345,쿠팡 와우 멤버십|신세계포인트|CJ ONE|해피포인트|LG U+ 멤버십,ADULT,MID_30S,남성,직장인,경기도 수원시,False,경기도,수원시,1,2026-07-24,"[{""order"":1,""label"":""첫째"",""birth_date"":""2025-08-24"",""exact_age"":""만 0세 11개월 0일"",""school_stage"":""영아""}]",첫째,2025-08-24,만 0세 11개월 0일,영아,,,,,"11개월 아기 양육 중, 가족 중심의 소비",3000000,2026-05~2026-07,"가족 공동카드는 육아·마트·병원·보험·공과금에, 개인카드는 구독·배달·외식 등에 구분해 혜택 비교",False,False,False,False,True,False,PRIVATE_EMPLOYEE | HOUSEHOLD_REPRESENTATIVE,KT,CAR,False,True,NONE,EMART,True,True,1,INFANT,VERIFIED,"36세 직장인·영아 양육 가구 대표. KT·자가용·하이패스·이마트 이용자이며, 육아 지원 카드 검토 대상. 경차·군인·복지·K-패스·항공사 제휴 자격은 해당하지 않음.",3,UC301 | UC302 | UC303,노리2 체크카드(Global) | 신한카드 Mr.Life | 국민행복 삼성카드 V2,노리2 체크카드(Global):구독·배달·소액생활 | 신한카드 Mr.Life:외식·온라인쇼핑·병원/약국 | 국민행복 삼성카드 V2:육아·마트·보험·병원·관리비·통신,hist-persona3-UC301-007,hist-persona3-UC301-007,2026-05,2026-05-24T19:05:00,CU,편의점,편의점,CONVENIENCE,39900,900,39000,체크카드,CARD,APPROVED,CU 결제 · 편의점 카테고리,,UC301,2423,노리2 체크카드(Global),KB국민카드,개인 체크카드,구독·배달·소액생활,,4455,체크카드,,200000,70000.0,,https://www.card-gorilla.com/card/detail/2423,228900,265800,Y,UC301,2423.0,노리2 체크카드(Global),KB국민카드,개인 체크카드,구독·배달·소액생활,,체크카드,,200000.0,70000.0,228900.0,265800.0,Y,BENEFIT_RECEIVED,BENEFIT_APPLIED,900,900,0,,5%,2000.0,1100.0,200.0,SYNTHETIC_RULE_MATCHING_V1,2423-05,편의점 맞춤 혜택,편의점,21,할인,%,5.0,200000.0,,,2000.0,,,PICKA 표준 혜택 카테고리 '편의점' 시연 데이터,https://www.card-gorilla.com/card/detail/2423,DISCOUNT_APPLIED,"노리2 체크카드(Global) | [일상] GS25, CU 5% 할인",900.0,KRW
ONE_TRANSACTION_PER_ROW,persona3,이지훈,persona3@picka.app,36,1991-09-25,010-0525-3345,쿠팡 와우 멤버십|신세계포인트|CJ ONE|해피포인트|LG U+ 멤버십,ADULT,MID_30S,남성,직장인,경기도 수원시,False,경기도,수원시,1,2026-07-24,"[{""order"":1,""label"":""첫째"",""birth_date"":""2025-08-24"",""exact_age"":""만 0세 11개월 0일"",""school_stage"":""영아""}]",첫째,2025-08-24,만 0세 11개월 0일,영아,,,,,"11개월 아기 양육 중, 가족 중심의 소비",3000000,2026-05~2026-07,"가족 공동카드는 육아·마트·병원·보험·공과금에, 개인카드는 구독·배달·외식 등에 구분해 혜택 비교",False,False,False,False,True,False,PRIVATE_EMPLOYEE | HOUSEHOLD_REPRESENTATIVE,KT,CAR,False,True,NONE,EMART,True,True,1,INFANT,VERIFIED,"36세 직장인·영아 양육 가구 대표. KT·자가용·하이패스·이마트 이용자이며, 육아 지원 카드 검토 대상. 경차·군인·복지·K-패스·항공사 제휴 자격은 해당하지 않음.",3,UC301 | UC302 | UC303,노리2 체크카드(Global) | 신한카드 Mr.Life | 국민행복 삼성카드 V2,노리2 체크카드(Global):구독·배달·소액생활 | 신한카드 Mr.Life:외식·온라인쇼핑·병원/약국 | 국민행복 삼성카드 V2:육아·마트·보험·병원·관리비·통신,hist-persona3-UC302-008,hist-persona3-UC302-008,2026-05,2026-05-28T22:10:00,무인양품,생활,생활용품,LIVING,51600,1100,50500,신용카드,CARD,APPROVED,무인양품 결제 · 생활 카테고리,,UC302,13,신한카드 Mr.Life,신한카드,개인 신용카드,외식·온라인쇼핑·병원/약국,,4456,신용카드,,300000,54000.0,,https://www.card-gorilla.com/card/detail/13,508700,516400,Y,UC302,13.0,신한카드 Mr.Life,신한카드,개인 신용카드,외식·온라인쇼핑·병원/약국,,신용카드,,300000.0,54000.0,508700.0,516400.0,Y,BENEFIT_RECEIVED,BENEFIT_APPLIED,1100,1100,0,,10%,5000.0,3700.0,2600.0,SYNTHETIC_RULE_MATCHING_V1,13-04,생활 맞춤 혜택,생활,22,할인,%,10.0,300000.0,,1000.0,5000.0,,,PICKA 표준 혜택 카테고리 '생활' 시연 데이터,https://www.card-gorilla.com/card/detail/13,DISCOUNT_APPLIED,신한카드 Mr.Life | 세탁소 업종 10% 할인 (전월실적 30만원 이상),1100.0,KRW
ONE_TRANSACTION_PER_ROW,persona3,이지훈,persona3@picka.app,36,1991-09-25,010-0525-3345,쿠팡 와우 멤버십|신세계포인트|CJ ONE|해피포인트|LG U+ 멤버십,ADULT,MID_30S,남성,직장인,경기도 수원시,False,경기도,수원시,1,2026-07-24,"[{""order"":1,""label"":""첫째"",""birth_date"":""2025-08-24"",""exact_age"":""만 0세 11개월 0일"",""school_stage"":""영아""}]",첫째,2025-08-24,만 0세 11개월 0일,영아,,,,,"11개월 아기 양육 중, 가족 중심의 소비",3000000,2026-05~2026-07,"가족 공동카드는 육아·마트·병원·보험·공과금에, 개인카드는 구독·배달·외식 등에 구분해 혜택 비교",False,False,False,False,True,False,PRIVATE_EMPLOYEE | HOUSEHOLD_REPRESENTATIVE,KT,CAR,False,True,NONE,EMART,True,True,1,INFANT,VERIFIED,"36세 직장인·영아 양육 가구 대표. KT·자가용·하이패스·이마트 이용자이며, 육아 지원 카드 검토 대상. 경차·군인·복지·K-패스·항공사 제휴 자격은 해당하지 않음.",3,UC301 | UC302 | UC303,노리2 체크카드(Global) | 신한카드 Mr.Life | 국민행복 삼성카드 V2,노리2 체크카드(Global):구독·배달·소액생활 | 신한카드 Mr.Life:외식·온라인쇼핑·병원/약국 | 국민행복 삼성카드 V2:육아·마트·보험·병원·관리비·통신,hist-persona3-UC301-008,hist-persona3-UC301-008,2026-05,2026-05-28T22:10:00,카카오 T,교통,대중교통·택시,TRANSIT,26600,0,26600,체크카드,CARD,APPROVED,카카오 T 결제 · 교통 카테고리,,UC301,2423,노리2 체크카드(Global),KB국민카드,개인 체크카드,구독·배달·소액생활,,4455,체크카드,,200000,70000.0,,https://www.card-gorilla.com/card/detail/2423,228900,265800,Y,UC302,13.0,신한카드 Mr.Life,신한카드,개인 신용카드,외식·온라인쇼핑·병원/약국,,신용카드,,300000.0,54000.0,508700.0,516400.0,Y,WRONG_CARD_BEFORE_PICKA,BEFORE_PICKA,0,600,600,픽카 이용 전 다른 카드를 사용하여 받을 수 있었던 혜택을 놓침,20%,54000.0,,,SYNTHETIC_RULE_MATCHING_V1,13-10,교통 맞춤 혜택,교통,20,할인,%,20.0,300000.0,,,,,,PICKA 표준 혜택 카테고리 '교통' 시연 데이터,https://www.card-gorilla.com/card/detail/13,MISSED_WRONG_CARD,신한카드 Mr.Life | 인테이크몰 20% 할인 (전월실적 30만원 이상),600.0,KRW
ONE_TRANSACTION_PER_ROW,persona3,이지훈,persona3@picka.app,36,1991-09-25,010-0525-3345,쿠팡 와우 멤버십|신세계포인트|CJ ONE|해피포인트|LG U+ 멤버십,ADULT,MID_30S,남성,직장인,경기도 수원시,False,경기도,수원시,1,2026-07-24,"[{""order"":1,""label"":""첫째"",""birth_date"":""2025-08-24"",""exact_age"":""만 0세 11개월 0일"",""school_stage"":""영아""}]",첫째,2025-08-24,만 0세 11개월 0일,영아,,,,,"11개월 아기 양육 중, 가족 중심의 소비",3000000,2026-05~2026-07,"가족 공동카드는 육아·마트·병원·보험·공과금에, 개인카드는 구독·배달·외식 등에 구분해 혜택 비교",False,False,False,False,True,False,PRIVATE_EMPLOYEE | HOUSEHOLD_REPRESENTATIVE,KT,CAR,False,True,NONE,EMART,True,True,1,INFANT,VERIFIED,"36세 직장인·영아 양육 가구 대표. KT·자가용·하이패스·이마트 이용자이며, 육아 지원 카드 검토 대상. 경차·군인·복지·K-패스·항공사 제휴 자격은 해당하지 않음.",3,UC301 | UC302 | UC303,노리2 체크카드(Global) | 신한카드 Mr.Life | 국민행복 삼성카드 V2,노리2 체크카드(Global):구독·배달·소액생활 | 신한카드 Mr.Life:외식·온라인쇼핑·병원/약국 | 국민행복 삼성카드 V2:육아·마트·보험·병원·관리비·통신,hist-persona3-UC303-008,hist-persona3-UC303-008,2026-05,2026-05-28T22:10:00,코스트코,마트/쇼핑,대형마트 및 쇼핑,MART_SHOPPING,207300,0,207300,신용카드,CARD,APPROVED,코스트코 결제 · 마트/쇼핑 카테고리,,UC303,718,국민행복 삼성카드 V2,삼성카드,가족 공동카드,육아·마트·보험·병원·관리비·통신,,6677,신용카드,,0,30000.0,,https://www.card-gorilla.com/card/detail/718,2540600,2073100,Y,UC302,13.0,신한카드 Mr.Life,신한카드,개인 신용카드,외식·온라인쇼핑·병원/약국,,신용카드,,300000.0,54000.0,508700.0,516400.0,Y,WRONG_CARD_BEFORE_PICKA,BEFORE_PICKA,0,4600,4600,픽카 이용 전 다른 카드를 사용하여 받을 수 있었던 혜택을 놓침,20%,54000.0,,,SYNTHETIC_RULE_MATCHING_V1,13-10,마트/쇼핑 맞춤 혜택,마트/쇼핑,97,할인,%,20.0,300000.0,,,,,,PICKA 표준 혜택 카테고리 '마트/쇼핑' 시연 데이터,https://www.card-gorilla.com/card/detail/13,MISSED_WRONG_CARD,신한카드 Mr.Life | 인테이크몰 20% 할인 (전월실적 30만원 이상),4600.0,KRW
ONE_TRANSACTION_PER_ROW,persona3,이지훈,persona3@picka.app,36,1991-09-25,010-0525-3345,쿠팡 와우 멤버십|신세계포인트|CJ ONE|해피포인트|LG U+ 멤버십,ADULT,MID_30S,남성,직장인,경기도 수원시,False,경기도,수원시,1,2026-07-24,"[{""order"":1,""label"":""첫째"",""birth_date"":""2025-08-24"",""exact_age"":""만 0세 11개월 0일"",""school_stage"":""영아""}]",첫째,2025-08-24,만 0세 11개월 0일,영아,,,,,"11개월 아기 양육 중, 가족 중심의 소비",3000000,2026-05~2026-07,"가족 공동카드는 육아·마트·병원·보험·공과금에, 개인카드는 구독·배달·외식 등에 구분해 혜택 비교",False,False,False,False,True,False,PRIVATE_EMPLOYEE | HOUSEHOLD_REPRESENTATIVE,KT,CAR,False,True,NONE,EMART,True,True,1,INFANT,VERIFIED,"36세 직장인·영아 양육 가구 대표. KT·자가용·하이패스·이마트 이용자이며, 육아 지원 카드 검토 대상. 경차·군인·복지·K-패스·항공사 제휴 자격은 해당하지 않음.",3,UC301 | UC302 | UC303,노리2 체크카드(Global) | 신한카드 Mr.Life | 국민행복 삼성카드 V2,노리2 체크카드(Global):구독·배달·소액생활 | 신한카드 Mr.Life:외식·온라인쇼핑·병원/약국 | 국민행복 삼성카드 V2:육아·마트·보험·병원·관리비·통신,persona3-001,persona3-001,2026-06,2026-06-01T17:30:00,이마트,마트/쇼핑,대형마트 및 쇼핑,MART_SHOPPING,69400,0,69400,신용카드,CARD,APPROVED,이마트 결제 · 마트/쇼핑 카테고리,,UC303,718,국민행복 삼성카드 V2,삼성카드,가족 공동카드,육아·마트·보험·병원·관리비·통신,,6677,신용카드,,0,30000.0,,https://www.card-gorilla.com/card/detail/718,2073100,1631400,Y,UC302,13.0,신한카드 Mr.Life,신한카드,개인 신용카드,외식·온라인쇼핑·병원/약국,,신용카드,,300000.0,54000.0,516400.0,1224200.0,Y,WRONG_CARD_BEFORE_PICKA,BEFORE_PICKA,0,1600,1600,픽카 이용 전 다른 카드를 사용하여 받을 수 있었던 혜택을 놓침,20%,54000.0,,,SYNTHETIC_RULE_MATCHING_V1,13-10,마트/쇼핑 맞춤 혜택,마트/쇼핑,97,할인,%,20.0,300000.0,,,,,,PICKA 표준 혜택 카테고리 '마트/쇼핑' 시연 데이터,https://www.card-gorilla.com/card/detail/13,MISSED_WRONG_CARD,신한카드 Mr.Life | 인테이크몰 20% 할인 (전월실적 30만원 이상),1600.0,KRW
ONE_TRANSACTION_PER_ROW,persona3,이지훈,persona3@picka.app,36,1991-09-25,010-0525-3345,쿠팡 와우 멤버십|신세계포인트|CJ ONE|해피포인트|LG U+ 멤버십,ADULT,MID_30S,남성,직장인,경기도 수원시,False,경기도,수원시,1,2026-07-24,"[{""order"":1,""label"":""첫째"",""birth_date"":""2025-08-24"",""exact_age"":""만 0세 11개월 0일"",""school_stage"":""영아""}]",첫째,2025-08-24,만 0세 11개월 0일,영아,,,,,"11개월 아기 양육 중, 가족 중심의 소비",3000000,2026-05~2026-07,"가족 공동카드는 육아·마트·병원·보험·공과금에, 개인카드는 구독·배달·외식 등에 구분해 혜택 비교",False,False,False,False,True,False,PRIVATE_EMPLOYEE | HOUSEHOLD_REPRESENTATIVE,KT,CAR,False,True,NONE,EMART,True,True,1,INFANT,VERIFIED,"36세 직장인·영아 양육 가구 대표. KT·자가용·하이패스·이마트 이용자이며, 육아 지원 카드 검토 대상. 경차·군인·복지·K-패스·항공사 제휴 자격은 해당하지 않음.",3,UC301 | UC302 | UC303,노리2 체크카드(Global) | 신한카드 Mr.Life | 국민행복 삼성카드 V2,노리2 체크카드(Global):구독·배달·소액생활 | 신한카드 Mr.Life:외식·온라인쇼핑·병원/약국 | 국민행복 삼성카드 V2:육아·마트·보험·병원·관리비·통신,persona3-002,persona3-002,2026-06,2026-06-02T21:45:00,SK에너지 주유소,자동차,주유,FUEL,51500,0,51500,신용카드,CARD,APPROVED,SK에너지 주유소 결제 · 주유 카테고리,,UC303,718,국민행복 삼성카드 V2,삼성카드,가족 공동카드,육아·마트·보험·병원·관리비·통신,,6677,신용카드,,0,30000.0,,https://www.card-gorilla.com/card/detail/718,2073100,1631400,Y,UC302,13.0,신한카드 Mr.Life,신한카드,개인 신용카드,외식·온라인쇼핑·병원/약국,,신용카드,,300000.0,54000.0,516400.0,1224200.0,Y,WRONG_CARD_BEFORE_PICKA,BEFORE_PICKA,0,1200,1200,픽카 이용 전 다른 카드를 사용하여 받을 수 있었던 혜택을 놓침,20%,54000.0,,,SYNTHETIC_RULE_MATCHING_V1,13-10,주유 맞춤 혜택,주유,17,할인,%,20.0,300000.0,,,,,,PICKA 표준 혜택 카테고리 '주유' 시연 데이터,https://www.card-gorilla.com/card/detail/13,MISSED_WRONG_CARD,신한카드 Mr.Life | 인테이크몰 20% 할인 (전월실적 30만원 이상),1200.0,KRW
ONE_TRANSACTION_PER_ROW,persona3,이지훈,persona3@picka.app,36,1991-09-25,010-0525-3345,쿠팡 와우 멤버십|신세계포인트|CJ ONE|해피포인트|LG U+ 멤버십,ADULT,MID_30S,남성,직장인,경기도 수원시,False,경기도,수원시,1,2026-07-24,"[{""order"":1,""label"":""첫째"",""birth_date"":""2025-08-24"",""exact_age"":""만 0세 11개월 0일"",""school_stage"":""영아""}]",첫째,2025-08-24,만 0세 11개월 0일,영아,,,,,"11개월 아기 양육 중, 가족 중심의 소비",3000000,2026-05~2026-07,"가족 공동카드는 육아·마트·병원·보험·공과금에, 개인카드는 구독·배달·외식 등에 구분해 혜택 비교",False,False,False,False,True,False,PRIVATE_EMPLOYEE | HOUSEHOLD_REPRESENTATIVE,KT,CAR,False,True,NONE,EMART,True,True,1,INFANT,VERIFIED,"36세 직장인·영아 양육 가구 대표. KT·자가용·하이패스·이마트 이용자이며, 육아 지원 카드 검토 대상. 경차·군인·복지·K-패스·항공사 제휴 자격은 해당하지 않음.",3,UC301 | UC302 | UC303,노리2 체크카드(Global) | 신한카드 Mr.Life | 국민행복 삼성카드 V2,노리2 체크카드(Global):구독·배달·소액생활 | 신한카드 Mr.Life:외식·온라인쇼핑·병원/약국 | 국민행복 삼성카드 V2:육아·마트·보험·병원·관리비·통신,persona3-003,persona3-003,2026-06,2026-06-02T21:50:00,홈플러스,마트/쇼핑,대형마트 및 쇼핑,MART_SHOPPING,44500,0,44500,신용카드,CARD,APPROVED,홈플러스 결제 · 마트/쇼핑 카테고리,,UC303,718,국민행복 삼성카드 V2,삼성카드,가족 공동카드,육아·마트·보험·병원·관리비·통신,,6677,신용카드,,0,30000.0,,https://www.card-gorilla.com/card/detail/718,2073100,1631400,Y,UC302,13.0,신한카드 Mr.Life,신한카드,개인 신용카드,외식·온라인쇼핑·병원/약국,,신용카드,,300000.0,54000.0,516400.0,1224200.0,Y,WRONG_CARD_BEFORE_PICKA,BEFORE_PICKA,0,1000,1000,픽카 이용 전 다른 카드를 사용하여 받을 수 있었던 혜택을 놓침,20%,54000.0,,,SYNTHETIC_RULE_MATCHING_V1,13-10,마트/쇼핑 맞춤 혜택,마트/쇼핑,97,할인,%,20.0,300000.0,,,,,,PICKA 표준 혜택 카테고리 '마트/쇼핑' 시연 데이터,https://www.card-gorilla.com/card/detail/13,MISSED_WRONG_CARD,신한카드 Mr.Life | 인테이크몰 20% 할인 (전월실적 30만원 이상),1000.0,KRW
ONE_TRANSACTION_PER_ROW,persona3,이지훈,persona3@picka.app,36,1991-09-25,010-0525-3345,쿠팡 와우 멤버십|신세계포인트|CJ ONE|해피포인트|LG U+ 멤버십,ADULT,MID_30S,남성,직장인,경기도 수원시,False,경기도,수원시,1,2026-07-24,"[{""order"":1,""label"":""첫째"",""birth_date"":""2025-08-24"",""exact_age"":""만 0세 11개월 0일"",""school_stage"":""영아""}]",첫째,2025-08-24,만 0세 11개월 0일,영아,,,,,"11개월 아기 양육 중, 가족 중심의 소비",3000000,2026-05~2026-07,"가족 공동카드는 육아·마트·병원·보험·공과금에, 개인카드는 구독·배달·외식 등에 구분해 혜택 비교",False,False,False,False,True,False,PRIVATE_EMPLOYEE | HOUSEHOLD_REPRESENTATIVE,KT,CAR,False,True,NONE,EMART,True,True,1,INFANT,VERIFIED,"36세 직장인·영아 양육 가구 대표. KT·자가용·하이패스·이마트 이용자이며, 육아 지원 카드 검토 대상. 경차·군인·복지·K-패스·항공사 제휴 자격은 해당하지 않음.",3,UC301 | UC302 | UC303,노리2 체크카드(Global) | 신한카드 Mr.Life | 국민행복 삼성카드 V2,노리2 체크카드(Global):구독·배달·소액생활 | 신한카드 Mr.Life:외식·온라인쇼핑·병원/약국 | 국민행복 삼성카드 V2:육아·마트·보험·병원·관리비·통신,persona3-004,persona3-004,2026-06,2026-06-04T22:05:00,한식당,외식,음식점,FOOD_DINING,34800,0,34800,신용카드,CARD,APPROVED,한식당 결제 · 푸드/외식 카테고리,,UC303,718,국민행복 삼성카드 V2,삼성카드,가족 공동카드,육아·마트·보험·병원·관리비·통신,,6677,신용카드,,0,30000.0,,https://www.card-gorilla.com/card/detail/718,2073100,1631400,Y,UC302,13.0,신한카드 Mr.Life,신한카드,개인 신용카드,외식·온라인쇼핑·병원/약국,,신용카드,,300000.0,54000.0,516400.0,1224200.0,Y,WRONG_CARD_BEFORE_PICKA,BEFORE_PICKA,0,800,800,픽카 이용 전 다른 카드를 사용하여 받을 수 있었던 혜택을 놓침,20%,54000.0,,,SYNTHETIC_RULE_MATCHING_V1,13-10,푸드/외식 맞춤 혜택,푸드/외식,57,할인,%,20.0,300000.0,,,,,,PICKA 표준 혜택 카테고리 '푸드/외식' 시연 데이터,https://www.card-gorilla.com/card/detail/13,MISSED_WRONG_CARD,신한카드 Mr.Life | 인테이크몰 20% 할인 (전월실적 30만원 이상),800.0,KRW
ONE_TRANSACTION_PER_ROW,persona3,이지훈,persona3@picka.app,36,1991-09-25,010-0525-3345,쿠팡 와우 멤버십|신세계포인트|CJ ONE|해피포인트|LG U+ 멤버십,ADULT,MID_30S,남성,직장인,경기도 수원시,False,경기도,수원시,1,2026-07-24,"[{""order"":1,""label"":""첫째"",""birth_date"":""2025-08-24"",""exact_age"":""만 0세 11개월 0일"",""school_stage"":""영아""}]",첫째,2025-08-24,만 0세 11개월 0일,영아,,,,,"11개월 아기 양육 중, 가족 중심의 소비",3000000,2026-05~2026-07,"가족 공동카드는 육아·마트·병원·보험·공과금에, 개인카드는 구독·배달·외식 등에 구분해 혜택 비교",False,False,False,False,True,False,PRIVATE_EMPLOYEE | HOUSEHOLD_REPRESENTATIVE,KT,CAR,False,True,NONE,EMART,True,True,1,INFANT,VERIFIED,"36세 직장인·영아 양육 가구 대표. KT·자가용·하이패스·이마트 이용자이며, 육아 지원 카드 검토 대상. 경차·군인·복지·K-패스·항공사 제휴 자격은 해당하지 않음.",3,UC301 | UC302 | UC303,노리2 체크카드(Global) | 신한카드 Mr.Life | 국민행복 삼성카드 V2,노리2 체크카드(Global):구독·배달·소액생활 | 신한카드 Mr.Life:외식·온라인쇼핑·병원/약국 | 국민행복 삼성카드 V2:육아·마트·보험·병원·관리비·통신,persona3-005,persona3-005,2026-06,2026-06-05T09:00:00,아이사랑몰,교육/육아,교육 및 육아,EDUCATION_CHILDCARE,104900,9200,95700,신용카드,CARD,APPROVED,아이사랑몰 결제 · 교육/육아 카테고리,,UC303,718,국민행복 삼성카드 V2,삼성카드,가족 공동카드,육아·마트·보험·병원·관리비·통신,,6677,신용카드,,0,30000.0,,https://www.card-gorilla.com/card/detail/718,2073100,1631400,Y,UC303,718.0,국민행복 삼성카드 V2,삼성카드,가족 공동카드,육아·마트·보험·병원·관리비·통신,,신용카드,,0.0,30000.0,2073100.0,1631400.0,Y,BENEFIT_RECEIVED,BENEFIT_APPLIED,9200,9200,0,,7%,10000.0,10000.0,800.0,SYNTHETIC_RULE_MATCHING_V1,718-04,교육/육아 맞춤 혜택,교육/육아,14,할인,%,7.0,,,,10000.0,,,PICKA 표준 혜택 카테고리 '교육/육아' 시연 데이터,https://www.card-gorilla.com/card/detail/718,DISCOUNT_APPLIED,국민행복 삼성카드 V2 | 아파트 관리비·도시가스요금·전기요금·4대 사회보험·보험·통신·렌탈 자동납부 연결 시 7% 결제일할인,9200.0,KRW
ONE_TRANSACTION_PER_ROW,persona3,이지훈,persona3@picka.app,36,1991-09-25,010-0525-3345,쿠팡 와우 멤버십|신세계포인트|CJ ONE|해피포인트|LG U+ 멤버십,ADULT,MID_30S,남성,직장인,경기도 수원시,False,경기도,수원시,1,2026-07-24,"[{""order"":1,""label"":""첫째"",""birth_date"":""2025-08-24"",""exact_age"":""만 0세 11개월 0일"",""school_stage"":""영아""}]",첫째,2025-08-24,만 0세 11개월 0일,영아,,,,,"11개월 아기 양육 중, 가족 중심의 소비",3000000,2026-05~2026-07,"가족 공동카드는 육아·마트·병원·보험·공과금에, 개인카드는 구독·배달·외식 등에 구분해 혜택 비교",False,False,False,False,True,False,PRIVATE_EMPLOYEE | HOUSEHOLD_REPRESENTATIVE,KT,CAR,False,True,NONE,EMART,True,True,1,INFANT,VERIFIED,"36세 직장인·영아 양육 가구 대표. KT·자가용·하이패스·이마트 이용자이며, 육아 지원 카드 검토 대상. 경차·군인·복지·K-패스·항공사 제휴 자격은 해당하지 않음.",3,UC301 | UC302 | UC303,노리2 체크카드(Global) | 신한카드 Mr.Life | 국민행복 삼성카드 V2,노리2 체크카드(Global):구독·배달·소액생활 | 신한카드 Mr.Life:외식·온라인쇼핑·병원/약국 | 국민행복 삼성카드 V2:육아·마트·보험·병원·관리비·통신,persona3-006,persona3-006,2026-06,2026-06-05T09:05:00,한국전력공사,공과금,생활요금,UTILITIES,67700,0,67700,신용카드,CARD,APPROVED,한국전력공사 결제 · 공과금/생활요금 카테고리,,UC303,718,국민행복 삼성카드 V2,삼성카드,가족 공동카드,육아·마트·보험·병원·관리비·통신,,6677,신용카드,,0,30000.0,,https://www.card-gorilla.com/card/detail/718,2073100,1631400,Y,UC302,13.0,신한카드 Mr.Life,신한카드,개인 신용카드,외식·온라인쇼핑·병원/약국,,신용카드,,300000.0,54000.0,516400.0,1224200.0,Y,WRONG_CARD_BEFORE_PICKA,BEFORE_PICKA,0,1500,1500,픽카 이용 전 다른 카드를 사용하여 받을 수 있었던 혜택을 놓침,10%,3000.0,,,SYNTHETIC_RULE_MATCHING_V1,13-01,공과금/생활요금 맞춤 혜택,공과금/생활요금,3,할인,%,10.0,300000.0,,5000.0,3000.0,,,PICKA 표준 혜택 카테고리 '공과금/생활요금' 시연 데이터,https://www.card-gorilla.com/card/detail/13,MISSED_WRONG_CARD,신한카드 Mr.Life | 월납요금(공과금) 10% 할인서비스 (전월실적 30만원 이상),1500.0,KRW
ONE_TRANSACTION_PER_ROW,persona3,이지훈,persona3@picka.app,36,1991-09-25,010-0525-3345,쿠팡 와우 멤버십|신세계포인트|CJ ONE|해피포인트|LG U+ 멤버십,ADULT,MID_30S,남성,직장인,경기도 수원시,False,경기도,수원시,1,2026-07-24,"[{""order"":1,""label"":""첫째"",""birth_date"":""2025-08-24"",""exact_age"":""만 0세 11개월 0일"",""school_stage"":""영아""}]",첫째,2025-08-24,만 0세 11개월 0일,영아,,,,,"11개월 아기 양육 중, 가족 중심의 소비",3000000,2026-05~2026-07,"가족 공동카드는 육아·마트·병원·보험·공과금에, 개인카드는 구독·배달·외식 등에 구분해 혜택 비교",False,False,False,False,True,False,PRIVATE_EMPLOYEE | HOUSEHOLD_REPRESENTATIVE,KT,CAR,False,True,NONE,EMART,True,True,1,INFANT,VERIFIED,"36세 직장인·영아 양육 가구 대표. KT·자가용·하이패스·이마트 이용자이며, 육아 지원 카드 검토 대상. 경차·군인·복지·K-패스·항공사 제휴 자격은 해당하지 않음.",3,UC301 | UC302 | UC303,노리2 체크카드(Global) | 신한카드 Mr.Life | 국민행복 삼성카드 V2,노리2 체크카드(Global):구독·배달·소액생활 | 신한카드 Mr.Life:외식·온라인쇼핑·병원/약국 | 국민행복 삼성카드 V2:육아·마트·보험·병원·관리비·통신,persona3-007,persona3-007,2026-06,2026-06-05T09:10:00,GS칼텍스,자동차,주유,FUEL,57800,800,57000,신용카드,CARD,APPROVED,GS칼텍스 결제 · 주유 카테고리,,UC303,718,국민행복 삼성카드 V2,삼성카드,가족 공동카드,육아·마트·보험·병원·관리비·통신,,6677,신용카드,,0,30000.0,,https://www.card-gorilla.com/card/detail/718,2073100,1631400,Y,UC303,718.0,국민행복 삼성카드 V2,삼성카드,가족 공동카드,육아·마트·보험·병원·관리비·통신,,신용카드,,0.0,30000.0,2073100.0,1631400.0,Y,BENEFIT_RECEIVED,BENEFIT_APPLIED,800,5100,4300,,7%,10000.0,800.0,0.0,SYNTHETIC_RULE_MATCHING_V1,718-04,주유 맞춤 혜택,주유,17,할인,%,7.0,,,,10000.0,,,PICKA 표준 혜택 카테고리 '주유' 시연 데이터,https://www.card-gorilla.com/card/detail/718,DISCOUNT_APPLIED,국민행복 삼성카드 V2 | 아파트 관리비·도시가스요금·전기요금·4대 사회보험·보험·통신·렌탈 자동납부 연결 시 7% 결제일할인,5100.0,KRW
ONE_TRANSACTION_PER_ROW,persona3,이지훈,persona3@picka.app,36,1991-09-25,010-0525-3345,쿠팡 와우 멤버십|신세계포인트|CJ ONE|해피포인트|LG U+ 멤버십,ADULT,MID_30S,남성,직장인,경기도 수원시,False,경기도,수원시,1,2026-07-24,"[{""order"":1,""label"":""첫째"",""birth_date"":""2025-08-24"",""exact_age"":""만 0세 11개월 0일"",""school_stage"":""영아""}]",첫째,2025-08-24,만 0세 11개월 0일,영아,,,,,"11개월 아기 양육 중, 가족 중심의 소비",3000000,2026-05~2026-07,"가족 공동카드는 육아·마트·병원·보험·공과금에, 개인카드는 구독·배달·외식 등에 구분해 혜택 비교",False,False,False,False,True,False,PRIVATE_EMPLOYEE | HOUSEHOLD_REPRESENTATIVE,KT,CAR,False,True,NONE,EMART,True,True,1,INFANT,VERIFIED,"36세 직장인·영아 양육 가구 대표. KT·자가용·하이패스·이마트 이용자이며, 육아 지원 카드 검토 대상. 경차·군인·복지·K-패스·항공사 제휴 자격은 해당하지 않음.",3,UC301 | UC302 | UC303,노리2 체크카드(Global) | 신한카드 Mr.Life | 국민행복 삼성카드 V2,노리2 체크카드(Global):구독·배달·소액생활 | 신한카드 Mr.Life:외식·온라인쇼핑·병원/약국 | 국민행복 삼성카드 V2:육아·마트·보험·병원·관리비·통신,persona3-008,persona3-008,2026-06,2026-06-07T12:30:00,다이소,생활,생활용품,LIVING,28900,700,28200,신용카드,CARD,APPROVED,다이소 결제 · 생활 카테고리,,UC302,13,신한카드 Mr.Life,신한카드,개인 신용카드,외식·온라인쇼핑·병원/약국,,4456,신용카드,,300000,54000.0,,https://www.card-gorilla.com/card/detail/13,516400,1224200,Y,UC302,13.0,신한카드 Mr.Life,신한카드,개인 신용카드,외식·온라인쇼핑·병원/약국,,신용카드,,300000.0,54000.0,516400.0,1224200.0,Y,BENEFIT_RECEIVED,BENEFIT_APPLIED,700,700,0,,10%,5000.0,5000.0,4300.0,SYNTHETIC_RULE_MATCHING_V1,13-04,생활 맞춤 혜택,생활,22,할인,%,10.0,300000.0,,1000.0,5000.0,,,PICKA 표준 혜택 카테고리 '생활' 시연 데이터,https://www.card-gorilla.com/card/detail/13,DISCOUNT_APPLIED,신한카드 Mr.Life | 세탁소 업종 10% 할인 (전월실적 30만원 이상),700.0,KRW
ONE_TRANSACTION_PER_ROW,persona3,이지훈,persona3@picka.app,36,1991-09-25,010-0525-3345,쿠팡 와우 멤버십|신세계포인트|CJ ONE|해피포인트|LG U+ 멤버십,ADULT,MID_30S,남성,직장인,경기도 수원시,False,경기도,수원시,1,2026-07-24,"[{""order"":1,""label"":""첫째"",""birth_date"":""2025-08-24"",""exact_age"":""만 0세 11개월 0일"",""school_stage"":""영아""}]",첫째,2025-08-24,만 0세 11개월 0일,영아,,,,,"11개월 아기 양육 중, 가족 중심의 소비",3000000,2026-05~2026-07,"가족 공동카드는 육아·마트·병원·보험·공과금에, 개인카드는 구독·배달·외식 등에 구분해 혜택 비교",False,False,False,False,True,False,PRIVATE_EMPLOYEE | HOUSEHOLD_REPRESENTATIVE,KT,CAR,False,True,NONE,EMART,True,True,1,INFANT,VERIFIED,"36세 직장인·영아 양육 가구 대표. KT·자가용·하이패스·이마트 이용자이며, 육아 지원 카드 검토 대상. 경차·군인·복지·K-패스·항공사 제휴 자격은 해당하지 않음.",3,UC301 | UC302 | UC303,노리2 체크카드(Global) | 신한카드 Mr.Life | 국민행복 삼성카드 V2,노리2 체크카드(Global):구독·배달·소액생활 | 신한카드 Mr.Life:외식·온라인쇼핑·병원/약국 | 국민행복 삼성카드 V2:육아·마트·보험·병원·관리비·통신,persona3-009,persona3-009,2026-06,2026-06-08T15:20:00,쿠팡,온라인쇼핑,온라인 종합몰,ONLINE_SHOPPING,41100,0,41100,신용카드,CARD,APPROVED,쿠팡 결제 · 온라인쇼핑 카테고리,,UC303,718,국민행복 삼성카드 V2,삼성카드,가족 공동카드,육아·마트·보험·병원·관리비·통신,,6677,신용카드,,0,30000.0,,https://www.card-gorilla.com/card/detail/718,2073100,1631400,Y,UC302,13.0,신한카드 Mr.Life,신한카드,개인 신용카드,외식·온라인쇼핑·병원/약국,,신용카드,,300000.0,54000.0,516400.0,1224200.0,Y,WRONG_CARD_BEFORE_PICKA,BEFORE_PICKA,0,900,900,픽카 이용 전 다른 카드를 사용하여 받을 수 있었던 혜택을 놓침,20%,54000.0,,,SYNTHETIC_RULE_MATCHING_V1,13-10,온라인쇼핑 맞춤 혜택,온라인쇼핑,7,할인,%,20.0,300000.0,,,,,,PICKA 표준 혜택 카테고리 '온라인쇼핑' 시연 데이터,https://www.card-gorilla.com/card/detail/13,MISSED_WRONG_CARD,신한카드 Mr.Life | 인테이크몰 20% 할인 (전월실적 30만원 이상),900.0,KRW
ONE_TRANSACTION_PER_ROW,persona3,이지훈,persona3@picka.app,36,1991-09-25,010-0525-3345,쿠팡 와우 멤버십|신세계포인트|CJ ONE|해피포인트|LG U+ 멤버십,ADULT,MID_30S,남성,직장인,경기도 수원시,False,경기도,수원시,1,2026-07-24,"[{""order"":1,""label"":""첫째"",""birth_date"":""2025-08-24"",""exact_age"":""만 0세 11개월 0일"",""school_stage"":""영아""}]",첫째,2025-08-24,만 0세 11개월 0일,영아,,,,,"11개월 아기 양육 중, 가족 중심의 소비",3000000,2026-05~2026-07,"가족 공동카드는 육아·마트·병원·보험·공과금에, 개인카드는 구독·배달·외식 등에 구분해 혜택 비교",False,False,False,False,True,False,PRIVATE_EMPLOYEE | HOUSEHOLD_REPRESENTATIVE,KT,CAR,False,True,NONE,EMART,True,True,1,INFANT,VERIFIED,"36세 직장인·영아 양육 가구 대표. KT·자가용·하이패스·이마트 이용자이며, 육아 지원 카드 검토 대상. 경차·군인·복지·K-패스·항공사 제휴 자격은 해당하지 않음.",3,UC301 | UC302 | UC303,노리2 체크카드(Global) | 신한카드 Mr.Life | 국민행복 삼성카드 V2,노리2 체크카드(Global):구독·배달·소액생활 | 신한카드 Mr.Life:외식·온라인쇼핑·병원/약국 | 국민행복 삼성카드 V2:육아·마트·보험·병원·관리비·통신,persona3-010,persona3-010,2026-06,2026-06-08T18:50:00,롯데마트,마트/쇼핑,대형마트 및 쇼핑,MART_SHOPPING,68600,0,68600,신용카드,CARD,APPROVED,롯데마트 결제 · 마트/쇼핑 카테고리,,UC303,718,국민행복 삼성카드 V2,삼성카드,가족 공동카드,육아·마트·보험·병원·관리비·통신,,6677,신용카드,,0,30000.0,,https://www.card-gorilla.com/card/detail/718,2073100,1631400,Y,UC302,13.0,신한카드 Mr.Life,신한카드,개인 신용카드,외식·온라인쇼핑·병원/약국,,신용카드,,300000.0,54000.0,516400.0,1224200.0,Y,WRONG_CARD_BEFORE_PICKA,BEFORE_PICKA,0,1600,1600,픽카 이용 전 다른 카드를 사용하여 받을 수 있었던 혜택을 놓침,20%,54000.0,,,SYNTHETIC_RULE_MATCHING_V1,13-10,마트/쇼핑 맞춤 혜택,마트/쇼핑,97,할인,%,20.0,300000.0,,,,,,PICKA 표준 혜택 카테고리 '마트/쇼핑' 시연 데이터,https://www.card-gorilla.com/card/detail/13,MISSED_WRONG_CARD,신한카드 Mr.Life | 인테이크몰 20% 할인 (전월실적 30만원 이상),1600.0,KRW
ONE_TRANSACTION_PER_ROW,persona3,이지훈,persona3@picka.app,36,1991-09-25,010-0525-3345,쿠팡 와우 멤버십|신세계포인트|CJ ONE|해피포인트|LG U+ 멤버십,ADULT,MID_30S,남성,직장인,경기도 수원시,False,경기도,수원시,1,2026-07-24,"[{""order"":1,""label"":""첫째"",""birth_date"":""2025-08-24"",""exact_age"":""만 0세 11개월 0일"",""school_stage"":""영아""}]",첫째,2025-08-24,만 0세 11개월 0일,영아,,,,,"11개월 아기 양육 중, 가족 중심의 소비",3000000,2026-05~2026-07,"가족 공동카드는 육아·마트·병원·보험·공과금에, 개인카드는 구독·배달·외식 등에 구분해 혜택 비교",False,False,False,False,True,False,PRIVATE_EMPLOYEE | HOUSEHOLD_REPRESENTATIVE,KT,CAR,False,True,NONE,EMART,True,True,1,INFANT,VERIFIED,"36세 직장인·영아 양육 가구 대표. KT·자가용·하이패스·이마트 이용자이며, 육아 지원 카드 검토 대상. 경차·군인·복지·K-패스·항공사 제휴 자격은 해당하지 않음.",3,UC301 | UC302 | UC303,노리2 체크카드(Global) | 신한카드 Mr.Life | 국민행복 삼성카드 V2,노리2 체크카드(Global):구독·배달·소액생활 | 신한카드 Mr.Life:외식·온라인쇼핑·병원/약국 | 국민행복 삼성카드 V2:육아·마트·보험·병원·관리비·통신,persona3-011,persona3-011,2026-06,2026-06-09T09:40:00,스타벅스,카페,카페 및 디저트,CAFE_DESSERT,4900,0,4900,신용카드,CARD,APPROVED,스타벅스 결제 · 카페/디저트 카테고리,,UC303,718,국민행복 삼성카드 V2,삼성카드,가족 공동카드,육아·마트·보험·병원·관리비·통신,,6677,신용카드,,0,30000.0,,https://www.card-gorilla.com/card/detail/718,2073100,1631400,Y,UC302,13.0,신한카드 Mr.Life,신한카드,개인 신용카드,외식·온라인쇼핑·병원/약국,,신용카드,,300000.0,54000.0,516400.0,1224200.0,Y,WRONG_CARD_BEFORE_PICKA,BEFORE_PICKA,0,100,100,픽카 이용 전 다른 카드를 사용하여 받을 수 있었던 혜택을 놓침,10%,5000.0,,,SYNTHETIC_RULE_MATCHING_V1,13-03,카페/디저트 맞춤 혜택,카페/디저트,45,할인,%,10.0,300000.0,,1000.0,5000.0,,,PICKA 표준 혜택 카테고리 '카페/디저트' 시연 데이터,https://www.card-gorilla.com/card/detail/13,MISSED_WRONG_CARD,신한카드 Mr.Life | 병원/약국업종 10% 할인 (전월실적 30만원 이상),100.0,KRW
ONE_TRANSACTION_PER_ROW,persona3,이지훈,persona3@picka.app,36,1991-09-25,010-0525-3345,쿠팡 와우 멤버십|신세계포인트|CJ ONE|해피포인트|LG U+ 멤버십,ADULT,MID_30S,남성,직장인,경기도 수원시,False,경기도,수원시,1,2026-07-24,"[{""order"":1,""label"":""첫째"",""birth_date"":""2025-08-24"",""exact_age"":""만 0세 11개월 0일"",""school_stage"":""영아""}]",첫째,2025-08-24,만 0세 11개월 0일,영아,,,,,"11개월 아기 양육 중, 가족 중심의 소비",3000000,2026-05~2026-07,"가족 공동카드는 육아·마트·병원·보험·공과금에, 개인카드는 구독·배달·외식 등에 구분해 혜택 비교",False,False,False,False,True,False,PRIVATE_EMPLOYEE | HOUSEHOLD_REPRESENTATIVE,KT,CAR,False,True,NONE,EMART,True,True,1,INFANT,VERIFIED,"36세 직장인·영아 양육 가구 대표. KT·자가용·하이패스·이마트 이용자이며, 육아 지원 카드 검토 대상. 경차·군인·복지·K-패스·항공사 제휴 자격은 해당하지 않음.",3,UC301 | UC302 | UC303,노리2 체크카드(Global) | 신한카드 Mr.Life | 국민행복 삼성카드 V2,노리2 체크카드(Global):구독·배달·소액생활 | 신한카드 Mr.Life:외식·온라인쇼핑·병원/약국 | 국민행복 삼성카드 V2:육아·마트·보험·병원·관리비·통신,persona3-012,persona3-012,2026-06,2026-06-09T10:05:00,CU,편의점,편의점,CONVENIENCE,6300,0,6300,신용카드,CARD,APPROVED,CU 결제 · 편의점 카테고리,,UC303,718,국민행복 삼성카드 V2,삼성카드,가족 공동카드,육아·마트·보험·병원·관리비·통신,,6677,신용카드,,0,30000.0,,https://www.card-gorilla.com/card/detail/718,2073100,1631400,Y,UC302,13.0,신한카드 Mr.Life,신한카드,개인 신용카드,외식·온라인쇼핑·병원/약국,,신용카드,,300000.0,54000.0,516400.0,1224200.0,Y,WRONG_CARD_BEFORE_PICKA,BEFORE_PICKA,0,100,100,픽카 이용 전 다른 카드를 사용하여 받을 수 있었던 혜택을 놓침,10%,5000.0,,,SYNTHETIC_RULE_MATCHING_V1,13-03,편의점 맞춤 혜택,편의점,21,할인,%,10.0,300000.0,,1000.0,5000.0,,,PICKA 표준 혜택 카테고리 '편의점' 시연 데이터,https://www.card-gorilla.com/card/detail/13,MISSED_WRONG_CARD,신한카드 Mr.Life | 병원/약국업종 10% 할인 (전월실적 30만원 이상),100.0,KRW
ONE_TRANSACTION_PER_ROW,persona3,이지훈,persona3@picka.app,36,1991-09-25,010-0525-3345,쿠팡 와우 멤버십|신세계포인트|CJ ONE|해피포인트|LG U+ 멤버십,ADULT,MID_30S,남성,직장인,경기도 수원시,False,경기도,수원시,1,2026-07-24,"[{""order"":1,""label"":""첫째"",""birth_date"":""2025-08-24"",""exact_age"":""만 0세 11개월 0일"",""school_stage"":""영아""}]",첫째,2025-08-24,만 0세 11개월 0일,영아,,,,,"11개월 아기 양육 중, 가족 중심의 소비",3000000,2026-05~2026-07,"가족 공동카드는 육아·마트·병원·보험·공과금에, 개인카드는 구독·배달·외식 등에 구분해 혜택 비교",False,False,False,False,True,False,PRIVATE_EMPLOYEE | HOUSEHOLD_REPRESENTATIVE,KT,CAR,False,True,NONE,EMART,True,True,1,INFANT,VERIFIED,"36세 직장인·영아 양육 가구 대표. KT·자가용·하이패스·이마트 이용자이며, 육아 지원 카드 검토 대상. 경차·군인·복지·K-패스·항공사 제휴 자격은 해당하지 않음.",3,UC301 | UC302 | UC303,노리2 체크카드(Global) | 신한카드 Mr.Life | 국민행복 삼성카드 V2,노리2 체크카드(Global):구독·배달·소액생활 | 신한카드 Mr.Life:외식·온라인쇼핑·병원/약국 | 국민행복 삼성카드 V2:육아·마트·보험·병원·관리비·통신,persona3-013,persona3-013,2026-06,2026-06-11T22:40:00,티머니,교통,대중교통·택시,TRANSIT,29500,0,29500,신용카드,CARD,APPROVED,티머니 결제 · 교통 카테고리,,UC303,718,국민행복 삼성카드 V2,삼성카드,가족 공동카드,육아·마트·보험·병원·관리비·통신,,6677,신용카드,,0,30000.0,,https://www.card-gorilla.com/card/detail/718,2073100,1631400,Y,UC302,13.0,신한카드 Mr.Life,신한카드,개인 신용카드,외식·온라인쇼핑·병원/약국,,신용카드,,300000.0,54000.0,516400.0,1224200.0,Y,WRONG_CARD_BEFORE_PICKA,BEFORE_PICKA,0,700,700,픽카 이용 전 다른 카드를 사용하여 받을 수 있었던 혜택을 놓침,20%,54000.0,,,SYNTHETIC_RULE_MATCHING_V1,13-10,교통 맞춤 혜택,교통,20,할인,%,20.0,300000.0,,,,,,PICKA 표준 혜택 카테고리 '교통' 시연 데이터,https://www.card-gorilla.com/card/detail/13,MISSED_WRONG_CARD,신한카드 Mr.Life | 인테이크몰 20% 할인 (전월실적 30만원 이상),700.0,KRW
ONE_TRANSACTION_PER_ROW,persona3,이지훈,persona3@picka.app,36,1991-09-25,010-0525-3345,쿠팡 와우 멤버십|신세계포인트|CJ ONE|해피포인트|LG U+ 멤버십,ADULT,MID_30S,남성,직장인,경기도 수원시,False,경기도,수원시,1,2026-07-24,"[{""order"":1,""label"":""첫째"",""birth_date"":""2025-08-24"",""exact_age"":""만 0세 11개월 0일"",""school_stage"":""영아""}]",첫째,2025-08-24,만 0세 11개월 0일,영아,,,,,"11개월 아기 양육 중, 가족 중심의 소비",3000000,2026-05~2026-07,"가족 공동카드는 육아·마트·병원·보험·공과금에, 개인카드는 구독·배달·외식 등에 구분해 혜택 비교",False,False,False,False,True,False,PRIVATE_EMPLOYEE | HOUSEHOLD_REPRESENTATIVE,KT,CAR,False,True,NONE,EMART,True,True,1,INFANT,VERIFIED,"36세 직장인·영아 양육 가구 대표. KT·자가용·하이패스·이마트 이용자이며, 육아 지원 카드 검토 대상. 경차·군인·복지·K-패스·항공사 제휴 자격은 해당하지 않음.",3,UC301 | UC302 | UC303,노리2 체크카드(Global) | 신한카드 Mr.Life | 국민행복 삼성카드 V2,노리2 체크카드(Global):구독·배달·소액생활 | 신한카드 Mr.Life:외식·온라인쇼핑·병원/약국 | 국민행복 삼성카드 V2:육아·마트·보험·병원·관리비·통신,persona3-014,persona3-014,2026-06,2026-06-12T21:30:00,일반 가맹점,모든가맹점,일반 결제,ALL_MERCHANTS,17800,0,17800,신용카드,CARD,APPROVED,일반 가맹점 결제 · 모든가맹점 카테고리,,UC303,718,국민행복 삼성카드 V2,삼성카드,가족 공동카드,육아·마트·보험·병원·관리비·통신,,6677,신용카드,,0,30000.0,,https://www.card-gorilla.com/card/detail/718,2073100,1631400,Y,UC302,13.0,신한카드 Mr.Life,신한카드,개인 신용카드,외식·온라인쇼핑·병원/약국,,신용카드,,300000.0,54000.0,516400.0,1224200.0,Y,WRONG_CARD_BEFORE_PICKA,BEFORE_PICKA,0,400,400,픽카 이용 전 다른 카드를 사용하여 받을 수 있었던 혜택을 놓침,20%,54000.0,,,SYNTHETIC_RULE_MATCHING_V1,13-10,모든가맹점 맞춤 혜택,모든가맹점,15,할인,%,20.0,300000.0,,,,,,PICKA 표준 혜택 카테고리 '모든가맹점' 시연 데이터,https://www.card-gorilla.com/card/detail/13,MISSED_WRONG_CARD,신한카드 Mr.Life | 인테이크몰 20% 할인 (전월실적 30만원 이상),400.0,KRW
ONE_TRANSACTION_PER_ROW,persona3,이지훈,persona3@picka.app,36,1991-09-25,010-0525-3345,쿠팡 와우 멤버십|신세계포인트|CJ ONE|해피포인트|LG U+ 멤버십,ADULT,MID_30S,남성,직장인,경기도 수원시,False,경기도,수원시,1,2026-07-24,"[{""order"":1,""label"":""첫째"",""birth_date"":""2025-08-24"",""exact_age"":""만 0세 11개월 0일"",""school_stage"":""영아""}]",첫째,2025-08-24,만 0세 11개월 0일,영아,,,,,"11개월 아기 양육 중, 가족 중심의 소비",3000000,2026-05~2026-07,"가족 공동카드는 육아·마트·병원·보험·공과금에, 개인카드는 구독·배달·외식 등에 구분해 혜택 비교",False,False,False,False,True,False,PRIVATE_EMPLOYEE | HOUSEHOLD_REPRESENTATIVE,KT,CAR,False,True,NONE,EMART,True,True,1,INFANT,VERIFIED,"36세 직장인·영아 양육 가구 대표. KT·자가용·하이패스·이마트 이용자이며, 육아 지원 카드 검토 대상. 경차·군인·복지·K-패스·항공사 제휴 자격은 해당하지 않음.",3,UC301 | UC302 | UC303,노리2 체크카드(Global) | 신한카드 Mr.Life | 국민행복 삼성카드 V2,노리2 체크카드(Global):구독·배달·소액생활 | 신한카드 Mr.Life:외식·온라인쇼핑·병원/약국 | 국민행복 삼성카드 V2:육아·마트·보험·병원·관리비·통신,persona3-015,persona3-015,2026-06,2026-06-13T14:00:00,베이비플러스,교육/육아,교육 및 육아,EDUCATION_CHILDCARE,142200,0,142200,신용카드,CARD,APPROVED,베이비플러스 결제 · 교육/육아 카테고리,,UC303,718,국민행복 삼성카드 V2,삼성카드,가족 공동카드,육아·마트·보험·병원·관리비·통신,,6677,신용카드,,0,30000.0,,https://www.card-gorilla.com/card/detail/718,2073100,1631400,Y,,,,,,,,,,,,,,,NO_ELIGIBLE_BENEFIT,BEFORE_PICKA,0,0,0,,,,,,SYNTHETIC_RULE_MATCHING_V1,,교육/육아 맞춤 혜택,교육/육아,14,,,,,,,,,,PICKA 표준 혜택 카테고리 '교육/육아' 시연 데이터,,,,,
ONE_TRANSACTION_PER_ROW,persona3,이지훈,persona3@picka.app,36,1991-09-25,010-0525-3345,쿠팡 와우 멤버십|신세계포인트|CJ ONE|해피포인트|LG U+ 멤버십,ADULT,MID_30S,남성,직장인,경기도 수원시,False,경기도,수원시,1,2026-07-24,"[{""order"":1,""label"":""첫째"",""birth_date"":""2025-08-24"",""exact_age"":""만 0세 11개월 0일"",""school_stage"":""영아""}]",첫째,2025-08-24,만 0세 11개월 0일,영아,,,,,"11개월 아기 양육 중, 가족 중심의 소비",3000000,2026-05~2026-07,"가족 공동카드는 육아·마트·병원·보험·공과금에, 개인카드는 구독·배달·외식 등에 구분해 혜택 비교",False,False,False,False,True,False,PRIVATE_EMPLOYEE | HOUSEHOLD_REPRESENTATIVE,KT,CAR,False,True,NONE,EMART,True,True,1,INFANT,VERIFIED,"36세 직장인·영아 양육 가구 대표. KT·자가용·하이패스·이마트 이용자이며, 육아 지원 카드 검토 대상. 경차·군인·복지·K-패스·항공사 제휴 자격은 해당하지 않음.",3,UC301 | UC302 | UC303,노리2 체크카드(Global) | 신한카드 Mr.Life | 국민행복 삼성카드 V2,노리2 체크카드(Global):구독·배달·소액생활 | 신한카드 Mr.Life:외식·온라인쇼핑·병원/약국 | 국민행복 삼성카드 V2:육아·마트·보험·병원·관리비·통신,persona3-016,persona3-016,2026-06,2026-06-13T15:30:00,카카오 T,교통,대중교통·택시,TRANSIT,11400,1000,10400,신용카드,CARD,APPROVED,카카오 T 결제 · 교통 카테고리,,UC302,13,신한카드 Mr.Life,신한카드,개인 신용카드,외식·온라인쇼핑·병원/약국,,4456,신용카드,,300000,54000.0,,https://www.card-gorilla.com/card/detail/13,516400,1224200,Y,UC302,13.0,신한카드 Mr.Life,신한카드,개인 신용카드,외식·온라인쇼핑·병원/약국,,신용카드,,300000.0,54000.0,516400.0,1224200.0,Y,BENEFIT_RECEIVED,BENEFIT_APPLIED,1000,1000,0,,10%,5000.0,4300.0,3300.0,SYNTHETIC_RULE_MATCHING_V1,13-04,교통 맞춤 혜택,교통,20,할인,%,10.0,300000.0,,1000.0,5000.0,,,PICKA 표준 혜택 카테고리 '교통' 시연 데이터,https://www.card-gorilla.com/card/detail/13,DISCOUNT_APPLIED,신한카드 Mr.Life | 세탁소 업종 10% 할인 (전월실적 30만원 이상),1000.0,KRW
ONE_TRANSACTION_PER_ROW,persona3,이지훈,persona3@picka.app,36,1991-09-25,010-0525-3345,쿠팡 와우 멤버십|신세계포인트|CJ ONE|해피포인트|LG U+ 멤버십,ADULT,MID_30S,남성,직장인,경기도 수원시,False,경기도,수원시,1,2026-07-24,"[{""order"":1,""label"":""첫째"",""birth_date"":""2025-08-24"",""exact_age"":""만 0세 11개월 0일"",""school_stage"":""영아""}]",첫째,2025-08-24,만 0세 11개월 0일,영아,,,,,"11개월 아기 양육 중, 가족 중심의 소비",3000000,2026-05~2026-07,"가족 공동카드는 육아·마트·병원·보험·공과금에, 개인카드는 구독·배달·외식 등에 구분해 혜택 비교",False,False,False,False,True,False,PRIVATE_EMPLOYEE | HOUSEHOLD_REPRESENTATIVE,KT,CAR,False,True,NONE,EMART,True,True,1,INFANT,VERIFIED,"36세 직장인·영아 양육 가구 대표. KT·자가용·하이패스·이마트 이용자이며, 육아 지원 카드 검토 대상. 경차·군인·복지·K-패스·항공사 제휴 자격은 해당하지 않음.",3,UC301 | UC302 | UC303,노리2 체크카드(Global) | 신한카드 Mr.Life | 국민행복 삼성카드 V2,노리2 체크카드(Global):구독·배달·소액생활 | 신한카드 Mr.Life:외식·온라인쇼핑·병원/약국 | 국민행복 삼성카드 V2:육아·마트·보험·병원·관리비·통신,persona3-017,persona3-017,2026-06,2026-06-14T11:00:00,서울교통공사,교통,대중교통·택시,TRANSIT,19000,0,19000,신용카드,CARD,APPROVED,서울교통공사 결제 · 교통 카테고리,,UC303,718,국민행복 삼성카드 V2,삼성카드,가족 공동카드,육아·마트·보험·병원·관리비·통신,,6677,신용카드,,0,30000.0,,https://www.card-gorilla.com/card/detail/718,2073100,1631400,Y,UC302,13.0,신한카드 Mr.Life,신한카드,개인 신용카드,외식·온라인쇼핑·병원/약국,,신용카드,,300000.0,54000.0,516400.0,1224200.0,Y,WRONG_CARD_BEFORE_PICKA,BEFORE_PICKA,0,400,400,픽카 이용 전 다른 카드를 사용하여 받을 수 있었던 혜택을 놓침,20%,54000.0,,,SYNTHETIC_RULE_MATCHING_V1,13-10,교통 맞춤 혜택,교통,20,할인,%,20.0,300000.0,,,,,,PICKA 표준 혜택 카테고리 '교통' 시연 데이터,https://www.card-gorilla.com/card/detail/13,MISSED_WRONG_CARD,신한카드 Mr.Life | 인테이크몰 20% 할인 (전월실적 30만원 이상),400.0,KRW
ONE_TRANSACTION_PER_ROW,persona3,이지훈,persona3@picka.app,36,1991-09-25,010-0525-3345,쿠팡 와우 멤버십|신세계포인트|CJ ONE|해피포인트|LG U+ 멤버십,ADULT,MID_30S,남성,직장인,경기도 수원시,False,경기도,수원시,1,2026-07-24,"[{""order"":1,""label"":""첫째"",""birth_date"":""2025-08-24"",""exact_age"":""만 0세 11개월 0일"",""school_stage"":""영아""}]",첫째,2025-08-24,만 0세 11개월 0일,영아,,,,,"11개월 아기 양육 중, 가족 중심의 소비",3000000,2026-05~2026-07,"가족 공동카드는 육아·마트·병원·보험·공과금에, 개인카드는 구독·배달·외식 등에 구분해 혜택 비교",False,False,False,False,True,False,PRIVATE_EMPLOYEE | HOUSEHOLD_REPRESENTATIVE,KT,CAR,False,True,NONE,EMART,True,True,1,INFANT,VERIFIED,"36세 직장인·영아 양육 가구 대표. KT·자가용·하이패스·이마트 이용자이며, 육아 지원 카드 검토 대상. 경차·군인·복지·K-패스·항공사 제휴 자격은 해당하지 않음.",3,UC301 | UC302 | UC303,노리2 체크카드(Global) | 신한카드 Mr.Life | 국민행복 삼성카드 V2,노리2 체크카드(Global):구독·배달·소액생활 | 신한카드 Mr.Life:외식·온라인쇼핑·병원/약국 | 국민행복 삼성카드 V2:육아·마트·보험·병원·관리비·통신,persona3-018,persona3-018,2026-06,2026-06-15T00:05:00,CGV,문화,영화 및 문화,MOVIE_CULTURE,10300,200,10100,체크카드,CARD,APPROVED,CGV 결제 · 영화/문화 카테고리,,UC301,2423,노리2 체크카드(Global),KB국민카드,개인 체크카드,구독·배달·소액생활,,4455,체크카드,,200000,70000.0,,https://www.card-gorilla.com/card/detail/2423,265800,28500,Y,UC301,2423.0,노리2 체크카드(Global),KB국민카드,개인 체크카드,구독·배달·소액생활,,체크카드,,200000.0,70000.0,265800.0,28500.0,Y,BENEFIT_RECEIVED,BENEFIT_APPLIED,200,200,0,,1000원,2000.0,2000.0,1800.0,SYNTHETIC_RULE_MATCHING_V1,2423-06,영화/문화 맞춤 혜택,영화/문화,55,할인,원,1000.0,200000.0,,,2000.0,,,PICKA 표준 혜택 카테고리 '영화/문화' 시연 데이터,https://www.card-gorilla.com/card/detail/2423,DISCOUNT_APPLIED,"노리2 체크카드(Global) | [일상]넷플릭스, 유튜브프리미엄 1,000원 할인",200.0,KRW
ONE_TRANSACTION_PER_ROW,persona3,이지훈,persona3@picka.app,36,1991-09-25,010-0525-3345,쿠팡 와우 멤버십|신세계포인트|CJ ONE|해피포인트|LG U+ 멤버십,ADULT,MID_30S,남성,직장인,경기도 수원시,False,경기도,수원시,1,2026-07-24,"[{""order"":1,""label"":""첫째"",""birth_date"":""2025-08-24"",""exact_age"":""만 0세 11개월 0일"",""school_stage"":""영아""}]",첫째,2025-08-24,만 0세 11개월 0일,영아,,,,,"11개월 아기 양육 중, 가족 중심의 소비",3000000,2026-05~2026-07,"가족 공동카드는 육아·마트·병원·보험·공과금에, 개인카드는 구독·배달·외식 등에 구분해 혜택 비교",False,False,False,False,True,False,PRIVATE_EMPLOYEE | HOUSEHOLD_REPRESENTATIVE,KT,CAR,False,True,NONE,EMART,True,True,1,INFANT,VERIFIED,"36세 직장인·영아 양육 가구 대표. KT·자가용·하이패스·이마트 이용자이며, 육아 지원 카드 검토 대상. 경차·군인·복지·K-패스·항공사 제휴 자격은 해당하지 않음.",3,UC301 | UC302 | UC303,노리2 체크카드(Global) | 신한카드 Mr.Life | 국민행복 삼성카드 V2,노리2 체크카드(Global):구독·배달·소액생활 | 신한카드 Mr.Life:외식·온라인쇼핑·병원/약국 | 국민행복 삼성카드 V2:육아·마트·보험·병원·관리비·통신,persona3-019,persona3-019,2026-06,2026-06-15T19:30:00,코스트코,마트/쇼핑,대형마트 및 쇼핑,MART_SHOPPING,85400,0,85400,신용카드,CARD,APPROVED,코스트코 결제 · 마트/쇼핑 카테고리,,UC303,718,국민행복 삼성카드 V2,삼성카드,가족 공동카드,육아·마트·보험·병원·관리비·통신,,6677,신용카드,,0,30000.0,,https://www.card-gorilla.com/card/detail/718,2073100,1631400,Y,UC302,13.0,신한카드 Mr.Life,신한카드,개인 신용카드,외식·온라인쇼핑·병원/약국,,신용카드,,300000.0,54000.0,516400.0,1224200.0,Y,WRONG_CARD_BEFORE_PICKA,BEFORE_PICKA,0,1900,1900,픽카 이용 전 다른 카드를 사용하여 받을 수 있었던 혜택을 놓침,20%,54000.0,,,SYNTHETIC_RULE_MATCHING_V1,13-10,마트/쇼핑 맞춤 혜택,마트/쇼핑,97,할인,%,20.0,300000.0,,,,,,PICKA 표준 혜택 카테고리 '마트/쇼핑' 시연 데이터,https://www.card-gorilla.com/card/detail/13,MISSED_WRONG_CARD,신한카드 Mr.Life | 인테이크몰 20% 할인 (전월실적 30만원 이상),1900.0,KRW
ONE_TRANSACTION_PER_ROW,persona3,이지훈,persona3@picka.app,36,1991-09-25,010-0525-3345,쿠팡 와우 멤버십|신세계포인트|CJ ONE|해피포인트|LG U+ 멤버십,ADULT,MID_30S,남성,직장인,경기도 수원시,False,경기도,수원시,1,2026-07-24,"[{""order"":1,""label"":""첫째"",""birth_date"":""2025-08-24"",""exact_age"":""만 0세 11개월 0일"",""school_stage"":""영아""}]",첫째,2025-08-24,만 0세 11개월 0일,영아,,,,,"11개월 아기 양육 중, 가족 중심의 소비",3000000,2026-05~2026-07,"가족 공동카드는 육아·마트·병원·보험·공과금에, 개인카드는 구독·배달·외식 등에 구분해 혜택 비교",False,False,False,False,True,False,PRIVATE_EMPLOYEE | HOUSEHOLD_REPRESENTATIVE,KT,CAR,False,True,NONE,EMART,True,True,1,INFANT,VERIFIED,"36세 직장인·영아 양육 가구 대표. KT·자가용·하이패스·이마트 이용자이며, 육아 지원 카드 검토 대상. 경차·군인·복지·K-패스·항공사 제휴 자격은 해당하지 않음.",3,UC301 | UC302 | UC303,노리2 체크카드(Global) | 신한카드 Mr.Life | 국민행복 삼성카드 V2,노리2 체크카드(Global):구독·배달·소액생활 | 신한카드 Mr.Life:외식·온라인쇼핑·병원/약국 | 국민행복 삼성카드 V2:육아·마트·보험·병원·관리비·통신,persona3-020,persona3-020,2026-06,2026-06-16T21:45:00,캐시백 대상 일반가맹점,캐시백,일반 캐시백,CASHBACK,25800,0,25800,신용카드,CARD,APPROVED,캐시백 대상 일반가맹점 결제 · 캐시백 카테고리,,UC303,718,국민행복 삼성카드 V2,삼성카드,가족 공동카드,육아·마트·보험·병원·관리비·통신,,6677,신용카드,,0,30000.0,,https://www.card-gorilla.com/card/detail/718,2073100,1631400,Y,UC302,13.0,신한카드 Mr.Life,신한카드,개인 신용카드,외식·온라인쇼핑·병원/약국,,신용카드,,300000.0,54000.0,516400.0,1224200.0,Y,WRONG_CARD_BEFORE_PICKA,BEFORE_PICKA,0,600,600,픽카 이용 전 다른 카드를 사용하여 받을 수 있었던 혜택을 놓침,20%,54000.0,,,SYNTHETIC_RULE_MATCHING_V1,13-10,캐시백 맞춤 혜택,캐시백,7,할인,%,20.0,300000.0,,,,,,PICKA 표준 혜택 카테고리 '캐시백' 시연 데이터,https://www.card-gorilla.com/card/detail/13,MISSED_WRONG_CARD,신한카드 Mr.Life | 인테이크몰 20% 할인 (전월실적 30만원 이상),600.0,KRW
ONE_TRANSACTION_PER_ROW,persona3,이지훈,persona3@picka.app,36,1991-09-25,010-0525-3345,쿠팡 와우 멤버십|신세계포인트|CJ ONE|해피포인트|LG U+ 멤버십,ADULT,MID_30S,남성,직장인,경기도 수원시,False,경기도,수원시,1,2026-07-24,"[{""order"":1,""label"":""첫째"",""birth_date"":""2025-08-24"",""exact_age"":""만 0세 11개월 0일"",""school_stage"":""영아""}]",첫째,2025-08-24,만 0세 11개월 0일,영아,,,,,"11개월 아기 양육 중, 가족 중심의 소비",3000000,2026-05~2026-07,"가족 공동카드는 육아·마트·병원·보험·공과금에, 개인카드는 구독·배달·외식 등에 구분해 혜택 비교",False,False,False,False,True,False,PRIVATE_EMPLOYEE | HOUSEHOLD_REPRESENTATIVE,KT,CAR,False,True,NONE,EMART,True,True,1,INFANT,VERIFIED,"36세 직장인·영아 양육 가구 대표. KT·자가용·하이패스·이마트 이용자이며, 육아 지원 카드 검토 대상. 경차·군인·복지·K-패스·항공사 제휴 자격은 해당하지 않음.",3,UC301 | UC302 | UC303,노리2 체크카드(Global) | 신한카드 Mr.Life | 국민행복 삼성카드 V2,노리2 체크카드(Global):구독·배달·소액생활 | 신한카드 Mr.Life:외식·온라인쇼핑·병원/약국 | 국민행복 삼성카드 V2:육아·마트·보험·병원·관리비·통신,persona3-021,persona3-021,2026-06,2026-06-16T21:45:00,S-OIL,자동차,주유,FUEL,63900,0,63900,신용카드,CARD,APPROVED,S-OIL 결제 · 주유 카테고리,,UC303,718,국민행복 삼성카드 V2,삼성카드,가족 공동카드,육아·마트·보험·병원·관리비·통신,,6677,신용카드,,0,30000.0,,https://www.card-gorilla.com/card/detail/718,2073100,1631400,Y,UC302,13.0,신한카드 Mr.Life,신한카드,개인 신용카드,외식·온라인쇼핑·병원/약국,,신용카드,,300000.0,54000.0,516400.0,1224200.0,Y,WRONG_CARD_BEFORE_PICKA,BEFORE_PICKA,0,1500,1500,픽카 이용 전 다른 카드를 사용하여 받을 수 있었던 혜택을 놓침,20%,54000.0,,,SYNTHETIC_RULE_MATCHING_V1,13-10,주유 맞춤 혜택,주유,17,할인,%,20.0,300000.0,,,,,,PICKA 표준 혜택 카테고리 '주유' 시연 데이터,https://www.card-gorilla.com/card/detail/13,MISSED_WRONG_CARD,신한카드 Mr.Life | 인테이크몰 20% 할인 (전월실적 30만원 이상),1500.0,KRW
ONE_TRANSACTION_PER_ROW,persona3,이지훈,persona3@picka.app,36,1991-09-25,010-0525-3345,쿠팡 와우 멤버십|신세계포인트|CJ ONE|해피포인트|LG U+ 멤버십,ADULT,MID_30S,남성,직장인,경기도 수원시,False,경기도,수원시,1,2026-07-24,"[{""order"":1,""label"":""첫째"",""birth_date"":""2025-08-24"",""exact_age"":""만 0세 11개월 0일"",""school_stage"":""영아""}]",첫째,2025-08-24,만 0세 11개월 0일,영아,,,,,"11개월 아기 양육 중, 가족 중심의 소비",3000000,2026-05~2026-07,"가족 공동카드는 육아·마트·병원·보험·공과금에, 개인카드는 구독·배달·외식 등에 구분해 혜택 비교",False,False,False,False,True,False,PRIVATE_EMPLOYEE | HOUSEHOLD_REPRESENTATIVE,KT,CAR,False,True,NONE,EMART,True,True,1,INFANT,VERIFIED,"36세 직장인·영아 양육 가구 대표. KT·자가용·하이패스·이마트 이용자이며, 육아 지원 카드 검토 대상. 경차·군인·복지·K-패스·항공사 제휴 자격은 해당하지 않음.",3,UC301 | UC302 | UC303,노리2 체크카드(Global) | 신한카드 Mr.Life | 국민행복 삼성카드 V2,노리2 체크카드(Global):구독·배달·소액생활 | 신한카드 Mr.Life:외식·온라인쇼핑·병원/약국 | 국민행복 삼성카드 V2:육아·마트·보험·병원·관리비·통신,persona3-022,persona3-022,2026-06,2026-06-18T22:25:00,김밥전문점,외식,음식점,FOOD_DINING,25700,2200,23500,신용카드,CARD,APPROVED,김밥전문점 결제 · 푸드/외식 카테고리,,UC303,718,국민행복 삼성카드 V2,삼성카드,가족 공동카드,육아·마트·보험·병원·관리비·통신,,6677,신용카드,,0,30000.0,,https://www.card-gorilla.com/card/detail/718,2073100,1631400,Y,UC303,718.0,국민행복 삼성카드 V2,삼성카드,가족 공동카드,육아·마트·보험·병원·관리비·통신,,신용카드,,0.0,30000.0,2073100.0,1631400.0,Y,BENEFIT_RECEIVED,BENEFIT_APPLIED,2200,2200,0,,7%,10000.0,10000.0,7800.0,SYNTHETIC_RULE_MATCHING_V1,718-02,푸드/외식 맞춤 혜택,푸드/외식,57,할인,%,7.0,,,,10000.0,,,PICKA 표준 혜택 카테고리 '푸드/외식' 시연 데이터,https://www.card-gorilla.com/card/detail/718,DISCOUNT_APPLIED,국민행복 삼성카드 V2 | 백화점·프리미엄 아울렛·할인점·온라인쇼핑몰·생활잡화·신선식품 배송 7% 결제일할인,2200.0,KRW
ONE_TRANSACTION_PER_ROW,persona3,이지훈,persona3@picka.app,36,1991-09-25,010-0525-3345,쿠팡 와우 멤버십|신세계포인트|CJ ONE|해피포인트|LG U+ 멤버십,ADULT,MID_30S,남성,직장인,경기도 수원시,False,경기도,수원시,1,2026-07-24,"[{""order"":1,""label"":""첫째"",""birth_date"":""2025-08-24"",""exact_age"":""만 0세 11개월 0일"",""school_stage"":""영아""}]",첫째,2025-08-24,만 0세 11개월 0일,영아,,,,,"11개월 아기 양육 중, 가족 중심의 소비",3000000,2026-05~2026-07,"가족 공동카드는 육아·마트·병원·보험·공과금에, 개인카드는 구독·배달·외식 등에 구분해 혜택 비교",False,False,False,False,True,False,PRIVATE_EMPLOYEE | HOUSEHOLD_REPRESENTATIVE,KT,CAR,False,True,NONE,EMART,True,True,1,INFANT,VERIFIED,"36세 직장인·영아 양육 가구 대표. KT·자가용·하이패스·이마트 이용자이며, 육아 지원 카드 검토 대상. 경차·군인·복지·K-패스·항공사 제휴 자격은 해당하지 않음.",3,UC301 | UC302 | UC303,노리2 체크카드(Global) | 신한카드 Mr.Life | 국민행복 삼성카드 V2,노리2 체크카드(Global):구독·배달·소액생활 | 신한카드 Mr.Life:외식·온라인쇼핑·병원/약국 | 국민행복 삼성카드 V2:육아·마트·보험·병원·관리비·통신,persona3-023,persona3-023,2026-06,2026-06-19T21:00:00,네이버페이,간편결제,온라인 간편결제,EASY_PAY,31400,700,30700,신용카드,CARD,APPROVED,네이버페이 결제 · 간편결제 카테고리,,UC302,13,신한카드 Mr.Life,신한카드,개인 신용카드,외식·온라인쇼핑·병원/약국,,4456,신용카드,,300000,54000.0,,https://www.card-gorilla.com/card/detail/13,516400,1224200,Y,UC302,13.0,신한카드 Mr.Life,신한카드,개인 신용카드,외식·온라인쇼핑·병원/약국,,신용카드,,300000.0,54000.0,516400.0,1224200.0,Y,BENEFIT_RECEIVED,BENEFIT_APPLIED,700,700,0,,20%,54000.0,,,SYNTHETIC_RULE_MATCHING_V1,13-10,간편결제 맞춤 혜택,간편결제,45,할인,%,20.0,300000.0,,,,,,PICKA 표준 혜택 카테고리 '간편결제' 시연 데이터,https://www.card-gorilla.com/card/detail/13,DISCOUNT_APPLIED,신한카드 Mr.Life | 인테이크몰 20% 할인 (전월실적 30만원 이상),700.0,KRW
ONE_TRANSACTION_PER_ROW,persona3,이지훈,persona3@picka.app,36,1991-09-25,010-0525-3345,쿠팡 와우 멤버십|신세계포인트|CJ ONE|해피포인트|LG U+ 멤버십,ADULT,MID_30S,남성,직장인,경기도 수원시,False,경기도,수원시,1,2026-07-24,"[{""order"":1,""label"":""첫째"",""birth_date"":""2025-08-24"",""exact_age"":""만 0세 11개월 0일"",""school_stage"":""영아""}]",첫째,2025-08-24,만 0세 11개월 0일,영아,,,,,"11개월 아기 양육 중, 가족 중심의 소비",3000000,2026-05~2026-07,"가족 공동카드는 육아·마트·병원·보험·공과금에, 개인카드는 구독·배달·외식 등에 구분해 혜택 비교",False,False,False,False,True,False,PRIVATE_EMPLOYEE | HOUSEHOLD_REPRESENTATIVE,KT,CAR,False,True,NONE,EMART,True,True,1,INFANT,VERIFIED,"36세 직장인·영아 양육 가구 대표. KT·자가용·하이패스·이마트 이용자이며, 육아 지원 카드 검토 대상. 경차·군인·복지·K-패스·항공사 제휴 자격은 해당하지 않음.",3,UC301 | UC302 | UC303,노리2 체크카드(Global) | 신한카드 Mr.Life | 국민행복 삼성카드 V2,노리2 체크카드(Global):구독·배달·소액생활 | 신한카드 Mr.Life:외식·온라인쇼핑·병원/약국 | 국민행복 삼성카드 V2:육아·마트·보험·병원·관리비·통신,persona3-024,persona3-024,2026-06,2026-06-20T19:10:00,배달의민족,배달,배달앱,DELIVERY,18200,400,17800,체크카드,CARD,APPROVED,배달의민족 결제 · 배달앱 카테고리,,UC301,2423,노리2 체크카드(Global),KB국민카드,개인 체크카드,구독·배달·소액생활,,4455,체크카드,,200000,70000.0,,https://www.card-gorilla.com/card/detail/2423,265800,28500,Y,UC301,2423.0,노리2 체크카드(Global),KB국민카드,개인 체크카드,구독·배달·소액생활,,체크카드,,200000.0,70000.0,265800.0,28500.0,Y,BENEFIT_RECEIVED,BENEFIT_APPLIED,400,400,0,,1000원,1000.0,1000.0,600.0,SYNTHETIC_RULE_MATCHING_V1,2423-07,배달앱 맞춤 혜택,배달앱,19,할인,원,1000.0,200000.0,,,1000.0,,,PICKA 표준 혜택 카테고리 '배달앱' 시연 데이터,https://www.card-gorilla.com/card/detail/2423,DISCOUNT_APPLIED,"노리2 체크카드(Global) | [일상] 배달의 민족, 요기요 1,000원 할인",400.0,KRW
ONE_TRANSACTION_PER_ROW,persona3,이지훈,persona3@picka.app,36,1991-09-25,010-0525-3345,쿠팡 와우 멤버십|신세계포인트|CJ ONE|해피포인트|LG U+ 멤버십,ADULT,MID_30S,남성,직장인,경기도 수원시,False,경기도,수원시,1,2026-07-24,"[{""order"":1,""label"":""첫째"",""birth_date"":""2025-08-24"",""exact_age"":""만 0세 11개월 0일"",""school_stage"":""영아""}]",첫째,2025-08-24,만 0세 11개월 0일,영아,,,,,"11개월 아기 양육 중, 가족 중심의 소비",3000000,2026-05~2026-07,"가족 공동카드는 육아·마트·병원·보험·공과금에, 개인카드는 구독·배달·외식 등에 구분해 혜택 비교",False,False,False,False,True,False,PRIVATE_EMPLOYEE | HOUSEHOLD_REPRESENTATIVE,KT,CAR,False,True,NONE,EMART,True,True,1,INFANT,VERIFIED,"36세 직장인·영아 양육 가구 대표. KT·자가용·하이패스·이마트 이용자이며, 육아 지원 카드 검토 대상. 경차·군인·복지·K-패스·항공사 제휴 자격은 해당하지 않음.",3,UC301 | UC302 | UC303,노리2 체크카드(Global) | 신한카드 Mr.Life | 국민행복 삼성카드 V2,노리2 체크카드(Global):구독·배달·소액생활 | 신한카드 Mr.Life:외식·온라인쇼핑·병원/약국 | 국민행복 삼성카드 V2:육아·마트·보험·병원·관리비·통신,persona3-025,persona3-025,2026-06,2026-06-21T13:30:00,AMAZON.COM,해외,해외 결제,OVERSEAS,97300,0,97300,신용카드,CARD,APPROVED,AMAZON.COM 결제 · 해외 카테고리,,UC303,718,국민행복 삼성카드 V2,삼성카드,가족 공동카드,육아·마트·보험·병원·관리비·통신,,6677,신용카드,,0,30000.0,,https://www.card-gorilla.com/card/detail/718,2073100,1631400,Y,UC302,13.0,신한카드 Mr.Life,신한카드,개인 신용카드,외식·온라인쇼핑·병원/약국,,신용카드,,300000.0,54000.0,516400.0,1224200.0,Y,WRONG_CARD_BEFORE_PICKA,BEFORE_PICKA,0,2200,2200,픽카 이용 전 다른 카드를 사용하여 받을 수 있었던 혜택을 놓침,20%,54000.0,,,SYNTHETIC_RULE_MATCHING_V1,13-10,해외 맞춤 혜택,해외,8,할인,%,20.0,300000.0,,,,,,PICKA 표준 혜택 카테고리 '해외' 시연 데이터,https://www.card-gorilla.com/card/detail/13,MISSED_WRONG_CARD,신한카드 Mr.Life | 인테이크몰 20% 할인 (전월실적 30만원 이상),2200.0,KRW
ONE_TRANSACTION_PER_ROW,persona3,이지훈,persona3@picka.app,36,1991-09-25,010-0525-3345,쿠팡 와우 멤버십|신세계포인트|CJ ONE|해피포인트|LG U+ 멤버십,ADULT,MID_30S,남성,직장인,경기도 수원시,False,경기도,수원시,1,2026-07-24,"[{""order"":1,""label"":""첫째"",""birth_date"":""2025-08-24"",""exact_age"":""만 0세 11개월 0일"",""school_stage"":""영아""}]",첫째,2025-08-24,만 0세 11개월 0일,영아,,,,,"11개월 아기 양육 중, 가족 중심의 소비",3000000,2026-05~2026-07,"가족 공동카드는 육아·마트·병원·보험·공과금에, 개인카드는 구독·배달·외식 등에 구분해 혜택 비교",False,False,False,False,True,False,PRIVATE_EMPLOYEE | HOUSEHOLD_REPRESENTATIVE,KT,CAR,False,True,NONE,EMART,True,True,1,INFANT,VERIFIED,"36세 직장인·영아 양육 가구 대표. KT·자가용·하이패스·이마트 이용자이며, 육아 지원 카드 검토 대상. 경차·군인·복지·K-패스·항공사 제휴 자격은 해당하지 않음.",3,UC301 | UC302 | UC303,노리2 체크카드(Global) | 신한카드 Mr.Life | 국민행복 삼성카드 V2,노리2 체크카드(Global):구독·배달·소액생활 | 신한카드 Mr.Life:외식·온라인쇼핑·병원/약국 | 국민행복 삼성카드 V2:육아·마트·보험·병원·관리비·통신,persona3-026,persona3-026,2026-06,2026-06-22T19:35:00,이마트,마트/쇼핑,대형마트 및 쇼핑,MART_SHOPPING,88500,7700,80800,신용카드,CARD,APPROVED,이마트 결제 · 마트/쇼핑 카테고리,,UC303,718,국민행복 삼성카드 V2,삼성카드,가족 공동카드,육아·마트·보험·병원·관리비·통신,,6677,신용카드,,0,30000.0,,https://www.card-gorilla.com/card/detail/718,2073100,1631400,Y,UC303,718.0,국민행복 삼성카드 V2,삼성카드,가족 공동카드,육아·마트·보험·병원·관리비·통신,,신용카드,,0.0,30000.0,2073100.0,1631400.0,Y,BENEFIT_RECEIVED,BENEFIT_APPLIED,7700,7700,0,,7%,10000.0,7800.0,100.0,SYNTHETIC_RULE_MATCHING_V1,718-02,마트/쇼핑 맞춤 혜택,마트/쇼핑,97,할인,%,7.0,,,,10000.0,,,PICKA 표준 혜택 카테고리 '마트/쇼핑' 시연 데이터,https://www.card-gorilla.com/card/detail/718,DISCOUNT_APPLIED,국민행복 삼성카드 V2 | 백화점·프리미엄 아울렛·할인점·온라인쇼핑몰·생활잡화·신선식품 배송 7% 결제일할인,7700.0,KRW
ONE_TRANSACTION_PER_ROW,persona3,이지훈,persona3@picka.app,36,1991-09-25,010-0525-3345,쿠팡 와우 멤버십|신세계포인트|CJ ONE|해피포인트|LG U+ 멤버십,ADULT,MID_30S,남성,직장인,경기도 수원시,False,경기도,수원시,1,2026-07-24,"[{""order"":1,""label"":""첫째"",""birth_date"":""2025-08-24"",""exact_age"":""만 0세 11개월 0일"",""school_stage"":""영아""}]",첫째,2025-08-24,만 0세 11개월 0일,영아,,,,,"11개월 아기 양육 중, 가족 중심의 소비",3000000,2026-05~2026-07,"가족 공동카드는 육아·마트·병원·보험·공과금에, 개인카드는 구독·배달·외식 등에 구분해 혜택 비교",False,False,False,False,True,False,PRIVATE_EMPLOYEE | HOUSEHOLD_REPRESENTATIVE,KT,CAR,False,True,NONE,EMART,True,True,1,INFANT,VERIFIED,"36세 직장인·영아 양육 가구 대표. KT·자가용·하이패스·이마트 이용자이며, 육아 지원 카드 검토 대상. 경차·군인·복지·K-패스·항공사 제휴 자격은 해당하지 않음.",3,UC301 | UC302 | UC303,노리2 체크카드(Global) | 신한카드 Mr.Life | 국민행복 삼성카드 V2,노리2 체크카드(Global):구독·배달·소액생활 | 신한카드 Mr.Life:외식·온라인쇼핑·병원/약국 | 국민행복 삼성카드 V2:육아·마트·보험·병원·관리비·통신,persona3-027,persona3-027,2026-06,2026-06-23T16:20:00,소아청소년과,의료,병원 및 약국,MEDICAL,24300,0,24300,신용카드,CARD,APPROVED,소아청소년과 결제 · 병원/약국 카테고리,,UC303,718,국민행복 삼성카드 V2,삼성카드,가족 공동카드,육아·마트·보험·병원·관리비·통신,,6677,신용카드,,0,30000.0,,https://www.card-gorilla.com/card/detail/718,2073100,1631400,Y,UC302,13.0,신한카드 Mr.Life,신한카드,개인 신용카드,외식·온라인쇼핑·병원/약국,,신용카드,,300000.0,54000.0,516400.0,1224200.0,Y,WRONG_CARD_BEFORE_PICKA,BEFORE_PICKA,0,600,600,픽카 이용 전 다른 카드를 사용하여 받을 수 있었던 혜택을 놓침,10%,5000.0,,,SYNTHETIC_RULE_MATCHING_V1,13-03,병원/약국 맞춤 혜택,병원/약국,12,할인,%,10.0,300000.0,,1000.0,5000.0,,,PICKA 표준 혜택 카테고리 '병원/약국' 시연 데이터,https://www.card-gorilla.com/card/detail/13,MISSED_WRONG_CARD,신한카드 Mr.Life | 병원/약국업종 10% 할인 (전월실적 30만원 이상),600.0,KRW
ONE_TRANSACTION_PER_ROW,persona3,이지훈,persona3@picka.app,36,1991-09-25,010-0525-3345,쿠팡 와우 멤버십|신세계포인트|CJ ONE|해피포인트|LG U+ 멤버십,ADULT,MID_30S,남성,직장인,경기도 수원시,False,경기도,수원시,1,2026-07-24,"[{""order"":1,""label"":""첫째"",""birth_date"":""2025-08-24"",""exact_age"":""만 0세 11개월 0일"",""school_stage"":""영아""}]",첫째,2025-08-24,만 0세 11개월 0일,영아,,,,,"11개월 아기 양육 중, 가족 중심의 소비",3000000,2026-05~2026-07,"가족 공동카드는 육아·마트·병원·보험·공과금에, 개인카드는 구독·배달·외식 등에 구분해 혜택 비교",False,False,False,False,True,False,PRIVATE_EMPLOYEE | HOUSEHOLD_REPRESENTATIVE,KT,CAR,False,True,NONE,EMART,True,True,1,INFANT,VERIFIED,"36세 직장인·영아 양육 가구 대표. KT·자가용·하이패스·이마트 이용자이며, 육아 지원 카드 검토 대상. 경차·군인·복지·K-패스·항공사 제휴 자격은 해당하지 않음.",3,UC301 | UC302 | UC303,노리2 체크카드(Global) | 신한카드 Mr.Life | 국민행복 삼성카드 V2,노리2 체크카드(Global):구독·배달·소액생활 | 신한카드 Mr.Life:외식·온라인쇼핑·병원/약국 | 국민행복 삼성카드 V2:육아·마트·보험·병원·관리비·통신,persona3-028,persona3-028,2026-06,2026-06-25T00:10:00,서울도시가스,공과금,생활요금,UTILITIES,100400,0,100400,신용카드,CARD,APPROVED,서울도시가스 결제 · 공과금/생활요금 카테고리,,UC303,718,국민행복 삼성카드 V2,삼성카드,가족 공동카드,육아·마트·보험·병원·관리비·통신,,6677,신용카드,,0,30000.0,,https://www.card-gorilla.com/card/detail/718,2073100,1631400,Y,UC303,718.0,국민행복 삼성카드 V2,삼성카드,가족 공동카드,육아·마트·보험·병원·관리비·통신,,신용카드,,0.0,30000.0,2073100.0,1631400.0,Y,CAP_EXHAUSTED,CARD_LIMIT_EXHAUSTED,0,8800,8800,월 할인한도 소진으로 혜택 미적용,7%,10000.0,0.0,0.0,SYNTHETIC_RULE_MATCHING_V1,718-04,공과금/생활요금 맞춤 혜택,공과금/생활요금,3,할인,%,7.0,,,,10000.0,,,PICKA 표준 혜택 카테고리 '공과금/생활요금' 시연 데이터,https://www.card-gorilla.com/card/detail/718,MISSED_CAP_EXHAUSTED,국민행복 삼성카드 V2 | 아파트 관리비·도시가스요금·전기요금·4대 사회보험·보험·통신·렌탈 자동납부 연결 시 7% 결제일할인,8800.0,KRW
ONE_TRANSACTION_PER_ROW,persona3,이지훈,persona3@picka.app,36,1991-09-25,010-0525-3345,쿠팡 와우 멤버십|신세계포인트|CJ ONE|해피포인트|LG U+ 멤버십,ADULT,MID_30S,남성,직장인,경기도 수원시,False,경기도,수원시,1,2026-07-24,"[{""order"":1,""label"":""첫째"",""birth_date"":""2025-08-24"",""exact_age"":""만 0세 11개월 0일"",""school_stage"":""영아""}]",첫째,2025-08-24,만 0세 11개월 0일,영아,,,,,"11개월 아기 양육 중, 가족 중심의 소비",3000000,2026-05~2026-07,"가족 공동카드는 육아·마트·병원·보험·공과금에, 개인카드는 구독·배달·외식 등에 구분해 혜택 비교",False,False,False,False,True,False,PRIVATE_EMPLOYEE | HOUSEHOLD_REPRESENTATIVE,KT,CAR,False,True,NONE,EMART,True,True,1,INFANT,VERIFIED,"36세 직장인·영아 양육 가구 대표. KT·자가용·하이패스·이마트 이용자이며, 육아 지원 카드 검토 대상. 경차·군인·복지·K-패스·항공사 제휴 자격은 해당하지 않음.",3,UC301 | UC302 | UC303,노리2 체크카드(Global) | 신한카드 Mr.Life | 국민행복 삼성카드 V2,노리2 체크카드(Global):구독·배달·소액생활 | 신한카드 Mr.Life:외식·온라인쇼핑·병원/약국 | 국민행복 삼성카드 V2:육아·마트·보험·병원·관리비·통신,persona3-029,persona3-029,2026-06,2026-06-25T09:00:00,대한항공 가족 항공권,항공,가족 여행 항공권,AIRLINE_MILEAGE,1079500,0,1079500,자동이체,BANK_AUTO,APPROVED,대한항공 가족 항공권 결제 · 항공/마일리지 카테고리,주택담보대출 원리금은 카드 결제·추천 대상에서 제외,UC302,13,신한카드 Mr.Life,신한카드,개인 신용카드,외식·온라인쇼핑·병원/약국,,4456,신용카드,,300000,54000.0,,https://www.card-gorilla.com/card/detail/13,516400,1224200,Y,UC303,718.0,국민행복 삼성카드 V2,삼성카드,가족 공동카드,육아·마트·보험·병원·관리비·통신,,신용카드,,0.0,30000.0,2073100.0,1631400.0,Y,WRONG_CARD_BEFORE_PICKA,BEFORE_PICKA,0,24600,24600,픽카 이용 전 다른 카드를 사용하여 받을 수 있었던 혜택을 놓침,7%,10000.0,,,SYNTHETIC_RULE_MATCHING_V1,718-04,항공/마일리지 맞춤 혜택,항공/마일리지,4,할인,%,7.0,,,,10000.0,,,PICKA 표준 혜택 카테고리 '항공/마일리지' 시연 데이터,https://www.card-gorilla.com/card/detail/718,MISSED_WRONG_CARD,국민행복 삼성카드 V2 | 아파트 관리비·도시가스요금·전기요금·4대 사회보험·보험·통신·렌탈 자동납부 연결 시 7% 결제일할인,24600.0,KRW
ONE_TRANSACTION_PER_ROW,persona3,이지훈,persona3@picka.app,36,1991-09-25,010-0525-3345,쿠팡 와우 멤버십|신세계포인트|CJ ONE|해피포인트|LG U+ 멤버십,ADULT,MID_30S,남성,직장인,경기도 수원시,False,경기도,수원시,1,2026-07-24,"[{""order"":1,""label"":""첫째"",""birth_date"":""2025-08-24"",""exact_age"":""만 0세 11개월 0일"",""school_stage"":""영아""}]",첫째,2025-08-24,만 0세 11개월 0일,영아,,,,,"11개월 아기 양육 중, 가족 중심의 소비",3000000,2026-05~2026-07,"가족 공동카드는 육아·마트·병원·보험·공과금에, 개인카드는 구독·배달·외식 등에 구분해 혜택 비교",False,False,False,False,True,False,PRIVATE_EMPLOYEE | HOUSEHOLD_REPRESENTATIVE,KT,CAR,False,True,NONE,EMART,True,True,1,INFANT,VERIFIED,"36세 직장인·영아 양육 가구 대표. KT·자가용·하이패스·이마트 이용자이며, 육아 지원 카드 검토 대상. 경차·군인·복지·K-패스·항공사 제휴 자격은 해당하지 않음.",3,UC301 | UC302 | UC303,노리2 체크카드(Global) | 신한카드 Mr.Life | 국민행복 삼성카드 V2,노리2 체크카드(Global):구독·배달·소액생활 | 신한카드 Mr.Life:외식·온라인쇼핑·병원/약국 | 국민행복 삼성카드 V2:육아·마트·보험·병원·관리비·통신,persona3-030,persona3-030,2026-06,2026-06-25T22:25:00,넷플릭스,구독,정기 구독,SUBSCRIPTION_MEMBERSHIP,29800,0,29800,신용카드,CARD,APPROVED,넷플릭스 결제 · 구독/멤버십 카테고리,,UC303,718,국민행복 삼성카드 V2,삼성카드,가족 공동카드,육아·마트·보험·병원·관리비·통신,,6677,신용카드,,0,30000.0,,https://www.card-gorilla.com/card/detail/718,2073100,1631400,Y,UC302,13.0,신한카드 Mr.Life,신한카드,개인 신용카드,외식·온라인쇼핑·병원/약국,,신용카드,,300000.0,54000.0,516400.0,1224200.0,Y,WRONG_CARD_BEFORE_PICKA,BEFORE_PICKA,0,700,700,픽카 이용 전 다른 카드를 사용하여 받을 수 있었던 혜택을 놓침,20%,54000.0,,,SYNTHETIC_RULE_MATCHING_V1,13-10,구독/멤버십 맞춤 혜택,구독/멤버십,44,할인,%,20.0,300000.0,,,,,,PICKA 표준 혜택 카테고리 '구독/멤버십' 시연 데이터,https://www.card-gorilla.com/card/detail/13,MISSED_WRONG_CARD,신한카드 Mr.Life | 인테이크몰 20% 할인 (전월실적 30만원 이상),700.0,KRW
ONE_TRANSACTION_PER_ROW,persona3,이지훈,persona3@picka.app,36,1991-09-25,010-0525-3345,쿠팡 와우 멤버십|신세계포인트|CJ ONE|해피포인트|LG U+ 멤버십,ADULT,MID_30S,남성,직장인,경기도 수원시,False,경기도,수원시,1,2026-07-24,"[{""order"":1,""label"":""첫째"",""birth_date"":""2025-08-24"",""exact_age"":""만 0세 11개월 0일"",""school_stage"":""영아""}]",첫째,2025-08-24,만 0세 11개월 0일,영아,,,,,"11개월 아기 양육 중, 가족 중심의 소비",3000000,2026-05~2026-07,"가족 공동카드는 육아·마트·병원·보험·공과금에, 개인카드는 구독·배달·외식 등에 구분해 혜택 비교",False,False,False,False,True,False,PRIVATE_EMPLOYEE | HOUSEHOLD_REPRESENTATIVE,KT,CAR,False,True,NONE,EMART,True,True,1,INFANT,VERIFIED,"36세 직장인·영아 양육 가구 대표. KT·자가용·하이패스·이마트 이용자이며, 육아 지원 카드 검토 대상. 경차·군인·복지·K-패스·항공사 제휴 자격은 해당하지 않음.",3,UC301 | UC302 | UC303,노리2 체크카드(Global) | 신한카드 Mr.Life | 국민행복 삼성카드 V2,노리2 체크카드(Global):구독·배달·소액생활 | 신한카드 Mr.Life:외식·온라인쇼핑·병원/약국 | 국민행복 삼성카드 V2:육아·마트·보험·병원·관리비·통신,persona3-031,persona3-031,2026-06,2026-06-26T23:00:00,무인양품,생활,생활용품,LIVING,35500,0,35500,신용카드,CARD,APPROVED,무인양품 결제 · 생활 카테고리,,UC303,718,국민행복 삼성카드 V2,삼성카드,가족 공동카드,육아·마트·보험·병원·관리비·통신,,6677,신용카드,,0,30000.0,,https://www.card-gorilla.com/card/detail/718,2073100,1631400,Y,UC302,13.0,신한카드 Mr.Life,신한카드,개인 신용카드,외식·온라인쇼핑·병원/약국,,신용카드,,300000.0,54000.0,516400.0,1224200.0,Y,WRONG_CARD_BEFORE_PICKA,BEFORE_PICKA,0,800,800,픽카 이용 전 다른 카드를 사용하여 받을 수 있었던 혜택을 놓침,20%,54000.0,,,SYNTHETIC_RULE_MATCHING_V1,13-10,생활 맞춤 혜택,생활,22,할인,%,20.0,300000.0,,,,,,PICKA 표준 혜택 카테고리 '생활' 시연 데이터,https://www.card-gorilla.com/card/detail/13,MISSED_WRONG_CARD,신한카드 Mr.Life | 인테이크몰 20% 할인 (전월실적 30만원 이상),800.0,KRW
ONE_TRANSACTION_PER_ROW,persona3,이지훈,persona3@picka.app,36,1991-09-25,010-0525-3345,쿠팡 와우 멤버십|신세계포인트|CJ ONE|해피포인트|LG U+ 멤버십,ADULT,MID_30S,남성,직장인,경기도 수원시,False,경기도,수원시,1,2026-07-24,"[{""order"":1,""label"":""첫째"",""birth_date"":""2025-08-24"",""exact_age"":""만 0세 11개월 0일"",""school_stage"":""영아""}]",첫째,2025-08-24,만 0세 11개월 0일,영아,,,,,"11개월 아기 양육 중, 가족 중심의 소비",3000000,2026-05~2026-07,"가족 공동카드는 육아·마트·병원·보험·공과금에, 개인카드는 구독·배달·외식 등에 구분해 혜택 비교",False,False,False,False,True,False,PRIVATE_EMPLOYEE | HOUSEHOLD_REPRESENTATIVE,KT,CAR,False,True,NONE,EMART,True,True,1,INFANT,VERIFIED,"36세 직장인·영아 양육 가구 대표. KT·자가용·하이패스·이마트 이용자이며, 육아 지원 카드 검토 대상. 경차·군인·복지·K-패스·항공사 제휴 자격은 해당하지 않음.",3,UC301 | UC302 | UC303,노리2 체크카드(Global) | 신한카드 Mr.Life | 국민행복 삼성카드 V2,노리2 체크카드(Global):구독·배달·소액생활 | 신한카드 Mr.Life:외식·온라인쇼핑·병원/약국 | 국민행복 삼성카드 V2:육아·마트·보험·병원·관리비·통신,persona3-032,persona3-032,2026-06,2026-06-27T12:00:00,SK텔레콤,통신,이동통신요금,TELECOM,73000,3300,69700,신용카드,CARD,APPROVED,SK텔레콤 결제 · 통신 카테고리,,UC302,13,신한카드 Mr.Life,신한카드,개인 신용카드,외식·온라인쇼핑·병원/약국,,4456,신용카드,,300000,54000.0,,https://www.card-gorilla.com/card/detail/13,516400,1224200,Y,UC302,13.0,신한카드 Mr.Life,신한카드,개인 신용카드,외식·온라인쇼핑·병원/약국,,신용카드,,300000.0,54000.0,516400.0,1224200.0,Y,BENEFIT_RECEIVED,BENEFIT_APPLIED,3300,6400,3100,,10%,5000.0,3300.0,0.0,SYNTHETIC_RULE_MATCHING_V1,13-04,통신 맞춤 혜택,통신,9,할인,%,10.0,300000.0,,1000.0,5000.0,,,PICKA 표준 혜택 카테고리 '통신' 시연 데이터,https://www.card-gorilla.com/card/detail/13,DISCOUNT_APPLIED,신한카드 Mr.Life | 세탁소 업종 10% 할인 (전월실적 30만원 이상),6400.0,KRW
ONE_TRANSACTION_PER_ROW,persona3,이지훈,persona3@picka.app,36,1991-09-25,010-0525-3345,쿠팡 와우 멤버십|신세계포인트|CJ ONE|해피포인트|LG U+ 멤버십,ADULT,MID_30S,남성,직장인,경기도 수원시,False,경기도,수원시,1,2026-07-24,"[{""order"":1,""label"":""첫째"",""birth_date"":""2025-08-24"",""exact_age"":""만 0세 11개월 0일"",""school_stage"":""영아""}]",첫째,2025-08-24,만 0세 11개월 0일,영아,,,,,"11개월 아기 양육 중, 가족 중심의 소비",3000000,2026-05~2026-07,"가족 공동카드는 육아·마트·병원·보험·공과금에, 개인카드는 구독·배달·외식 등에 구분해 혜택 비교",False,False,False,False,True,False,PRIVATE_EMPLOYEE | HOUSEHOLD_REPRESENTATIVE,KT,CAR,False,True,NONE,EMART,True,True,1,INFANT,VERIFIED,"36세 직장인·영아 양육 가구 대표. KT·자가용·하이패스·이마트 이용자이며, 육아 지원 카드 검토 대상. 경차·군인·복지·K-패스·항공사 제휴 자격은 해당하지 않음.",3,UC301 | UC302 | UC303,노리2 체크카드(Global) | 신한카드 Mr.Life | 국민행복 삼성카드 V2,노리2 체크카드(Global):구독·배달·소액생활 | 신한카드 Mr.Life:외식·온라인쇼핑·병원/약국 | 국민행복 삼성카드 V2:육아·마트·보험·병원·관리비·통신,persona3-033,persona3-033,2026-06,2026-06-28T09:00:00,소아 발달센터,교육/육아,교육 및 육아,EDUCATION_CHILDCARE,165700,0,165700,신용카드,CARD,APPROVED,소아 발달센터 결제 · 교육/육아 카테고리,,UC303,718,국민행복 삼성카드 V2,삼성카드,가족 공동카드,육아·마트·보험·병원·관리비·통신,,6677,신용카드,,0,30000.0,,https://www.card-gorilla.com/card/detail/718,2073100,1631400,Y,UC303,718.0,국민행복 삼성카드 V2,삼성카드,가족 공동카드,육아·마트·보험·병원·관리비·통신,,신용카드,,0.0,30000.0,2073100.0,1631400.0,Y,CAP_EXHAUSTED,CARD_LIMIT_EXHAUSTED,0,3800,3800,월 할인한도 소진으로 혜택 미적용,7%,10000.0,0.0,0.0,SYNTHETIC_RULE_MATCHING_V1,718-04,교육/육아 맞춤 혜택,교육/육아,14,할인,%,7.0,,,,10000.0,,,PICKA 표준 혜택 카테고리 '교육/육아' 시연 데이터,https://www.card-gorilla.com/card/detail/718,MISSED_CAP_EXHAUSTED,국민행복 삼성카드 V2 | 아파트 관리비·도시가스요금·전기요금·4대 사회보험·보험·통신·렌탈 자동납부 연결 시 7% 결제일할인,3800.0,KRW
ONE_TRANSACTION_PER_ROW,persona3,이지훈,persona3@picka.app,36,1991-09-25,010-0525-3345,쿠팡 와우 멤버십|신세계포인트|CJ ONE|해피포인트|LG U+ 멤버십,ADULT,MID_30S,남성,직장인,경기도 수원시,False,경기도,수원시,1,2026-07-24,"[{""order"":1,""label"":""첫째"",""birth_date"":""2025-08-24"",""exact_age"":""만 0세 11개월 0일"",""school_stage"":""영아""}]",첫째,2025-08-24,만 0세 11개월 0일,영아,,,,,"11개월 아기 양육 중, 가족 중심의 소비",3000000,2026-05~2026-07,"가족 공동카드는 육아·마트·병원·보험·공과금에, 개인카드는 구독·배달·외식 등에 구분해 혜택 비교",False,False,False,False,True,False,PRIVATE_EMPLOYEE | HOUSEHOLD_REPRESENTATIVE,KT,CAR,False,True,NONE,EMART,True,True,1,INFANT,VERIFIED,"36세 직장인·영아 양육 가구 대표. KT·자가용·하이패스·이마트 이용자이며, 육아 지원 카드 검토 대상. 경차·군인·복지·K-패스·항공사 제휴 자격은 해당하지 않음.",3,UC301 | UC302 | UC303,노리2 체크카드(Global) | 신한카드 Mr.Life | 국민행복 삼성카드 V2,노리2 체크카드(Global):구독·배달·소액생활 | 신한카드 Mr.Life:외식·온라인쇼핑·병원/약국 | 국민행복 삼성카드 V2:육아·마트·보험·병원·관리비·통신,persona3-034,persona3-034,2026-06,2026-06-29T10:30:00,아이사랑몰,교육/육아,교육 및 육아,EDUCATION_CHILDCARE,45600,1000,44600,신용카드,CARD,APPROVED,아이사랑몰 결제 · 교육/육아 카테고리,,UC303,718,국민행복 삼성카드 V2,삼성카드,가족 공동카드,육아·마트·보험·병원·관리비·통신,,6677,신용카드,,0,30000.0,,https://www.card-gorilla.com/card/detail/718,2073100,1631400,Y,UC303,718.0,국민행복 삼성카드 V2,삼성카드,가족 공동카드,육아·마트·보험·병원·관리비·통신,,신용카드,,0.0,30000.0,2073100.0,1631400.0,Y,BENEFIT_RECEIVED,BENEFIT_APPLIED,1000,1000,0,,7%,10000.0,10000.0,9000.0,SYNTHETIC_RULE_MATCHING_V1,718-03,교육/육아 맞춤 혜택,교육/육아,14,할인,%,7.0,,,,10000.0,,,PICKA 표준 혜택 카테고리 '교육/육아' 시연 데이터,https://www.card-gorilla.com/card/detail/718,DISCOUNT_APPLIED,국민행복 삼성카드 V2 | 의료·산후조리원·학원·학습지·온라인서점·어린이집·유치원·주유 7% 결제일할인,1000.0,KRW
ONE_TRANSACTION_PER_ROW,persona3,이지훈,persona3@picka.app,36,1991-09-25,010-0525-3345,쿠팡 와우 멤버십|신세계포인트|CJ ONE|해피포인트|LG U+ 멤버십,ADULT,MID_30S,남성,직장인,경기도 수원시,False,경기도,수원시,1,2026-07-24,"[{""order"":1,""label"":""첫째"",""birth_date"":""2025-08-24"",""exact_age"":""만 0세 11개월 0일"",""school_stage"":""영아""}]",첫째,2025-08-24,만 0세 11개월 0일,영아,,,,,"11개월 아기 양육 중, 가족 중심의 소비",3000000,2026-05~2026-07,"가족 공동카드는 육아·마트·병원·보험·공과금에, 개인카드는 구독·배달·외식 등에 구분해 혜택 비교",False,False,False,False,True,False,PRIVATE_EMPLOYEE | HOUSEHOLD_REPRESENTATIVE,KT,CAR,False,True,NONE,EMART,True,True,1,INFANT,VERIFIED,"36세 직장인·영아 양육 가구 대표. KT·자가용·하이패스·이마트 이용자이며, 육아 지원 카드 검토 대상. 경차·군인·복지·K-패스·항공사 제휴 자격은 해당하지 않음.",3,UC301 | UC302 | UC303,노리2 체크카드(Global) | 신한카드 Mr.Life | 국민행복 삼성카드 V2,노리2 체크카드(Global):구독·배달·소액생활 | 신한카드 Mr.Life:외식·온라인쇼핑·병원/약국 | 국민행복 삼성카드 V2:육아·마트·보험·병원·관리비·통신,persona3-035,persona3-035,2026-06,2026-06-29T17:00:00,홈플러스,마트/쇼핑,대형마트 및 쇼핑,MART_SHOPPING,83500,0,83500,신용카드,CARD,APPROVED,홈플러스 결제 · 마트/쇼핑 카테고리,,UC303,718,국민행복 삼성카드 V2,삼성카드,가족 공동카드,육아·마트·보험·병원·관리비·통신,,6677,신용카드,,0,30000.0,,https://www.card-gorilla.com/card/detail/718,2073100,1631400,Y,UC302,13.0,신한카드 Mr.Life,신한카드,개인 신용카드,외식·온라인쇼핑·병원/약국,,신용카드,,300000.0,54000.0,516400.0,1224200.0,Y,WRONG_CARD_BEFORE_PICKA,BEFORE_PICKA,0,1900,1900,픽카 이용 전 다른 카드를 사용하여 받을 수 있었던 혜택을 놓침,20%,54000.0,,,SYNTHETIC_RULE_MATCHING_V1,13-10,마트/쇼핑 맞춤 혜택,마트/쇼핑,97,할인,%,20.0,300000.0,,,,,,PICKA 표준 혜택 카테고리 '마트/쇼핑' 시연 데이터,https://www.card-gorilla.com/card/detail/13,MISSED_WRONG_CARD,신한카드 Mr.Life | 인테이크몰 20% 할인 (전월실적 30만원 이상),1900.0,KRW
ONE_TRANSACTION_PER_ROW,persona3,이지훈,persona3@picka.app,36,1991-09-25,010-0525-3345,쿠팡 와우 멤버십|신세계포인트|CJ ONE|해피포인트|LG U+ 멤버십,ADULT,MID_30S,남성,직장인,경기도 수원시,False,경기도,수원시,1,2026-07-24,"[{""order"":1,""label"":""첫째"",""birth_date"":""2025-08-24"",""exact_age"":""만 0세 11개월 0일"",""school_stage"":""영아""}]",첫째,2025-08-24,만 0세 11개월 0일,영아,,,,,"11개월 아기 양육 중, 가족 중심의 소비",3000000,2026-05~2026-07,"가족 공동카드는 육아·마트·병원·보험·공과금에, 개인카드는 구독·배달·외식 등에 구분해 혜택 비교",False,False,False,False,True,False,PRIVATE_EMPLOYEE | HOUSEHOLD_REPRESENTATIVE,KT,CAR,False,True,NONE,EMART,True,True,1,INFANT,VERIFIED,"36세 직장인·영아 양육 가구 대표. KT·자가용·하이패스·이마트 이용자이며, 육아 지원 카드 검토 대상. 경차·군인·복지·K-패스·항공사 제휴 자격은 해당하지 않음.",3,UC301 | UC302 | UC303,노리2 체크카드(Global) | 신한카드 Mr.Life | 국민행복 삼성카드 V2,노리2 체크카드(Global):구독·배달·소액생활 | 신한카드 Mr.Life:외식·온라인쇼핑·병원/약국 | 국민행복 삼성카드 V2:육아·마트·보험·병원·관리비·통신,july26-persona3-0026,july26-persona3-0026,2026-07,2026-07-01T07:30:00,이마트,마트/쇼핑,대형마트 및 쇼핑,MART_SHOPPING,52300,3500,48800,신용카드,CARD,APPROVED,이마트 결제 · 마트/쇼핑 카테고리,,UC303,718,국민행복 삼성카드 V2,삼성카드,가족 공동카드,육아·마트·보험·병원·관리비·통신,,6677,신용카드,,0,30000.0,,https://www.card-gorilla.com/card/detail/718,1631400,1448500,Y,UC303,718.0,국민행복 삼성카드 V2,삼성카드,가족 공동카드,육아·마트·보험·병원·관리비·통신,,신용카드,,0.0,30000.0,1631400.0,1448500.0,Y,BENEFIT_RECEIVED,BENEFIT_APPLIED,3500,3500,0,,7%,10000.0,10000.0,6500.0,SYNTHETIC_RULE_MATCHING_V1,718-02,마트/쇼핑 맞춤 혜택,마트/쇼핑,97,할인,%,7.0,,,,10000.0,,,PICKA 표준 혜택 카테고리 '마트/쇼핑' 시연 데이터,https://www.card-gorilla.com/card/detail/718,DISCOUNT_APPLIED,국민행복 삼성카드 V2 | 백화점·프리미엄 아울렛·할인점·온라인쇼핑몰·생활잡화·신선식품 배송 7% 결제일할인,3500.0,KRW
ONE_TRANSACTION_PER_ROW,persona3,이지훈,persona3@picka.app,36,1991-09-25,010-0525-3345,쿠팡 와우 멤버십|신세계포인트|CJ ONE|해피포인트|LG U+ 멤버십,ADULT,MID_30S,남성,직장인,경기도 수원시,False,경기도,수원시,1,2026-07-24,"[{""order"":1,""label"":""첫째"",""birth_date"":""2025-08-24"",""exact_age"":""만 0세 11개월 0일"",""school_stage"":""영아""}]",첫째,2025-08-24,만 0세 11개월 0일,영아,,,,,"11개월 아기 양육 중, 가족 중심의 소비",3000000,2026-05~2026-07,"가족 공동카드는 육아·마트·병원·보험·공과금에, 개인카드는 구독·배달·외식 등에 구분해 혜택 비교",False,False,False,False,True,False,PRIVATE_EMPLOYEE | HOUSEHOLD_REPRESENTATIVE,KT,CAR,False,True,NONE,EMART,True,True,1,INFANT,VERIFIED,"36세 직장인·영아 양육 가구 대표. KT·자가용·하이패스·이마트 이용자이며, 육아 지원 카드 검토 대상. 경차·군인·복지·K-패스·항공사 제휴 자격은 해당하지 않음.",3,UC301 | UC302 | UC303,노리2 체크카드(Global) | 신한카드 Mr.Life | 국민행복 삼성카드 V2,노리2 체크카드(Global):구독·배달·소액생활 | 신한카드 Mr.Life:외식·온라인쇼핑·병원/약국 | 국민행복 삼성카드 V2:육아·마트·보험·병원·관리비·통신,july26-persona3-0005,july26-persona3-0005,2026-07,2026-07-02T18:15:00,넷플릭스,구독,정기 구독,SUBSCRIPTION_MEMBERSHIP,20200,0,20200,체크카드,CARD,APPROVED,넷플릭스 결제 · 구독/멤버십 카테고리,,UC301,2423,노리2 체크카드(Global),KB국민카드,개인 체크카드,구독·배달·소액생활,,4455,체크카드,,200000,70000.0,,https://www.card-gorilla.com/card/detail/2423,28500,388700,N,UC303,718.0,국민행복 삼성카드 V2,삼성카드,가족 공동카드,육아·마트·보험·병원·관리비·통신,,신용카드,,0.0,30000.0,1631400.0,1448500.0,Y,WRONG_CARD_BEFORE_PICKA,BEFORE_PICKA,0,400,400,픽카 이용 전 다른 카드를 사용하여 받을 수 있었던 혜택을 놓침,7%,10000.0,,,SYNTHETIC_RULE_MATCHING_V1,718-02,구독/멤버십 맞춤 혜택,구독/멤버십,44,할인,%,7.0,,,,10000.0,,,PICKA 표준 혜택 카테고리 '구독/멤버십' 시연 데이터,https://www.card-gorilla.com/card/detail/718,MISSED_WRONG_CARD,국민행복 삼성카드 V2 | 백화점·프리미엄 아울렛·할인점·온라인쇼핑몰·생활잡화·신선식품 배송 7% 결제일할인,400.0,KRW
ONE_TRANSACTION_PER_ROW,persona3,이지훈,persona3@picka.app,36,1991-09-25,010-0525-3345,쿠팡 와우 멤버십|신세계포인트|CJ ONE|해피포인트|LG U+ 멤버십,ADULT,MID_30S,남성,직장인,경기도 수원시,False,경기도,수원시,1,2026-07-24,"[{""order"":1,""label"":""첫째"",""birth_date"":""2025-08-24"",""exact_age"":""만 0세 11개월 0일"",""school_stage"":""영아""}]",첫째,2025-08-24,만 0세 11개월 0일,영아,,,,,"11개월 아기 양육 중, 가족 중심의 소비",3000000,2026-05~2026-07,"가족 공동카드는 육아·마트·병원·보험·공과금에, 개인카드는 구독·배달·외식 등에 구분해 혜택 비교",False,False,False,False,True,False,PRIVATE_EMPLOYEE | HOUSEHOLD_REPRESENTATIVE,KT,CAR,False,True,NONE,EMART,True,True,1,INFANT,VERIFIED,"36세 직장인·영아 양육 가구 대표. KT·자가용·하이패스·이마트 이용자이며, 육아 지원 카드 검토 대상. 경차·군인·복지·K-패스·항공사 제휴 자격은 해당하지 않음.",3,UC301 | UC302 | UC303,노리2 체크카드(Global) | 신한카드 Mr.Life | 국민행복 삼성카드 V2,노리2 체크카드(Global):구독·배달·소액생활 | 신한카드 Mr.Life:외식·온라인쇼핑·병원/약국 | 국민행복 삼성카드 V2:육아·마트·보험·병원·관리비·통신,july26-persona3-0035,july26-persona3-0035,2026-07,2026-07-02T22:00:00,홈플러스,마트/쇼핑,대형마트 및 쇼핑,MART_SHOPPING,84400,0,84400,신용카드,CARD,APPROVED,홈플러스 결제 · 마트/쇼핑 카테고리,,UC302,13,신한카드 Mr.Life,신한카드,개인 신용카드,외식·온라인쇼핑·병원/약국,,4456,신용카드,,300000,54000.0,,https://www.card-gorilla.com/card/detail/13,1224200,1075800,Y,UC303,718.0,국민행복 삼성카드 V2,삼성카드,가족 공동카드,육아·마트·보험·병원·관리비·통신,,신용카드,,0.0,30000.0,1631400.0,1448500.0,Y,WRONG_CARD_BEFORE_PICKA,BEFORE_PICKA,0,1800,1800,픽카 이용 전 다른 카드를 사용하여 받을 수 있었던 혜택을 놓침,7%,10000.0,,,SYNTHETIC_RULE_MATCHING_V1,718-02,마트/쇼핑 맞춤 혜택,마트/쇼핑,97,할인,%,7.0,,,,10000.0,,,PICKA 표준 혜택 카테고리 '마트/쇼핑' 시연 데이터,https://www.card-gorilla.com/card/detail/718,MISSED_WRONG_CARD,국민행복 삼성카드 V2 | 백화점·프리미엄 아울렛·할인점·온라인쇼핑몰·생활잡화·신선식품 배송 7% 결제일할인,1800.0,KRW
ONE_TRANSACTION_PER_ROW,persona3,이지훈,persona3@picka.app,36,1991-09-25,010-0525-3345,쿠팡 와우 멤버십|신세계포인트|CJ ONE|해피포인트|LG U+ 멤버십,ADULT,MID_30S,남성,직장인,경기도 수원시,False,경기도,수원시,1,2026-07-24,"[{""order"":1,""label"":""첫째"",""birth_date"":""2025-08-24"",""exact_age"":""만 0세 11개월 0일"",""school_stage"":""영아""}]",첫째,2025-08-24,만 0세 11개월 0일,영아,,,,,"11개월 아기 양육 중, 가족 중심의 소비",3000000,2026-05~2026-07,"가족 공동카드는 육아·마트·병원·보험·공과금에, 개인카드는 구독·배달·외식 등에 구분해 혜택 비교",False,False,False,False,True,False,PRIVATE_EMPLOYEE | HOUSEHOLD_REPRESENTATIVE,KT,CAR,False,True,NONE,EMART,True,True,1,INFANT,VERIFIED,"36세 직장인·영아 양육 가구 대표. KT·자가용·하이패스·이마트 이용자이며, 육아 지원 카드 검토 대상. 경차·군인·복지·K-패스·항공사 제휴 자격은 해당하지 않음.",3,UC301 | UC302 | UC303,노리2 체크카드(Global) | 신한카드 Mr.Life | 국민행복 삼성카드 V2,노리2 체크카드(Global):구독·배달·소액생활 | 신한카드 Mr.Life:외식·온라인쇼핑·병원/약국 | 국민행복 삼성카드 V2:육아·마트·보험·병원·관리비·통신,july26-persona3-0008,july26-persona3-0008,2026-07,2026-07-04T16:10:00,롯데마트,마트/쇼핑,대형마트 및 쇼핑,MART_SHOPPING,51000,3400,47600,신용카드,CARD,APPROVED,롯데마트 결제 · 마트/쇼핑 카테고리,,UC303,718,국민행복 삼성카드 V2,삼성카드,가족 공동카드,육아·마트·보험·병원·관리비·통신,,6677,신용카드,,0,30000.0,,https://www.card-gorilla.com/card/detail/718,1631400,1448500,Y,UC303,718.0,국민행복 삼성카드 V2,삼성카드,가족 공동카드,육아·마트·보험·병원·관리비·통신,,신용카드,,0.0,30000.0,1631400.0,1448500.0,Y,BENEFIT_RECEIVED,BENEFIT_APPLIED,3400,3400,0,,7%,10000.0,6500.0,3100.0,SYNTHETIC_RULE_MATCHING_V1,718-02,마트/쇼핑 맞춤 혜택,마트/쇼핑,97,할인,%,7.0,,,,10000.0,,,PICKA 표준 혜택 카테고리 '마트/쇼핑' 시연 데이터,https://www.card-gorilla.com/card/detail/718,DISCOUNT_APPLIED,국민행복 삼성카드 V2 | 백화점·프리미엄 아울렛·할인점·온라인쇼핑몰·생활잡화·신선식품 배송 7% 결제일할인,3400.0,KRW
ONE_TRANSACTION_PER_ROW,persona3,이지훈,persona3@picka.app,36,1991-09-25,010-0525-3345,쿠팡 와우 멤버십|신세계포인트|CJ ONE|해피포인트|LG U+ 멤버십,ADULT,MID_30S,남성,직장인,경기도 수원시,False,경기도,수원시,1,2026-07-24,"[{""order"":1,""label"":""첫째"",""birth_date"":""2025-08-24"",""exact_age"":""만 0세 11개월 0일"",""school_stage"":""영아""}]",첫째,2025-08-24,만 0세 11개월 0일,영아,,,,,"11개월 아기 양육 중, 가족 중심의 소비",3000000,2026-05~2026-07,"가족 공동카드는 육아·마트·병원·보험·공과금에, 개인카드는 구독·배달·외식 등에 구분해 혜택 비교",False,False,False,False,True,False,PRIVATE_EMPLOYEE | HOUSEHOLD_REPRESENTATIVE,KT,CAR,False,True,NONE,EMART,True,True,1,INFANT,VERIFIED,"36세 직장인·영아 양육 가구 대표. KT·자가용·하이패스·이마트 이용자이며, 육아 지원 카드 검토 대상. 경차·군인·복지·K-패스·항공사 제휴 자격은 해당하지 않음.",3,UC301 | UC302 | UC303,노리2 체크카드(Global) | 신한카드 Mr.Life | 국민행복 삼성카드 V2,노리2 체크카드(Global):구독·배달·소액생활 | 신한카드 Mr.Life:외식·온라인쇼핑·병원/약국 | 국민행복 삼성카드 V2:육아·마트·보험·병원·관리비·통신,july26-persona3-0032,july26-persona3-0032,2026-07,2026-07-04T22:20:00,아이사랑몰,교육/육아,교육 및 육아,EDUCATION_CHILDCARE,51500,3500,48000,신용카드,CARD,APPROVED,아이사랑몰 결제 · 교육/육아 카테고리,,UC303,718,국민행복 삼성카드 V2,삼성카드,가족 공동카드,육아·마트·보험·병원·관리비·통신,,6677,신용카드,,0,30000.0,,https://www.card-gorilla.com/card/detail/718,1631400,1448500,Y,UC303,718.0,국민행복 삼성카드 V2,삼성카드,가족 공동카드,육아·마트·보험·병원·관리비·통신,,신용카드,,0.0,30000.0,1631400.0,1448500.0,Y,BENEFIT_RECEIVED,BENEFIT_APPLIED,3500,3500,0,,7%,10000.0,10000.0,6500.0,SYNTHETIC_RULE_MATCHING_V1,718-03,교육/육아 맞춤 혜택,교육/육아,14,할인,%,7.0,,,,10000.0,,,PICKA 표준 혜택 카테고리 '교육/육아' 시연 데이터,https://www.card-gorilla.com/card/detail/718,DISCOUNT_APPLIED,국민행복 삼성카드 V2 | 의료·산후조리원·학원·학습지·온라인서점·어린이집·유치원·주유 7% 결제일할인,3500.0,KRW
ONE_TRANSACTION_PER_ROW,persona3,이지훈,persona3@picka.app,36,1991-09-25,010-0525-3345,쿠팡 와우 멤버십|신세계포인트|CJ ONE|해피포인트|LG U+ 멤버십,ADULT,MID_30S,남성,직장인,경기도 수원시,False,경기도,수원시,1,2026-07-24,"[{""order"":1,""label"":""첫째"",""birth_date"":""2025-08-24"",""exact_age"":""만 0세 11개월 0일"",""school_stage"":""영아""}]",첫째,2025-08-24,만 0세 11개월 0일,영아,,,,,"11개월 아기 양육 중, 가족 중심의 소비",3000000,2026-05~2026-07,"가족 공동카드는 육아·마트·병원·보험·공과금에, 개인카드는 구독·배달·외식 등에 구분해 혜택 비교",False,False,False,False,True,False,PRIVATE_EMPLOYEE | HOUSEHOLD_REPRESENTATIVE,KT,CAR,False,True,NONE,EMART,True,True,1,INFANT,VERIFIED,"36세 직장인·영아 양육 가구 대표. KT·자가용·하이패스·이마트 이용자이며, 육아 지원 카드 검토 대상. 경차·군인·복지·K-패스·항공사 제휴 자격은 해당하지 않음.",3,UC301 | UC302 | UC303,노리2 체크카드(Global) | 신한카드 Mr.Life | 국민행복 삼성카드 V2,노리2 체크카드(Global):구독·배달·소액생활 | 신한카드 Mr.Life:외식·온라인쇼핑·병원/약국 | 국민행복 삼성카드 V2:육아·마트·보험·병원·관리비·통신,july26-persona3-0020,july26-persona3-0020,2026-07,2026-07-05T12:15:00,스타벅스,카페,카페 및 디저트,CAFE_DESSERT,24200,0,24200,체크카드,CARD,APPROVED,스타벅스 결제 · 카페/디저트 카테고리,,UC301,2423,노리2 체크카드(Global),KB국민카드,개인 체크카드,구독·배달·소액생활,,4455,체크카드,,200000,70000.0,,https://www.card-gorilla.com/card/detail/2423,28500,388700,N,UC303,718.0,국민행복 삼성카드 V2,삼성카드,가족 공동카드,육아·마트·보험·병원·관리비·통신,,신용카드,,0.0,30000.0,1631400.0,1448500.0,Y,WRONG_CARD_BEFORE_PICKA,BEFORE_PICKA,0,500,500,픽카 이용 전 다른 카드를 사용하여 받을 수 있었던 혜택을 놓침,7%,10000.0,,,SYNTHETIC_RULE_MATCHING_V1,718-02,카페/디저트 맞춤 혜택,카페/디저트,45,할인,%,7.0,,,,10000.0,,,PICKA 표준 혜택 카테고리 '카페/디저트' 시연 데이터,https://www.card-gorilla.com/card/detail/718,MISSED_WRONG_CARD,국민행복 삼성카드 V2 | 백화점·프리미엄 아울렛·할인점·온라인쇼핑몰·생활잡화·신선식품 배송 7% 결제일할인,500.0,KRW
ONE_TRANSACTION_PER_ROW,persona3,이지훈,persona3@picka.app,36,1991-09-25,010-0525-3345,쿠팡 와우 멤버십|신세계포인트|CJ ONE|해피포인트|LG U+ 멤버십,ADULT,MID_30S,남성,직장인,경기도 수원시,False,경기도,수원시,1,2026-07-24,"[{""order"":1,""label"":""첫째"",""birth_date"":""2025-08-24"",""exact_age"":""만 0세 11개월 0일"",""school_stage"":""영아""}]",첫째,2025-08-24,만 0세 11개월 0일,영아,,,,,"11개월 아기 양육 중, 가족 중심의 소비",3000000,2026-05~2026-07,"가족 공동카드는 육아·마트·병원·보험·공과금에, 개인카드는 구독·배달·외식 등에 구분해 혜택 비교",False,False,False,False,True,False,PRIVATE_EMPLOYEE | HOUSEHOLD_REPRESENTATIVE,KT,CAR,False,True,NONE,EMART,True,True,1,INFANT,VERIFIED,"36세 직장인·영아 양육 가구 대표. KT·자가용·하이패스·이마트 이용자이며, 육아 지원 카드 검토 대상. 경차·군인·복지·K-패스·항공사 제휴 자격은 해당하지 않음.",3,UC301 | UC302 | UC303,노리2 체크카드(Global) | 신한카드 Mr.Life | 국민행복 삼성카드 V2,노리2 체크카드(Global):구독·배달·소액생활 | 신한카드 Mr.Life:외식·온라인쇼핑·병원/약국 | 국민행복 삼성카드 V2:육아·마트·보험·병원·관리비·통신,july26-persona3-0017,july26-persona3-0017,2026-07,2026-07-08T12:05:00,올리브영,뷰티/피트니스,뷰티 및 운동,BEAUTY_FITNESS,68000,0,68000,체크카드,CARD,APPROVED,올리브영 결제 · 뷰티/피트니스 카테고리,,UC301,2423,노리2 체크카드(Global),KB국민카드,개인 체크카드,구독·배달·소액생활,,4455,체크카드,,200000,70000.0,,https://www.card-gorilla.com/card/detail/2423,28500,388700,N,UC303,718.0,국민행복 삼성카드 V2,삼성카드,가족 공동카드,육아·마트·보험·병원·관리비·통신,,신용카드,,0.0,30000.0,1631400.0,1448500.0,Y,WRONG_CARD_BEFORE_PICKA,BEFORE_PICKA,0,1500,1500,픽카 이용 전 다른 카드를 사용하여 받을 수 있었던 혜택을 놓침,7%,10000.0,,,SYNTHETIC_RULE_MATCHING_V1,718-02,뷰티/피트니스 맞춤 혜택,뷰티/피트니스,19,할인,%,7.0,,,,10000.0,,,PICKA 표준 혜택 카테고리 '뷰티/피트니스' 시연 데이터,https://www.card-gorilla.com/card/detail/718,MISSED_WRONG_CARD,국민행복 삼성카드 V2 | 백화점·프리미엄 아울렛·할인점·온라인쇼핑몰·생활잡화·신선식품 배송 7% 결제일할인,1500.0,KRW
ONE_TRANSACTION_PER_ROW,persona3,이지훈,persona3@picka.app,36,1991-09-25,010-0525-3345,쿠팡 와우 멤버십|신세계포인트|CJ ONE|해피포인트|LG U+ 멤버십,ADULT,MID_30S,남성,직장인,경기도 수원시,False,경기도,수원시,1,2026-07-24,"[{""order"":1,""label"":""첫째"",""birth_date"":""2025-08-24"",""exact_age"":""만 0세 11개월 0일"",""school_stage"":""영아""}]",첫째,2025-08-24,만 0세 11개월 0일,영아,,,,,"11개월 아기 양육 중, 가족 중심의 소비",3000000,2026-05~2026-07,"가족 공동카드는 육아·마트·병원·보험·공과금에, 개인카드는 구독·배달·외식 등에 구분해 혜택 비교",False,False,False,False,True,False,PRIVATE_EMPLOYEE | HOUSEHOLD_REPRESENTATIVE,KT,CAR,False,True,NONE,EMART,True,True,1,INFANT,VERIFIED,"36세 직장인·영아 양육 가구 대표. KT·자가용·하이패스·이마트 이용자이며, 육아 지원 카드 검토 대상. 경차·군인·복지·K-패스·항공사 제휴 자격은 해당하지 않음.",3,UC301 | UC302 | UC303,노리2 체크카드(Global) | 신한카드 Mr.Life | 국민행복 삼성카드 V2,노리2 체크카드(Global):구독·배달·소액생활 | 신한카드 Mr.Life:외식·온라인쇼핑·병원/약국 | 국민행복 삼성카드 V2:육아·마트·보험·병원·관리비·통신,july26-persona3-0004,july26-persona3-0004,2026-07,2026-07-08T17:40:00,대한항공,항공,항공권 및 마일리지,AIRLINE_MILEAGE,247400,10000,237400,신용카드,CARD,APPROVED,대한항공 결제 · 항공/마일리지 카테고리,,UC303,718,국민행복 삼성카드 V2,삼성카드,가족 공동카드,육아·마트·보험·병원·관리비·통신,,6677,신용카드,,0,30000.0,,https://www.card-gorilla.com/card/detail/718,1631400,1448500,Y,UC303,718.0,국민행복 삼성카드 V2,삼성카드,가족 공동카드,육아·마트·보험·병원·관리비·통신,,신용카드,,0.0,30000.0,1631400.0,1448500.0,Y,BENEFIT_RECEIVED,BENEFIT_APPLIED,10000,16700,6700,,7%,10000.0,10000.0,0.0,SYNTHETIC_RULE_MATCHING_V1,718-04,항공/마일리지 맞춤 혜택,항공/마일리지,4,할인,%,7.0,,,,10000.0,,,PICKA 표준 혜택 카테고리 '항공/마일리지' 시연 데이터,https://www.card-gorilla.com/card/detail/718,DISCOUNT_APPLIED,국민행복 삼성카드 V2 | 아파트 관리비·도시가스요금·전기요금·4대 사회보험·보험·통신·렌탈 자동납부 연결 시 7% 결제일할인,16700.0,KRW
ONE_TRANSACTION_PER_ROW,persona3,이지훈,persona3@picka.app,36,1991-09-25,010-0525-3345,쿠팡 와우 멤버십|신세계포인트|CJ ONE|해피포인트|LG U+ 멤버십,ADULT,MID_30S,남성,직장인,경기도 수원시,False,경기도,수원시,1,2026-07-24,"[{""order"":1,""label"":""첫째"",""birth_date"":""2025-08-24"",""exact_age"":""만 0세 11개월 0일"",""school_stage"":""영아""}]",첫째,2025-08-24,만 0세 11개월 0일,영아,,,,,"11개월 아기 양육 중, 가족 중심의 소비",3000000,2026-05~2026-07,"가족 공동카드는 육아·마트·병원·보험·공과금에, 개인카드는 구독·배달·외식 등에 구분해 혜택 비교",False,False,False,False,True,False,PRIVATE_EMPLOYEE | HOUSEHOLD_REPRESENTATIVE,KT,CAR,False,True,NONE,EMART,True,True,1,INFANT,VERIFIED,"36세 직장인·영아 양육 가구 대표. KT·자가용·하이패스·이마트 이용자이며, 육아 지원 카드 검토 대상. 경차·군인·복지·K-패스·항공사 제휴 자격은 해당하지 않음.",3,UC301 | UC302 | UC303,노리2 체크카드(Global) | 신한카드 Mr.Life | 국민행복 삼성카드 V2,노리2 체크카드(Global):구독·배달·소액생활 | 신한카드 Mr.Life:외식·온라인쇼핑·병원/약국 | 국민행복 삼성카드 V2:육아·마트·보험·병원·관리비·통신,july26-persona3-0019,july26-persona3-0019,2026-07,2026-07-09T11:40:00,한식당,외식,음식점,FOOD_DINING,27700,1900,25800,신용카드,CARD,APPROVED,한식당 결제 · 푸드/외식 카테고리,,UC303,718,국민행복 삼성카드 V2,삼성카드,가족 공동카드,육아·마트·보험·병원·관리비·통신,,6677,신용카드,,0,30000.0,,https://www.card-gorilla.com/card/detail/718,1631400,1448500,Y,UC303,718.0,국민행복 삼성카드 V2,삼성카드,가족 공동카드,육아·마트·보험·병원·관리비·통신,,신용카드,,0.0,30000.0,1631400.0,1448500.0,Y,BENEFIT_RECEIVED,BENEFIT_APPLIED,1900,1900,0,,7%,10000.0,3100.0,1200.0,SYNTHETIC_RULE_MATCHING_V1,718-02,푸드/외식 맞춤 혜택,푸드/외식,57,할인,%,7.0,,,,10000.0,,,PICKA 표준 혜택 카테고리 '푸드/외식' 시연 데이터,https://www.card-gorilla.com/card/detail/718,DISCOUNT_APPLIED,국민행복 삼성카드 V2 | 백화점·프리미엄 아울렛·할인점·온라인쇼핑몰·생활잡화·신선식품 배송 7% 결제일할인,1900.0,KRW
ONE_TRANSACTION_PER_ROW,persona3,이지훈,persona3@picka.app,36,1991-09-25,010-0525-3345,쿠팡 와우 멤버십|신세계포인트|CJ ONE|해피포인트|LG U+ 멤버십,ADULT,MID_30S,남성,직장인,경기도 수원시,False,경기도,수원시,1,2026-07-24,"[{""order"":1,""label"":""첫째"",""birth_date"":""2025-08-24"",""exact_age"":""만 0세 11개월 0일"",""school_stage"":""영아""}]",첫째,2025-08-24,만 0세 11개월 0일,영아,,,,,"11개월 아기 양육 중, 가족 중심의 소비",3000000,2026-05~2026-07,"가족 공동카드는 육아·마트·병원·보험·공과금에, 개인카드는 구독·배달·외식 등에 구분해 혜택 비교",False,False,False,False,True,False,PRIVATE_EMPLOYEE | HOUSEHOLD_REPRESENTATIVE,KT,CAR,False,True,NONE,EMART,True,True,1,INFANT,VERIFIED,"36세 직장인·영아 양육 가구 대표. KT·자가용·하이패스·이마트 이용자이며, 육아 지원 카드 검토 대상. 경차·군인·복지·K-패스·항공사 제휴 자격은 해당하지 않음.",3,UC301 | UC302 | UC303,노리2 체크카드(Global) | 신한카드 Mr.Life | 국민행복 삼성카드 V2,노리2 체크카드(Global):구독·배달·소액생활 | 신한카드 Mr.Life:외식·온라인쇼핑·병원/약국 | 국민행복 삼성카드 V2:육아·마트·보험·병원·관리비·통신,july26-persona3-0011,july26-persona3-0011,2026-07,2026-07-09T20:55:00,티머니,교통,대중교통·택시,TRANSIT,15300,0,15300,체크카드,CARD,APPROVED,티머니 결제 · 교통 카테고리,,UC301,2423,노리2 체크카드(Global),KB국민카드,개인 체크카드,구독·배달·소액생활,,4455,체크카드,,200000,70000.0,,https://www.card-gorilla.com/card/detail/2423,28500,388700,N,UC303,718.0,국민행복 삼성카드 V2,삼성카드,가족 공동카드,육아·마트·보험·병원·관리비·통신,,신용카드,,0.0,30000.0,1631400.0,1448500.0,Y,WRONG_CARD_BEFORE_PICKA,BEFORE_PICKA,0,300,300,픽카 이용 전 다른 카드를 사용하여 받을 수 있었던 혜택을 놓침,7%,10000.0,,,SYNTHETIC_RULE_MATCHING_V1,718-02,교통 맞춤 혜택,교통,20,할인,%,7.0,,,,10000.0,,,PICKA 표준 혜택 카테고리 '교통' 시연 데이터,https://www.card-gorilla.com/card/detail/718,MISSED_WRONG_CARD,국민행복 삼성카드 V2 | 백화점·프리미엄 아울렛·할인점·온라인쇼핑몰·생활잡화·신선식품 배송 7% 결제일할인,300.0,KRW
ONE_TRANSACTION_PER_ROW,persona3,이지훈,persona3@picka.app,36,1991-09-25,010-0525-3345,쿠팡 와우 멤버십|신세계포인트|CJ ONE|해피포인트|LG U+ 멤버십,ADULT,MID_30S,남성,직장인,경기도 수원시,False,경기도,수원시,1,2026-07-24,"[{""order"":1,""label"":""첫째"",""birth_date"":""2025-08-24"",""exact_age"":""만 0세 11개월 0일"",""school_stage"":""영아""}]",첫째,2025-08-24,만 0세 11개월 0일,영아,,,,,"11개월 아기 양육 중, 가족 중심의 소비",3000000,2026-05~2026-07,"가족 공동카드는 육아·마트·병원·보험·공과금에, 개인카드는 구독·배달·외식 등에 구분해 혜택 비교",False,False,False,False,True,False,PRIVATE_EMPLOYEE | HOUSEHOLD_REPRESENTATIVE,KT,CAR,False,True,NONE,EMART,True,True,1,INFANT,VERIFIED,"36세 직장인·영아 양육 가구 대표. KT·자가용·하이패스·이마트 이용자이며, 육아 지원 카드 검토 대상. 경차·군인·복지·K-패스·항공사 제휴 자격은 해당하지 않음.",3,UC301 | UC302 | UC303,노리2 체크카드(Global) | 신한카드 Mr.Life | 국민행복 삼성카드 V2,노리2 체크카드(Global):구독·배달·소액생활 | 신한카드 Mr.Life:외식·온라인쇼핑·병원/약국 | 국민행복 삼성카드 V2:육아·마트·보험·병원·관리비·통신,july26-persona3-0024,july26-persona3-0024,2026-07,2026-07-10T13:00:00,베이비플러스,교육/육아,교육 및 육아,EDUCATION_CHILDCARE,192900,0,192900,신용카드,CARD,APPROVED,베이비플러스 결제 · 교육/육아 카테고리,,UC302,13,신한카드 Mr.Life,신한카드,개인 신용카드,외식·온라인쇼핑·병원/약국,,4456,신용카드,,300000,54000.0,,https://www.card-gorilla.com/card/detail/13,1224200,1075800,Y,UC303,718.0,국민행복 삼성카드 V2,삼성카드,가족 공동카드,육아·마트·보험·병원·관리비·통신,,신용카드,,0.0,30000.0,1631400.0,1448500.0,Y,WRONG_CARD_BEFORE_PICKA,BEFORE_PICKA,0,4200,4200,픽카 이용 전 다른 카드를 사용하여 받을 수 있었던 혜택을 놓침,7%,10000.0,,,SYNTHETIC_RULE_MATCHING_V1,718-02,교육/육아 맞춤 혜택,교육/육아,14,할인,%,7.0,,,,10000.0,,,PICKA 표준 혜택 카테고리 '교육/육아' 시연 데이터,https://www.card-gorilla.com/card/detail/718,MISSED_WRONG_CARD,국민행복 삼성카드 V2 | 백화점·프리미엄 아울렛·할인점·온라인쇼핑몰·생활잡화·신선식품 배송 7% 결제일할인,4200.0,KRW
ONE_TRANSACTION_PER_ROW,persona3,이지훈,persona3@picka.app,36,1991-09-25,010-0525-3345,쿠팡 와우 멤버십|신세계포인트|CJ ONE|해피포인트|LG U+ 멤버십,ADULT,MID_30S,남성,직장인,경기도 수원시,False,경기도,수원시,1,2026-07-24,"[{""order"":1,""label"":""첫째"",""birth_date"":""2025-08-24"",""exact_age"":""만 0세 11개월 0일"",""school_stage"":""영아""}]",첫째,2025-08-24,만 0세 11개월 0일,영아,,,,,"11개월 아기 양육 중, 가족 중심의 소비",3000000,2026-05~2026-07,"가족 공동카드는 육아·마트·병원·보험·공과금에, 개인카드는 구독·배달·외식 등에 구분해 혜택 비교",False,False,False,False,True,False,PRIVATE_EMPLOYEE | HOUSEHOLD_REPRESENTATIVE,KT,CAR,False,True,NONE,EMART,True,True,1,INFANT,VERIFIED,"36세 직장인·영아 양육 가구 대표. KT·자가용·하이패스·이마트 이용자이며, 육아 지원 카드 검토 대상. 경차·군인·복지·K-패스·항공사 제휴 자격은 해당하지 않음.",3,UC301 | UC302 | UC303,노리2 체크카드(Global) | 신한카드 Mr.Life | 국민행복 삼성카드 V2,노리2 체크카드(Global):구독·배달·소액생활 | 신한카드 Mr.Life:외식·온라인쇼핑·병원/약국 | 국민행복 삼성카드 V2:육아·마트·보험·병원·관리비·통신,july26-persona3-0012,july26-persona3-0012,2026-07,2026-07-11T21:15:00,김밥전문점,외식,음식점,FOOD_DINING,30400,700,29700,신용카드,CARD,APPROVED,김밥전문점 결제 · 푸드/외식 카테고리,,UC303,718,국민행복 삼성카드 V2,삼성카드,가족 공동카드,육아·마트·보험·병원·관리비·통신,,6677,신용카드,,0,30000.0,,https://www.card-gorilla.com/card/detail/718,1631400,1448500,Y,UC303,718.0,국민행복 삼성카드 V2,삼성카드,가족 공동카드,육아·마트·보험·병원·관리비·통신,,신용카드,,0.0,30000.0,1631400.0,1448500.0,Y,BENEFIT_RECEIVED,BENEFIT_APPLIED,700,700,0,,7%,10000.0,1200.0,500.0,SYNTHETIC_RULE_MATCHING_V1,718-02,푸드/외식 맞춤 혜택,푸드/외식,57,할인,%,7.0,,,,10000.0,,,PICKA 표준 혜택 카테고리 '푸드/외식' 시연 데이터,https://www.card-gorilla.com/card/detail/718,DISCOUNT_APPLIED,국민행복 삼성카드 V2 | 백화점·프리미엄 아울렛·할인점·온라인쇼핑몰·생활잡화·신선식품 배송 7% 결제일할인,700.0,KRW
ONE_TRANSACTION_PER_ROW,persona3,이지훈,persona3@picka.app,36,1991-09-25,010-0525-3345,쿠팡 와우 멤버십|신세계포인트|CJ ONE|해피포인트|LG U+ 멤버십,ADULT,MID_30S,남성,직장인,경기도 수원시,False,경기도,수원시,1,2026-07-24,"[{""order"":1,""label"":""첫째"",""birth_date"":""2025-08-24"",""exact_age"":""만 0세 11개월 0일"",""school_stage"":""영아""}]",첫째,2025-08-24,만 0세 11개월 0일,영아,,,,,"11개월 아기 양육 중, 가족 중심의 소비",3000000,2026-05~2026-07,"가족 공동카드는 육아·마트·병원·보험·공과금에, 개인카드는 구독·배달·외식 등에 구분해 혜택 비교",False,False,False,False,True,False,PRIVATE_EMPLOYEE | HOUSEHOLD_REPRESENTATIVE,KT,CAR,False,True,NONE,EMART,True,True,1,INFANT,VERIFIED,"36세 직장인·영아 양육 가구 대표. KT·자가용·하이패스·이마트 이용자이며, 육아 지원 카드 검토 대상. 경차·군인·복지·K-패스·항공사 제휴 자격은 해당하지 않음.",3,UC301 | UC302 | UC303,노리2 체크카드(Global) | 신한카드 Mr.Life | 국민행복 삼성카드 V2,노리2 체크카드(Global):구독·배달·소액생활 | 신한카드 Mr.Life:외식·온라인쇼핑·병원/약국 | 국민행복 삼성카드 V2:육아·마트·보험·병원·관리비·통신,july26-persona3-0014,july26-persona3-0014,2026-07,2026-07-12T07:15:00,스피드메이트,자동차,차량정비 및 세차,AUTO_MAINTENANCE,138800,0,138800,신용카드,CARD,APPROVED,스피드메이트 결제 · 자동차/정비 카테고리,,UC302,13,신한카드 Mr.Life,신한카드,개인 신용카드,외식·온라인쇼핑·병원/약국,,4456,신용카드,,300000,54000.0,,https://www.card-gorilla.com/card/detail/13,1224200,1075800,Y,UC303,718.0,국민행복 삼성카드 V2,삼성카드,가족 공동카드,육아·마트·보험·병원·관리비·통신,,신용카드,,0.0,30000.0,1631400.0,1448500.0,Y,WRONG_CARD_BEFORE_PICKA,BEFORE_PICKA,0,3000,3000,픽카 이용 전 다른 카드를 사용하여 받을 수 있었던 혜택을 놓침,7%,10000.0,,,SYNTHETIC_RULE_MATCHING_V1,718-02,자동차/정비 맞춤 혜택,자동차/정비,10,할인,%,7.0,,,,10000.0,,,PICKA 표준 혜택 카테고리 '자동차/정비' 시연 데이터,https://www.card-gorilla.com/card/detail/718,MISSED_WRONG_CARD,국민행복 삼성카드 V2 | 백화점·프리미엄 아울렛·할인점·온라인쇼핑몰·생활잡화·신선식품 배송 7% 결제일할인,3000.0,KRW
ONE_TRANSACTION_PER_ROW,persona3,이지훈,persona3@picka.app,36,1991-09-25,010-0525-3345,쿠팡 와우 멤버십|신세계포인트|CJ ONE|해피포인트|LG U+ 멤버십,ADULT,MID_30S,남성,직장인,경기도 수원시,False,경기도,수원시,1,2026-07-24,"[{""order"":1,""label"":""첫째"",""birth_date"":""2025-08-24"",""exact_age"":""만 0세 11개월 0일"",""school_stage"":""영아""}]",첫째,2025-08-24,만 0세 11개월 0일,영아,,,,,"11개월 아기 양육 중, 가족 중심의 소비",3000000,2026-05~2026-07,"가족 공동카드는 육아·마트·병원·보험·공과금에, 개인카드는 구독·배달·외식 등에 구분해 혜택 비교",False,False,False,False,True,False,PRIVATE_EMPLOYEE | HOUSEHOLD_REPRESENTATIVE,KT,CAR,False,True,NONE,EMART,True,True,1,INFANT,VERIFIED,"36세 직장인·영아 양육 가구 대표. KT·자가용·하이패스·이마트 이용자이며, 육아 지원 카드 검토 대상. 경차·군인·복지·K-패스·항공사 제휴 자격은 해당하지 않음.",3,UC301 | UC302 | UC303,노리2 체크카드(Global) | 신한카드 Mr.Life | 국민행복 삼성카드 V2,노리2 체크카드(Global):구독·배달·소액생활 | 신한카드 Mr.Life:외식·온라인쇼핑·병원/약국 | 국민행복 삼성카드 V2:육아·마트·보험·병원·관리비·통신,july26-persona3-0023,july26-persona3-0023,2026-07,2026-07-12T22:10:00,소아 발달센터,교육/육아,교육 및 육아,EDUCATION_CHILDCARE,178200,0,178200,신용카드,CARD,APPROVED,소아 발달센터 결제 · 교육/육아 카테고리,,UC302,13,신한카드 Mr.Life,신한카드,개인 신용카드,외식·온라인쇼핑·병원/약국,,4456,신용카드,,300000,54000.0,,https://www.card-gorilla.com/card/detail/13,1224200,1075800,Y,UC303,718.0,국민행복 삼성카드 V2,삼성카드,가족 공동카드,육아·마트·보험·병원·관리비·통신,,신용카드,,0.0,30000.0,1631400.0,1448500.0,Y,WRONG_CARD_BEFORE_PICKA,BEFORE_PICKA,0,3900,3900,픽카 이용 전 다른 카드를 사용하여 받을 수 있었던 혜택을 놓침,7%,10000.0,,,SYNTHETIC_RULE_MATCHING_V1,718-02,교육/육아 맞춤 혜택,교육/육아,14,할인,%,7.0,,,,10000.0,,,PICKA 표준 혜택 카테고리 '교육/육아' 시연 데이터,https://www.card-gorilla.com/card/detail/718,MISSED_WRONG_CARD,국민행복 삼성카드 V2 | 백화점·프리미엄 아울렛·할인점·온라인쇼핑몰·생활잡화·신선식품 배송 7% 결제일할인,3900.0,KRW
ONE_TRANSACTION_PER_ROW,persona3,이지훈,persona3@picka.app,36,1991-09-25,010-0525-3345,쿠팡 와우 멤버십|신세계포인트|CJ ONE|해피포인트|LG U+ 멤버십,ADULT,MID_30S,남성,직장인,경기도 수원시,False,경기도,수원시,1,2026-07-24,"[{""order"":1,""label"":""첫째"",""birth_date"":""2025-08-24"",""exact_age"":""만 0세 11개월 0일"",""school_stage"":""영아""}]",첫째,2025-08-24,만 0세 11개월 0일,영아,,,,,"11개월 아기 양육 중, 가족 중심의 소비",3000000,2026-05~2026-07,"가족 공동카드는 육아·마트·병원·보험·공과금에, 개인카드는 구독·배달·외식 등에 구분해 혜택 비교",False,False,False,False,True,False,PRIVATE_EMPLOYEE | HOUSEHOLD_REPRESENTATIVE,KT,CAR,False,True,NONE,EMART,True,True,1,INFANT,VERIFIED,"36세 직장인·영아 양육 가구 대표. KT·자가용·하이패스·이마트 이용자이며, 육아 지원 카드 검토 대상. 경차·군인·복지·K-패스·항공사 제휴 자격은 해당하지 않음.",3,UC301 | UC302 | UC303,노리2 체크카드(Global) | 신한카드 Mr.Life | 국민행복 삼성카드 V2,노리2 체크카드(Global):구독·배달·소액생활 | 신한카드 Mr.Life:외식·온라인쇼핑·병원/약국 | 국민행복 삼성카드 V2:육아·마트·보험·병원·관리비·통신,july26-persona3-0039,july26-persona3-0039,2026-07,2026-07-13T12:40:00,카카오 T,교통,대중교통·택시,TRANSIT,14700,300,14400,신용카드,CARD,APPROVED,카카오 T 결제 · 교통 카테고리,,UC303,718,국민행복 삼성카드 V2,삼성카드,가족 공동카드,육아·마트·보험·병원·관리비·통신,,6677,신용카드,,0,30000.0,,https://www.card-gorilla.com/card/detail/718,1631400,1448500,Y,UC303,718.0,국민행복 삼성카드 V2,삼성카드,가족 공동카드,육아·마트·보험·병원·관리비·통신,,신용카드,,0.0,30000.0,1631400.0,1448500.0,Y,BENEFIT_RECEIVED,BENEFIT_APPLIED,300,300,0,,7%,10000.0,500.0,200.0,SYNTHETIC_RULE_MATCHING_V1,718-02,교통 맞춤 혜택,교통,20,할인,%,7.0,,,,10000.0,,,PICKA 표준 혜택 카테고리 '교통' 시연 데이터,https://www.card-gorilla.com/card/detail/718,DISCOUNT_APPLIED,국민행복 삼성카드 V2 | 백화점·프리미엄 아울렛·할인점·온라인쇼핑몰·생활잡화·신선식품 배송 7% 결제일할인,300.0,KRW
ONE_TRANSACTION_PER_ROW,persona3,이지훈,persona3@picka.app,36,1991-09-25,010-0525-3345,쿠팡 와우 멤버십|신세계포인트|CJ ONE|해피포인트|LG U+ 멤버십,ADULT,MID_30S,남성,직장인,경기도 수원시,False,경기도,수원시,1,2026-07-24,"[{""order"":1,""label"":""첫째"",""birth_date"":""2025-08-24"",""exact_age"":""만 0세 11개월 0일"",""school_stage"":""영아""}]",첫째,2025-08-24,만 0세 11개월 0일,영아,,,,,"11개월 아기 양육 중, 가족 중심의 소비",3000000,2026-05~2026-07,"가족 공동카드는 육아·마트·병원·보험·공과금에, 개인카드는 구독·배달·외식 등에 구분해 혜택 비교",False,False,False,False,True,False,PRIVATE_EMPLOYEE | HOUSEHOLD_REPRESENTATIVE,KT,CAR,False,True,NONE,EMART,True,True,1,INFANT,VERIFIED,"36세 직장인·영아 양육 가구 대표. KT·자가용·하이패스·이마트 이용자이며, 육아 지원 카드 검토 대상. 경차·군인·복지·K-패스·항공사 제휴 자격은 해당하지 않음.",3,UC301 | UC302 | UC303,노리2 체크카드(Global) | 신한카드 Mr.Life | 국민행복 삼성카드 V2,노리2 체크카드(Global):구독·배달·소액생활 | 신한카드 Mr.Life:외식·온라인쇼핑·병원/약국 | 국민행복 삼성카드 V2:육아·마트·보험·병원·관리비·통신,july26-persona3-0036,july26-persona3-0036,2026-07,2026-07-13T16:15:00,아이사랑몰,교육/육아,교육 및 육아,EDUCATION_CHILDCARE,140300,0,140300,신용카드,CARD,APPROVED,아이사랑몰 결제 · 교육/육아 카테고리,,UC302,13,신한카드 Mr.Life,신한카드,개인 신용카드,외식·온라인쇼핑·병원/약국,,4456,신용카드,,300000,54000.0,,https://www.card-gorilla.com/card/detail/13,1224200,1075800,Y,UC303,718.0,국민행복 삼성카드 V2,삼성카드,가족 공동카드,육아·마트·보험·병원·관리비·통신,,신용카드,,0.0,30000.0,1631400.0,1448500.0,Y,WRONG_CARD_BEFORE_PICKA,BEFORE_PICKA,0,3100,3100,픽카 이용 전 다른 카드를 사용하여 받을 수 있었던 혜택을 놓침,7%,10000.0,,,SYNTHETIC_RULE_MATCHING_V1,718-02,교육/육아 맞춤 혜택,교육/육아,14,할인,%,7.0,,,,10000.0,,,PICKA 표준 혜택 카테고리 '교육/육아' 시연 데이터,https://www.card-gorilla.com/card/detail/718,MISSED_WRONG_CARD,국민행복 삼성카드 V2 | 백화점·프리미엄 아울렛·할인점·온라인쇼핑몰·생활잡화·신선식품 배송 7% 결제일할인,3100.0,KRW
ONE_TRANSACTION_PER_ROW,persona3,이지훈,persona3@picka.app,36,1991-09-25,010-0525-3345,쿠팡 와우 멤버십|신세계포인트|CJ ONE|해피포인트|LG U+ 멤버십,ADULT,MID_30S,남성,직장인,경기도 수원시,False,경기도,수원시,1,2026-07-24,"[{""order"":1,""label"":""첫째"",""birth_date"":""2025-08-24"",""exact_age"":""만 0세 11개월 0일"",""school_stage"":""영아""}]",첫째,2025-08-24,만 0세 11개월 0일,영아,,,,,"11개월 아기 양육 중, 가족 중심의 소비",3000000,2026-05~2026-07,"가족 공동카드는 육아·마트·병원·보험·공과금에, 개인카드는 구독·배달·외식 등에 구분해 혜택 비교",False,False,False,False,True,False,PRIVATE_EMPLOYEE | HOUSEHOLD_REPRESENTATIVE,KT,CAR,False,True,NONE,EMART,True,True,1,INFANT,VERIFIED,"36세 직장인·영아 양육 가구 대표. KT·자가용·하이패스·이마트 이용자이며, 육아 지원 카드 검토 대상. 경차·군인·복지·K-패스·항공사 제휴 자격은 해당하지 않음.",3,UC301 | UC302 | UC303,노리2 체크카드(Global) | 신한카드 Mr.Life | 국민행복 삼성카드 V2,노리2 체크카드(Global):구독·배달·소액생활 | 신한카드 Mr.Life:외식·온라인쇼핑·병원/약국 | 국민행복 삼성카드 V2:육아·마트·보험·병원·관리비·통신,july26-persona3-0003,july26-persona3-0003,2026-07,2026-07-13T19:10:00,이탈리안 레스토랑,외식,음식점,FOOD_DINING,39500,200,39300,신용카드,CARD,APPROVED,이탈리안 레스토랑 결제 · 푸드/외식 카테고리,,UC303,718,국민행복 삼성카드 V2,삼성카드,가족 공동카드,육아·마트·보험·병원·관리비·통신,,6677,신용카드,,0,30000.0,,https://www.card-gorilla.com/card/detail/718,1631400,1448500,Y,UC303,718.0,국민행복 삼성카드 V2,삼성카드,가족 공동카드,육아·마트·보험·병원·관리비·통신,,신용카드,,0.0,30000.0,1631400.0,1448500.0,Y,BENEFIT_RECEIVED,BENEFIT_APPLIED,200,900,700,,7%,10000.0,200.0,0.0,SYNTHETIC_RULE_MATCHING_V1,718-02,푸드/외식 맞춤 혜택,푸드/외식,57,할인,%,7.0,,,,10000.0,,,PICKA 표준 혜택 카테고리 '푸드/외식' 시연 데이터,https://www.card-gorilla.com/card/detail/718,DISCOUNT_APPLIED,국민행복 삼성카드 V2 | 백화점·프리미엄 아울렛·할인점·온라인쇼핑몰·생활잡화·신선식품 배송 7% 결제일할인,900.0,KRW
ONE_TRANSACTION_PER_ROW,persona3,이지훈,persona3@picka.app,36,1991-09-25,010-0525-3345,쿠팡 와우 멤버십|신세계포인트|CJ ONE|해피포인트|LG U+ 멤버십,ADULT,MID_30S,남성,직장인,경기도 수원시,False,경기도,수원시,1,2026-07-24,"[{""order"":1,""label"":""첫째"",""birth_date"":""2025-08-24"",""exact_age"":""만 0세 11개월 0일"",""school_stage"":""영아""}]",첫째,2025-08-24,만 0세 11개월 0일,영아,,,,,"11개월 아기 양육 중, 가족 중심의 소비",3000000,2026-05~2026-07,"가족 공동카드는 육아·마트·병원·보험·공과금에, 개인카드는 구독·배달·외식 등에 구분해 혜택 비교",False,False,False,False,True,False,PRIVATE_EMPLOYEE | HOUSEHOLD_REPRESENTATIVE,KT,CAR,False,True,NONE,EMART,True,True,1,INFANT,VERIFIED,"36세 직장인·영아 양육 가구 대표. KT·자가용·하이패스·이마트 이용자이며, 육아 지원 카드 검토 대상. 경차·군인·복지·K-패스·항공사 제휴 자격은 해당하지 않음.",3,UC301 | UC302 | UC303,노리2 체크카드(Global) | 신한카드 Mr.Life | 국민행복 삼성카드 V2,노리2 체크카드(Global):구독·배달·소액생활 | 신한카드 Mr.Life:외식·온라인쇼핑·병원/약국 | 국민행복 삼성카드 V2:육아·마트·보험·병원·관리비·통신,july26-persona3-0027,july26-persona3-0027,2026-07,2026-07-13T22:05:00,서울교통공사,교통,대중교통·택시,TRANSIT,22400,0,22400,신용카드,CARD,APPROVED,서울교통공사 결제 · 교통 카테고리,,UC303,718,국민행복 삼성카드 V2,삼성카드,가족 공동카드,육아·마트·보험·병원·관리비·통신,,6677,신용카드,,0,30000.0,,https://www.card-gorilla.com/card/detail/718,1631400,1448500,Y,UC303,718.0,국민행복 삼성카드 V2,삼성카드,가족 공동카드,육아·마트·보험·병원·관리비·통신,,신용카드,,0.0,30000.0,1631400.0,1448500.0,Y,CAP_EXHAUSTED,CARD_LIMIT_EXHAUSTED,0,500,500,월 할인한도 소진으로 혜택 미적용,7%,10000.0,0.0,0.0,SYNTHETIC_RULE_MATCHING_V1,718-02,교통 맞춤 혜택,교통,20,할인,%,7.0,,,,10000.0,,,PICKA 표준 혜택 카테고리 '교통' 시연 데이터,https://www.card-gorilla.com/card/detail/718,MISSED_CAP_EXHAUSTED,국민행복 삼성카드 V2 | 백화점·프리미엄 아울렛·할인점·온라인쇼핑몰·생활잡화·신선식품 배송 7% 결제일할인,500.0,KRW
ONE_TRANSACTION_PER_ROW,persona3,이지훈,persona3@picka.app,36,1991-09-25,010-0525-3345,쿠팡 와우 멤버십|신세계포인트|CJ ONE|해피포인트|LG U+ 멤버십,ADULT,MID_30S,남성,직장인,경기도 수원시,False,경기도,수원시,1,2026-07-24,"[{""order"":1,""label"":""첫째"",""birth_date"":""2025-08-24"",""exact_age"":""만 0세 11개월 0일"",""school_stage"":""영아""}]",첫째,2025-08-24,만 0세 11개월 0일,영아,,,,,"11개월 아기 양육 중, 가족 중심의 소비",3000000,2026-05~2026-07,"가족 공동카드는 육아·마트·병원·보험·공과금에, 개인카드는 구독·배달·외식 등에 구분해 혜택 비교",False,False,False,False,True,False,PRIVATE_EMPLOYEE | HOUSEHOLD_REPRESENTATIVE,KT,CAR,False,True,NONE,EMART,True,True,1,INFANT,VERIFIED,"36세 직장인·영아 양육 가구 대표. KT·자가용·하이패스·이마트 이용자이며, 육아 지원 카드 검토 대상. 경차·군인·복지·K-패스·항공사 제휴 자격은 해당하지 않음.",3,UC301 | UC302 | UC303,노리2 체크카드(Global) | 신한카드 Mr.Life | 국민행복 삼성카드 V2,노리2 체크카드(Global):구독·배달·소액생활 | 신한카드 Mr.Life:외식·온라인쇼핑·병원/약국 | 국민행복 삼성카드 V2:육아·마트·보험·병원·관리비·통신,july26-persona3-0038,july26-persona3-0038,2026-07,2026-07-14T10:40:00,롯데백화점,쇼핑,백화점,DEPARTMENT_STORE,218400,0,218400,신용카드,CARD,APPROVED,롯데백화점 결제 · 백화점 카테고리,,UC303,718,국민행복 삼성카드 V2,삼성카드,가족 공동카드,육아·마트·보험·병원·관리비·통신,,6677,신용카드,,0,30000.0,,https://www.card-gorilla.com/card/detail/718,1631400,1448500,Y,UC303,718.0,국민행복 삼성카드 V2,삼성카드,가족 공동카드,육아·마트·보험·병원·관리비·통신,,신용카드,,0.0,30000.0,1631400.0,1448500.0,Y,CAP_EXHAUSTED,CARD_LIMIT_EXHAUSTED,0,14700,14700,월 할인한도 소진으로 혜택 미적용,7%,10000.0,0.0,0.0,SYNTHETIC_RULE_MATCHING_V1,718-02,백화점 맞춤 혜택,백화점,3,할인,%,7.0,,,,10000.0,,,PICKA 표준 혜택 카테고리 '백화점' 시연 데이터,https://www.card-gorilla.com/card/detail/718,MISSED_CAP_EXHAUSTED,국민행복 삼성카드 V2 | 백화점·프리미엄 아울렛·할인점·온라인쇼핑몰·생활잡화·신선식품 배송 7% 결제일할인,14700.0,KRW
ONE_TRANSACTION_PER_ROW,persona3,이지훈,persona3@picka.app,36,1991-09-25,010-0525-3345,쿠팡 와우 멤버십|신세계포인트|CJ ONE|해피포인트|LG U+ 멤버십,ADULT,MID_30S,남성,직장인,경기도 수원시,False,경기도,수원시,1,2026-07-24,"[{""order"":1,""label"":""첫째"",""birth_date"":""2025-08-24"",""exact_age"":""만 0세 11개월 0일"",""school_stage"":""영아""}]",첫째,2025-08-24,만 0세 11개월 0일,영아,,,,,"11개월 아기 양육 중, 가족 중심의 소비",3000000,2026-05~2026-07,"가족 공동카드는 육아·마트·병원·보험·공과금에, 개인카드는 구독·배달·외식 등에 구분해 혜택 비교",False,False,False,False,True,False,PRIVATE_EMPLOYEE | HOUSEHOLD_REPRESENTATIVE,KT,CAR,False,True,NONE,EMART,True,True,1,INFANT,VERIFIED,"36세 직장인·영아 양육 가구 대표. KT·자가용·하이패스·이마트 이용자이며, 육아 지원 카드 검토 대상. 경차·군인·복지·K-패스·항공사 제휴 자격은 해당하지 않음.",3,UC301 | UC302 | UC303,노리2 체크카드(Global) | 신한카드 Mr.Life | 국민행복 삼성카드 V2,노리2 체크카드(Global):구독·배달·소액생활 | 신한카드 Mr.Life:외식·온라인쇼핑·병원/약국 | 국민행복 삼성카드 V2:육아·마트·보험·병원·관리비·통신,july26-persona3-0031,july26-persona3-0031,2026-07,2026-07-14T17:35:00,코스트코,마트/쇼핑,대형마트 및 쇼핑,MART_SHOPPING,75900,0,75900,신용카드,CARD,APPROVED,코스트코 결제 · 마트/쇼핑 카테고리,,UC303,718,국민행복 삼성카드 V2,삼성카드,가족 공동카드,육아·마트·보험·병원·관리비·통신,,6677,신용카드,,0,30000.0,,https://www.card-gorilla.com/card/detail/718,1631400,1448500,Y,UC303,718.0,국민행복 삼성카드 V2,삼성카드,가족 공동카드,육아·마트·보험·병원·관리비·통신,,신용카드,,0.0,30000.0,1631400.0,1448500.0,Y,CAP_EXHAUSTED,CARD_LIMIT_EXHAUSTED,0,1700,1700,월 할인한도 소진으로 혜택 미적용,7%,10000.0,0.0,0.0,SYNTHETIC_RULE_MATCHING_V1,718-02,마트/쇼핑 맞춤 혜택,마트/쇼핑,97,할인,%,7.0,,,,10000.0,,,PICKA 표준 혜택 카테고리 '마트/쇼핑' 시연 데이터,https://www.card-gorilla.com/card/detail/718,MISSED_CAP_EXHAUSTED,국민행복 삼성카드 V2 | 백화점·프리미엄 아울렛·할인점·온라인쇼핑몰·생활잡화·신선식품 배송 7% 결제일할인,1700.0,KRW
ONE_TRANSACTION_PER_ROW,persona3,이지훈,persona3@picka.app,36,1991-09-25,010-0525-3345,쿠팡 와우 멤버십|신세계포인트|CJ ONE|해피포인트|LG U+ 멤버십,ADULT,MID_30S,남성,직장인,경기도 수원시,False,경기도,수원시,1,2026-07-24,"[{""order"":1,""label"":""첫째"",""birth_date"":""2025-08-24"",""exact_age"":""만 0세 11개월 0일"",""school_stage"":""영아""}]",첫째,2025-08-24,만 0세 11개월 0일,영아,,,,,"11개월 아기 양육 중, 가족 중심의 소비",3000000,2026-05~2026-07,"가족 공동카드는 육아·마트·병원·보험·공과금에, 개인카드는 구독·배달·외식 등에 구분해 혜택 비교",False,False,False,False,True,False,PRIVATE_EMPLOYEE | HOUSEHOLD_REPRESENTATIVE,KT,CAR,False,True,NONE,EMART,True,True,1,INFANT,VERIFIED,"36세 직장인·영아 양육 가구 대표. KT·자가용·하이패스·이마트 이용자이며, 육아 지원 카드 검토 대상. 경차·군인·복지·K-패스·항공사 제휴 자격은 해당하지 않음.",3,UC301 | UC302 | UC303,노리2 체크카드(Global) | 신한카드 Mr.Life | 국민행복 삼성카드 V2,노리2 체크카드(Global):구독·배달·소액생활 | 신한카드 Mr.Life:외식·온라인쇼핑·병원/약국 | 국민행복 삼성카드 V2:육아·마트·보험·병원·관리비·통신,july26-persona3-0018,july26-persona3-0018,2026-07,2026-07-14T17:45:00,인천공항 라운지,프리미엄서비스,프리미엄 서비스,PREMIUM_SERVICE,89200,0,89200,신용카드,CARD,APPROVED,인천공항 라운지 결제 · 프리미엄서비스 카테고리,,UC303,718,국민행복 삼성카드 V2,삼성카드,가족 공동카드,육아·마트·보험·병원·관리비·통신,,6677,신용카드,,0,30000.0,,https://www.card-gorilla.com/card/detail/718,1631400,1448500,Y,UC303,718.0,국민행복 삼성카드 V2,삼성카드,가족 공동카드,육아·마트·보험·병원·관리비·통신,,신용카드,,0.0,30000.0,1631400.0,1448500.0,Y,CAP_EXHAUSTED,CARD_LIMIT_EXHAUSTED,0,1900,1900,월 할인한도 소진으로 혜택 미적용,7%,10000.0,0.0,0.0,SYNTHETIC_RULE_MATCHING_V1,718-02,프리미엄서비스 맞춤 혜택,프리미엄서비스,1,할인,%,7.0,,,,10000.0,,,PICKA 표준 혜택 카테고리 '프리미엄서비스' 시연 데이터,https://www.card-gorilla.com/card/detail/718,MISSED_CAP_EXHAUSTED,국민행복 삼성카드 V2 | 백화점·프리미엄 아울렛·할인점·온라인쇼핑몰·생활잡화·신선식품 배송 7% 결제일할인,1900.0,KRW
ONE_TRANSACTION_PER_ROW,persona3,이지훈,persona3@picka.app,36,1991-09-25,010-0525-3345,쿠팡 와우 멤버십|신세계포인트|CJ ONE|해피포인트|LG U+ 멤버십,ADULT,MID_30S,남성,직장인,경기도 수원시,False,경기도,수원시,1,2026-07-24,"[{""order"":1,""label"":""첫째"",""birth_date"":""2025-08-24"",""exact_age"":""만 0세 11개월 0일"",""school_stage"":""영아""}]",첫째,2025-08-24,만 0세 11개월 0일,영아,,,,,"11개월 아기 양육 중, 가족 중심의 소비",3000000,2026-05~2026-07,"가족 공동카드는 육아·마트·병원·보험·공과금에, 개인카드는 구독·배달·외식 등에 구분해 혜택 비교",False,False,False,False,True,False,PRIVATE_EMPLOYEE | HOUSEHOLD_REPRESENTATIVE,KT,CAR,False,True,NONE,EMART,True,True,1,INFANT,VERIFIED,"36세 직장인·영아 양육 가구 대표. KT·자가용·하이패스·이마트 이용자이며, 육아 지원 카드 검토 대상. 경차·군인·복지·K-패스·항공사 제휴 자격은 해당하지 않음.",3,UC301 | UC302 | UC303,노리2 체크카드(Global) | 신한카드 Mr.Life | 국민행복 삼성카드 V2,노리2 체크카드(Global):구독·배달·소액생활 | 신한카드 Mr.Life:외식·온라인쇼핑·병원/약국 | 국민행복 삼성카드 V2:육아·마트·보험·병원·관리비·통신,july26-persona3-0010,july26-persona3-0010,2026-07,2026-07-15T09:15:00,다이소,생활,생활용품,LIVING,35600,0,35600,신용카드,CARD,APPROVED,다이소 결제 · 생활 카테고리,,UC303,718,국민행복 삼성카드 V2,삼성카드,가족 공동카드,육아·마트·보험·병원·관리비·통신,,6677,신용카드,,0,30000.0,,https://www.card-gorilla.com/card/detail/718,1631400,1448500,Y,UC303,718.0,국민행복 삼성카드 V2,삼성카드,가족 공동카드,육아·마트·보험·병원·관리비·통신,,신용카드,,0.0,30000.0,1631400.0,1448500.0,Y,CAP_EXHAUSTED,CARD_LIMIT_EXHAUSTED,0,800,800,월 할인한도 소진으로 혜택 미적용,7%,10000.0,0.0,0.0,SYNTHETIC_RULE_MATCHING_V1,718-02,생활 맞춤 혜택,생활,22,할인,%,7.0,,,,10000.0,,,PICKA 표준 혜택 카테고리 '생활' 시연 데이터,https://www.card-gorilla.com/card/detail/718,MISSED_CAP_EXHAUSTED,국민행복 삼성카드 V2 | 백화점·프리미엄 아울렛·할인점·온라인쇼핑몰·생활잡화·신선식품 배송 7% 결제일할인,800.0,KRW
ONE_TRANSACTION_PER_ROW,persona3,이지훈,persona3@picka.app,36,1991-09-25,010-0525-3345,쿠팡 와우 멤버십|신세계포인트|CJ ONE|해피포인트|LG U+ 멤버십,ADULT,MID_30S,남성,직장인,경기도 수원시,False,경기도,수원시,1,2026-07-24,"[{""order"":1,""label"":""첫째"",""birth_date"":""2025-08-24"",""exact_age"":""만 0세 11개월 0일"",""school_stage"":""영아""}]",첫째,2025-08-24,만 0세 11개월 0일,영아,,,,,"11개월 아기 양육 중, 가족 중심의 소비",3000000,2026-05~2026-07,"가족 공동카드는 육아·마트·병원·보험·공과금에, 개인카드는 구독·배달·외식 등에 구분해 혜택 비교",False,False,False,False,True,False,PRIVATE_EMPLOYEE | HOUSEHOLD_REPRESENTATIVE,KT,CAR,False,True,NONE,EMART,True,True,1,INFANT,VERIFIED,"36세 직장인·영아 양육 가구 대표. KT·자가용·하이패스·이마트 이용자이며, 육아 지원 카드 검토 대상. 경차·군인·복지·K-패스·항공사 제휴 자격은 해당하지 않음.",3,UC301 | UC302 | UC303,노리2 체크카드(Global) | 신한카드 Mr.Life | 국민행복 삼성카드 V2,노리2 체크카드(Global):구독·배달·소액생활 | 신한카드 Mr.Life:외식·온라인쇼핑·병원/약국 | 국민행복 삼성카드 V2:육아·마트·보험·병원·관리비·통신,july26-persona3-0029,july26-persona3-0029,2026-07,2026-07-15T12:50:00,CU,편의점,편의점,CONVENIENCE,26500,0,26500,신용카드,CARD,APPROVED,CU 결제 · 편의점 카테고리,,UC303,718,국민행복 삼성카드 V2,삼성카드,가족 공동카드,육아·마트·보험·병원·관리비·통신,,6677,신용카드,,0,30000.0,,https://www.card-gorilla.com/card/detail/718,1631400,1448500,Y,UC303,718.0,국민행복 삼성카드 V2,삼성카드,가족 공동카드,육아·마트·보험·병원·관리비·통신,,신용카드,,0.0,30000.0,1631400.0,1448500.0,Y,CAP_EXHAUSTED,CARD_LIMIT_EXHAUSTED,0,600,600,월 할인한도 소진으로 혜택 미적용,7%,10000.0,0.0,0.0,SYNTHETIC_RULE_MATCHING_V1,718-02,편의점 맞춤 혜택,편의점,21,할인,%,7.0,,,,10000.0,,,PICKA 표준 혜택 카테고리 '편의점' 시연 데이터,https://www.card-gorilla.com/card/detail/718,MISSED_CAP_EXHAUSTED,국민행복 삼성카드 V2 | 백화점·프리미엄 아울렛·할인점·온라인쇼핑몰·생활잡화·신선식품 배송 7% 결제일할인,600.0,KRW
ONE_TRANSACTION_PER_ROW,persona3,이지훈,persona3@picka.app,36,1991-09-25,010-0525-3345,쿠팡 와우 멤버십|신세계포인트|CJ ONE|해피포인트|LG U+ 멤버십,ADULT,MID_30S,남성,직장인,경기도 수원시,False,경기도,수원시,1,2026-07-24,"[{""order"":1,""label"":""첫째"",""birth_date"":""2025-08-24"",""exact_age"":""만 0세 11개월 0일"",""school_stage"":""영아""}]",첫째,2025-08-24,만 0세 11개월 0일,영아,,,,,"11개월 아기 양육 중, 가족 중심의 소비",3000000,2026-05~2026-07,"가족 공동카드는 육아·마트·병원·보험·공과금에, 개인카드는 구독·배달·외식 등에 구분해 혜택 비교",False,False,False,False,True,False,PRIVATE_EMPLOYEE | HOUSEHOLD_REPRESENTATIVE,KT,CAR,False,True,NONE,EMART,True,True,1,INFANT,VERIFIED,"36세 직장인·영아 양육 가구 대표. KT·자가용·하이패스·이마트 이용자이며, 육아 지원 카드 검토 대상. 경차·군인·복지·K-패스·항공사 제휴 자격은 해당하지 않음.",3,UC301 | UC302 | UC303,노리2 체크카드(Global) | 신한카드 Mr.Life | 국민행복 삼성카드 V2,노리2 체크카드(Global):구독·배달·소액생활 | 신한카드 Mr.Life:외식·온라인쇼핑·병원/약국 | 국민행복 삼성카드 V2:육아·마트·보험·병원·관리비·통신,july26-persona3-0022,july26-persona3-0022,2026-07,2026-07-16T10:10:00,SK에너지 주유소,자동차,주유,FUEL,59200,0,59200,신용카드,CARD,APPROVED,SK에너지 주유소 결제 · 주유 카테고리,,UC303,718,국민행복 삼성카드 V2,삼성카드,가족 공동카드,육아·마트·보험·병원·관리비·통신,,6677,신용카드,,0,30000.0,,https://www.card-gorilla.com/card/detail/718,1631400,1448500,Y,UC303,718.0,국민행복 삼성카드 V2,삼성카드,가족 공동카드,육아·마트·보험·병원·관리비·통신,,신용카드,,0.0,30000.0,1631400.0,1448500.0,Y,CAP_EXHAUSTED,CARD_LIMIT_EXHAUSTED,0,1300,1300,월 할인한도 소진으로 혜택 미적용,7%,10000.0,0.0,0.0,SYNTHETIC_RULE_MATCHING_V1,718-04,주유 맞춤 혜택,주유,17,할인,%,7.0,,,,10000.0,,,PICKA 표준 혜택 카테고리 '주유' 시연 데이터,https://www.card-gorilla.com/card/detail/718,MISSED_CAP_EXHAUSTED,국민행복 삼성카드 V2 | 아파트 관리비·도시가스요금·전기요금·4대 사회보험·보험·통신·렌탈 자동납부 연결 시 7% 결제일할인,1300.0,KRW
ONE_TRANSACTION_PER_ROW,persona3,이지훈,persona3@picka.app,36,1991-09-25,010-0525-3345,쿠팡 와우 멤버십|신세계포인트|CJ ONE|해피포인트|LG U+ 멤버십,ADULT,MID_30S,남성,직장인,경기도 수원시,False,경기도,수원시,1,2026-07-24,"[{""order"":1,""label"":""첫째"",""birth_date"":""2025-08-24"",""exact_age"":""만 0세 11개월 0일"",""school_stage"":""영아""}]",첫째,2025-08-24,만 0세 11개월 0일,영아,,,,,"11개월 아기 양육 중, 가족 중심의 소비",3000000,2026-05~2026-07,"가족 공동카드는 육아·마트·병원·보험·공과금에, 개인카드는 구독·배달·외식 등에 구분해 혜택 비교",False,False,False,False,True,False,PRIVATE_EMPLOYEE | HOUSEHOLD_REPRESENTATIVE,KT,CAR,False,True,NONE,EMART,True,True,1,INFANT,VERIFIED,"36세 직장인·영아 양육 가구 대표. KT·자가용·하이패스·이마트 이용자이며, 육아 지원 카드 검토 대상. 경차·군인·복지·K-패스·항공사 제휴 자격은 해당하지 않음.",3,UC301 | UC302 | UC303,노리2 체크카드(Global) | 신한카드 Mr.Life | 국민행복 삼성카드 V2,노리2 체크카드(Global):구독·배달·소액생활 | 신한카드 Mr.Life:외식·온라인쇼핑·병원/약국 | 국민행복 삼성카드 V2:육아·마트·보험·병원·관리비·통신,july26-persona3-0033,july26-persona3-0033,2026-07,2026-07-16T12:25:00,야놀자,여행,숙박 및 여행,TRAVEL_LODGING,212800,0,212800,신용카드,CARD,APPROVED,야놀자 결제 · 여행/숙박 카테고리,,UC302,13,신한카드 Mr.Life,신한카드,개인 신용카드,외식·온라인쇼핑·병원/약국,,4456,신용카드,,300000,54000.0,,https://www.card-gorilla.com/card/detail/13,1224200,1075800,Y,UC303,718.0,국민행복 삼성카드 V2,삼성카드,가족 공동카드,육아·마트·보험·병원·관리비·통신,,신용카드,,0.0,30000.0,1631400.0,1448500.0,Y,WRONG_CARD_BEFORE_PICKA,BEFORE_PICKA,0,4800,4800,픽카 이용 전 다른 카드를 사용하여 받을 수 있었던 혜택을 놓침,7%,10000.0,,,SYNTHETIC_RULE_MATCHING_V1,718-02,여행/숙박 맞춤 혜택,여행/숙박,8,할인,%,7.0,,,,10000.0,,,PICKA 표준 혜택 카테고리 '여행/숙박' 시연 데이터,https://www.card-gorilla.com/card/detail/718,MISSED_WRONG_CARD,국민행복 삼성카드 V2 | 백화점·프리미엄 아울렛·할인점·온라인쇼핑몰·생활잡화·신선식품 배송 7% 결제일할인,4800.0,KRW
ONE_TRANSACTION_PER_ROW,persona3,이지훈,persona3@picka.app,36,1991-09-25,010-0525-3345,쿠팡 와우 멤버십|신세계포인트|CJ ONE|해피포인트|LG U+ 멤버십,ADULT,MID_30S,남성,직장인,경기도 수원시,False,경기도,수원시,1,2026-07-24,"[{""order"":1,""label"":""첫째"",""birth_date"":""2025-08-24"",""exact_age"":""만 0세 11개월 0일"",""school_stage"":""영아""}]",첫째,2025-08-24,만 0세 11개월 0일,영아,,,,,"11개월 아기 양육 중, 가족 중심의 소비",3000000,2026-05~2026-07,"가족 공동카드는 육아·마트·병원·보험·공과금에, 개인카드는 구독·배달·외식 등에 구분해 혜택 비교",False,False,False,False,True,False,PRIVATE_EMPLOYEE | HOUSEHOLD_REPRESENTATIVE,KT,CAR,False,True,NONE,EMART,True,True,1,INFANT,VERIFIED,"36세 직장인·영아 양육 가구 대표. KT·자가용·하이패스·이마트 이용자이며, 육아 지원 카드 검토 대상. 경차·군인·복지·K-패스·항공사 제휴 자격은 해당하지 않음.",3,UC301 | UC302 | UC303,노리2 체크카드(Global) | 신한카드 Mr.Life | 국민행복 삼성카드 V2,노리2 체크카드(Global):구독·배달·소액생활 | 신한카드 Mr.Life:외식·온라인쇼핑·병원/약국 | 국민행복 삼성카드 V2:육아·마트·보험·병원·관리비·통신,july26-persona3-0002,july26-persona3-0002,2026-07,2026-07-17T09:35:00,GS칼텍스,자동차,주유,FUEL,67200,0,67200,신용카드,CARD,APPROVED,GS칼텍스 결제 · 주유 카테고리,,UC303,718,국민행복 삼성카드 V2,삼성카드,가족 공동카드,육아·마트·보험·병원·관리비·통신,,6677,신용카드,,0,30000.0,,https://www.card-gorilla.com/card/detail/718,1631400,1448500,Y,UC303,718.0,국민행복 삼성카드 V2,삼성카드,가족 공동카드,육아·마트·보험·병원·관리비·통신,,신용카드,,0.0,30000.0,1631400.0,1448500.0,Y,CAP_EXHAUSTED,CARD_LIMIT_EXHAUSTED,0,1500,1500,월 할인한도 소진으로 혜택 미적용,7%,10000.0,0.0,0.0,SYNTHETIC_RULE_MATCHING_V1,718-02,주유 맞춤 혜택,주유,17,할인,%,7.0,,,,10000.0,,,PICKA 표준 혜택 카테고리 '주유' 시연 데이터,https://www.card-gorilla.com/card/detail/718,MISSED_CAP_EXHAUSTED,국민행복 삼성카드 V2 | 백화점·프리미엄 아울렛·할인점·온라인쇼핑몰·생활잡화·신선식품 배송 7% 결제일할인,1500.0,KRW
ONE_TRANSACTION_PER_ROW,persona3,이지훈,persona3@picka.app,36,1991-09-25,010-0525-3345,쿠팡 와우 멤버십|신세계포인트|CJ ONE|해피포인트|LG U+ 멤버십,ADULT,MID_30S,남성,직장인,경기도 수원시,False,경기도,수원시,1,2026-07-24,"[{""order"":1,""label"":""첫째"",""birth_date"":""2025-08-24"",""exact_age"":""만 0세 11개월 0일"",""school_stage"":""영아""}]",첫째,2025-08-24,만 0세 11개월 0일,영아,,,,,"11개월 아기 양육 중, 가족 중심의 소비",3000000,2026-05~2026-07,"가족 공동카드는 육아·마트·병원·보험·공과금에, 개인카드는 구독·배달·외식 등에 구분해 혜택 비교",False,False,False,False,True,False,PRIVATE_EMPLOYEE | HOUSEHOLD_REPRESENTATIVE,KT,CAR,False,True,NONE,EMART,True,True,1,INFANT,VERIFIED,"36세 직장인·영아 양육 가구 대표. KT·자가용·하이패스·이마트 이용자이며, 육아 지원 카드 검토 대상. 경차·군인·복지·K-패스·항공사 제휴 자격은 해당하지 않음.",3,UC301 | UC302 | UC303,노리2 체크카드(Global) | 신한카드 Mr.Life | 국민행복 삼성카드 V2,노리2 체크카드(Global):구독·배달·소액생활 | 신한카드 Mr.Life:외식·온라인쇼핑·병원/약국 | 국민행복 삼성카드 V2:육아·마트·보험·병원·관리비·통신,july26-persona3-0001,july26-persona3-0001,2026-07,2026-07-18T08:10:00,롯데월드,레저,테마파크 및 레저,THEMEPARK_LEISURE,99800,0,99800,신용카드,CARD,APPROVED,롯데월드 결제 · 테마파크/레저 카테고리,,UC302,13,신한카드 Mr.Life,신한카드,개인 신용카드,외식·온라인쇼핑·병원/약국,,4456,신용카드,,300000,54000.0,,https://www.card-gorilla.com/card/detail/13,1224200,1075800,Y,UC303,718.0,국민행복 삼성카드 V2,삼성카드,가족 공동카드,육아·마트·보험·병원·관리비·통신,,신용카드,,0.0,30000.0,1631400.0,1448500.0,Y,WRONG_CARD_BEFORE_PICKA,BEFORE_PICKA,0,2200,2200,픽카 이용 전 다른 카드를 사용하여 받을 수 있었던 혜택을 놓침,7%,10000.0,,,SYNTHETIC_RULE_MATCHING_V1,718-02,테마파크/레저 맞춤 혜택,테마파크/레저,38,할인,%,7.0,,,,10000.0,,,PICKA 표준 혜택 카테고리 '테마파크/레저' 시연 데이터,https://www.card-gorilla.com/card/detail/718,MISSED_WRONG_CARD,국민행복 삼성카드 V2 | 백화점·프리미엄 아울렛·할인점·온라인쇼핑몰·생활잡화·신선식품 배송 7% 결제일할인,2200.0,KRW
ONE_TRANSACTION_PER_ROW,persona3,이지훈,persona3@picka.app,36,1991-09-25,010-0525-3345,쿠팡 와우 멤버십|신세계포인트|CJ ONE|해피포인트|LG U+ 멤버십,ADULT,MID_30S,남성,직장인,경기도 수원시,False,경기도,수원시,1,2026-07-24,"[{""order"":1,""label"":""첫째"",""birth_date"":""2025-08-24"",""exact_age"":""만 0세 11개월 0일"",""school_stage"":""영아""}]",첫째,2025-08-24,만 0세 11개월 0일,영아,,,,,"11개월 아기 양육 중, 가족 중심의 소비",3000000,2026-05~2026-07,"가족 공동카드는 육아·마트·병원·보험·공과금에, 개인카드는 구독·배달·외식 등에 구분해 혜택 비교",False,False,False,False,True,False,PRIVATE_EMPLOYEE | HOUSEHOLD_REPRESENTATIVE,KT,CAR,False,True,NONE,EMART,True,True,1,INFANT,VERIFIED,"36세 직장인·영아 양육 가구 대표. KT·자가용·하이패스·이마트 이용자이며, 육아 지원 카드 검토 대상. 경차·군인·복지·K-패스·항공사 제휴 자격은 해당하지 않음.",3,UC301 | UC302 | UC303,노리2 체크카드(Global) | 신한카드 Mr.Life | 국민행복 삼성카드 V2,노리2 체크카드(Global):구독·배달·소액생활 | 신한카드 Mr.Life:외식·온라인쇼핑·병원/약국 | 국민행복 삼성카드 V2:육아·마트·보험·병원·관리비·통신,july26-persona3-0013,july26-persona3-0013,2026-07,2026-07-18T13:45:00,한국전력공사,공과금,생활요금,UTILITIES,97000,0,97000,신용카드,CARD,APPROVED,한국전력공사 결제 · 공과금/생활요금 카테고리,,UC303,718,국민행복 삼성카드 V2,삼성카드,가족 공동카드,육아·마트·보험·병원·관리비·통신,,6677,신용카드,,0,30000.0,,https://www.card-gorilla.com/card/detail/718,1631400,1448500,Y,UC303,718.0,국민행복 삼성카드 V2,삼성카드,가족 공동카드,육아·마트·보험·병원·관리비·통신,,신용카드,,0.0,30000.0,1631400.0,1448500.0,Y,CAP_EXHAUSTED,CARD_LIMIT_EXHAUSTED,0,2100,2100,월 할인한도 소진으로 혜택 미적용,7%,10000.0,0.0,0.0,SYNTHETIC_RULE_MATCHING_V1,718-04,공과금/생활요금 맞춤 혜택,공과금/생활요금,3,할인,%,7.0,,,,10000.0,,,PICKA 표준 혜택 카테고리 '공과금/생활요금' 시연 데이터,https://www.card-gorilla.com/card/detail/718,MISSED_CAP_EXHAUSTED,국민행복 삼성카드 V2 | 아파트 관리비·도시가스요금·전기요금·4대 사회보험·보험·통신·렌탈 자동납부 연결 시 7% 결제일할인,2100.0,KRW
ONE_TRANSACTION_PER_ROW,persona3,이지훈,persona3@picka.app,36,1991-09-25,010-0525-3345,쿠팡 와우 멤버십|신세계포인트|CJ ONE|해피포인트|LG U+ 멤버십,ADULT,MID_30S,남성,직장인,경기도 수원시,False,경기도,수원시,1,2026-07-24,"[{""order"":1,""label"":""첫째"",""birth_date"":""2025-08-24"",""exact_age"":""만 0세 11개월 0일"",""school_stage"":""영아""}]",첫째,2025-08-24,만 0세 11개월 0일,영아,,,,,"11개월 아기 양육 중, 가족 중심의 소비",3000000,2026-05~2026-07,"가족 공동카드는 육아·마트·병원·보험·공과금에, 개인카드는 구독·배달·외식 등에 구분해 혜택 비교",False,False,False,False,True,False,PRIVATE_EMPLOYEE | HOUSEHOLD_REPRESENTATIVE,KT,CAR,False,True,NONE,EMART,True,True,1,INFANT,VERIFIED,"36세 직장인·영아 양육 가구 대표. KT·자가용·하이패스·이마트 이용자이며, 육아 지원 카드 검토 대상. 경차·군인·복지·K-패스·항공사 제휴 자격은 해당하지 않음.",3,UC301 | UC302 | UC303,노리2 체크카드(Global) | 신한카드 Mr.Life | 국민행복 삼성카드 V2,노리2 체크카드(Global):구독·배달·소액생활 | 신한카드 Mr.Life:외식·온라인쇼핑·병원/약국 | 국민행복 삼성카드 V2:육아·마트·보험·병원·관리비·통신,july26-persona3-0015,july26-persona3-0015,2026-07,2026-07-20T12:35:00,이마트,마트/쇼핑,대형마트 및 쇼핑,MART_SHOPPING,83500,0,83500,신용카드,CARD,APPROVED,이마트 결제 · 마트/쇼핑 카테고리,,UC303,718,국민행복 삼성카드 V2,삼성카드,가족 공동카드,육아·마트·보험·병원·관리비·통신,,6677,신용카드,,0,30000.0,,https://www.card-gorilla.com/card/detail/718,1631400,1448500,Y,UC303,718.0,국민행복 삼성카드 V2,삼성카드,가족 공동카드,육아·마트·보험·병원·관리비·통신,,신용카드,,0.0,30000.0,1631400.0,1448500.0,Y,CAP_EXHAUSTED,CARD_LIMIT_EXHAUSTED,0,1800,1800,월 할인한도 소진으로 혜택 미적용,7%,10000.0,0.0,0.0,SYNTHETIC_RULE_MATCHING_V1,718-02,마트/쇼핑 맞춤 혜택,마트/쇼핑,97,할인,%,7.0,,,,10000.0,,,PICKA 표준 혜택 카테고리 '마트/쇼핑' 시연 데이터,https://www.card-gorilla.com/card/detail/718,MISSED_CAP_EXHAUSTED,국민행복 삼성카드 V2 | 백화점·프리미엄 아울렛·할인점·온라인쇼핑몰·생활잡화·신선식품 배송 7% 결제일할인,1800.0,KRW
ONE_TRANSACTION_PER_ROW,persona3,이지훈,persona3@picka.app,36,1991-09-25,010-0525-3345,쿠팡 와우 멤버십|신세계포인트|CJ ONE|해피포인트|LG U+ 멤버십,ADULT,MID_30S,남성,직장인,경기도 수원시,False,경기도,수원시,1,2026-07-24,"[{""order"":1,""label"":""첫째"",""birth_date"":""2025-08-24"",""exact_age"":""만 0세 11개월 0일"",""school_stage"":""영아""}]",첫째,2025-08-24,만 0세 11개월 0일,영아,,,,,"11개월 아기 양육 중, 가족 중심의 소비",3000000,2026-05~2026-07,"가족 공동카드는 육아·마트·병원·보험·공과금에, 개인카드는 구독·배달·외식 등에 구분해 혜택 비교",False,False,False,False,True,False,PRIVATE_EMPLOYEE | HOUSEHOLD_REPRESENTATIVE,KT,CAR,False,True,NONE,EMART,True,True,1,INFANT,VERIFIED,"36세 직장인·영아 양육 가구 대표. KT·자가용·하이패스·이마트 이용자이며, 육아 지원 카드 검토 대상. 경차·군인·복지·K-패스·항공사 제휴 자격은 해당하지 않음.",3,UC301 | UC302 | UC303,노리2 체크카드(Global) | 신한카드 Mr.Life | 국민행복 삼성카드 V2,노리2 체크카드(Global):구독·배달·소액생활 | 신한카드 Mr.Life:외식·온라인쇼핑·병원/약국 | 국민행복 삼성카드 V2:육아·마트·보험·병원·관리비·통신,july26-persona3-0025,july26-persona3-0025,2026-07,2026-07-20T15:35:00,서울도시가스,공과금,생활요금,UTILITIES,73700,0,73700,체크카드,CARD,APPROVED,서울도시가스 결제 · 공과금/생활요금 카테고리,,UC301,2423,노리2 체크카드(Global),KB국민카드,개인 체크카드,구독·배달·소액생활,,4455,체크카드,,200000,70000.0,,https://www.card-gorilla.com/card/detail/2423,28500,388700,N,UC303,718.0,국민행복 삼성카드 V2,삼성카드,가족 공동카드,육아·마트·보험·병원·관리비·통신,,신용카드,,0.0,30000.0,1631400.0,1448500.0,Y,WRONG_CARD_BEFORE_PICKA,BEFORE_PICKA,0,1600,1600,픽카 이용 전 다른 카드를 사용하여 받을 수 있었던 혜택을 놓침,7%,10000.0,,,SYNTHETIC_RULE_MATCHING_V1,718-04,공과금/생활요금 맞춤 혜택,공과금/생활요금,3,할인,%,7.0,,,,10000.0,,,PICKA 표준 혜택 카테고리 '공과금/생활요금' 시연 데이터,https://www.card-gorilla.com/card/detail/718,MISSED_WRONG_CARD,국민행복 삼성카드 V2 | 아파트 관리비·도시가스요금·전기요금·4대 사회보험·보험·통신·렌탈 자동납부 연결 시 7% 결제일할인,1600.0,KRW
ONE_TRANSACTION_PER_ROW,persona3,이지훈,persona3@picka.app,36,1991-09-25,010-0525-3345,쿠팡 와우 멤버십|신세계포인트|CJ ONE|해피포인트|LG U+ 멤버십,ADULT,MID_30S,남성,직장인,경기도 수원시,False,경기도,수원시,1,2026-07-24,"[{""order"":1,""label"":""첫째"",""birth_date"":""2025-08-24"",""exact_age"":""만 0세 11개월 0일"",""school_stage"":""영아""}]",첫째,2025-08-24,만 0세 11개월 0일,영아,,,,,"11개월 아기 양육 중, 가족 중심의 소비",3000000,2026-05~2026-07,"가족 공동카드는 육아·마트·병원·보험·공과금에, 개인카드는 구독·배달·외식 등에 구분해 혜택 비교",False,False,False,False,True,False,PRIVATE_EMPLOYEE | HOUSEHOLD_REPRESENTATIVE,KT,CAR,False,True,NONE,EMART,True,True,1,INFANT,VERIFIED,"36세 직장인·영아 양육 가구 대표. KT·자가용·하이패스·이마트 이용자이며, 육아 지원 카드 검토 대상. 경차·군인·복지·K-패스·항공사 제휴 자격은 해당하지 않음.",3,UC301 | UC302 | UC303,노리2 체크카드(Global) | 신한카드 Mr.Life | 국민행복 삼성카드 V2,노리2 체크카드(Global):구독·배달·소액생활 | 신한카드 Mr.Life:외식·온라인쇼핑·병원/약국 | 국민행복 삼성카드 V2:육아·마트·보험·병원·관리비·통신,july26-persona3-0007,july26-persona3-0007,2026-07,2026-07-20T17:15:00,소아청소년과,의료,병원 및 약국,MEDICAL,47400,0,47400,체크카드,CARD,APPROVED,소아청소년과 결제 · 병원/약국 카테고리,,UC301,2423,노리2 체크카드(Global),KB국민카드,개인 체크카드,구독·배달·소액생활,,4455,체크카드,,200000,70000.0,,https://www.card-gorilla.com/card/detail/2423,28500,388700,N,UC303,718.0,국민행복 삼성카드 V2,삼성카드,가족 공동카드,육아·마트·보험·병원·관리비·통신,,신용카드,,0.0,30000.0,1631400.0,1448500.0,Y,WRONG_CARD_BEFORE_PICKA,BEFORE_PICKA,0,1000,1000,픽카 이용 전 다른 카드를 사용하여 받을 수 있었던 혜택을 놓침,7%,10000.0,,,SYNTHETIC_RULE_MATCHING_V1,718-02,병원/약국 맞춤 혜택,병원/약국,12,할인,%,7.0,,,,10000.0,,,PICKA 표준 혜택 카테고리 '병원/약국' 시연 데이터,https://www.card-gorilla.com/card/detail/718,MISSED_WRONG_CARD,국민행복 삼성카드 V2 | 백화점·프리미엄 아울렛·할인점·온라인쇼핑몰·생활잡화·신선식품 배송 7% 결제일할인,1000.0,KRW
ONE_TRANSACTION_PER_ROW,persona3,이지훈,persona3@picka.app,36,1991-09-25,010-0525-3345,쿠팡 와우 멤버십|신세계포인트|CJ ONE|해피포인트|LG U+ 멤버십,ADULT,MID_30S,남성,직장인,경기도 수원시,False,경기도,수원시,1,2026-07-24,"[{""order"":1,""label"":""첫째"",""birth_date"":""2025-08-24"",""exact_age"":""만 0세 11개월 0일"",""school_stage"":""영아""}]",첫째,2025-08-24,만 0세 11개월 0일,영아,,,,,"11개월 아기 양육 중, 가족 중심의 소비",3000000,2026-05~2026-07,"가족 공동카드는 육아·마트·병원·보험·공과금에, 개인카드는 구독·배달·외식 등에 구분해 혜택 비교",False,False,False,False,True,False,PRIVATE_EMPLOYEE | HOUSEHOLD_REPRESENTATIVE,KT,CAR,False,True,NONE,EMART,True,True,1,INFANT,VERIFIED,"36세 직장인·영아 양육 가구 대표. KT·자가용·하이패스·이마트 이용자이며, 육아 지원 카드 검토 대상. 경차·군인·복지·K-패스·항공사 제휴 자격은 해당하지 않음.",3,UC301 | UC302 | UC303,노리2 체크카드(Global) | 신한카드 Mr.Life | 국민행복 삼성카드 V2,노리2 체크카드(Global):구독·배달·소액생활 | 신한카드 Mr.Life:외식·온라인쇼핑·병원/약국 | 국민행복 삼성카드 V2:육아·마트·보험·병원·관리비·통신,july26-persona3-0037,july26-persona3-0037,2026-07,2026-07-20T18:10:00,무인양품,생활,생활용품,LIVING,38800,0,38800,체크카드,CARD,APPROVED,무인양품 결제 · 생활 카테고리,,UC301,2423,노리2 체크카드(Global),KB국민카드,개인 체크카드,구독·배달·소액생활,,4455,체크카드,,200000,70000.0,,https://www.card-gorilla.com/card/detail/2423,28500,388700,N,UC303,718.0,국민행복 삼성카드 V2,삼성카드,가족 공동카드,육아·마트·보험·병원·관리비·통신,,신용카드,,0.0,30000.0,1631400.0,1448500.0,Y,WRONG_CARD_BEFORE_PICKA,BEFORE_PICKA,0,800,800,픽카 이용 전 다른 카드를 사용하여 받을 수 있었던 혜택을 놓침,7%,10000.0,,,SYNTHETIC_RULE_MATCHING_V1,718-02,생활 맞춤 혜택,생활,22,할인,%,7.0,,,,10000.0,,,PICKA 표준 혜택 카테고리 '생활' 시연 데이터,https://www.card-gorilla.com/card/detail/718,MISSED_WRONG_CARD,국민행복 삼성카드 V2 | 백화점·프리미엄 아울렛·할인점·온라인쇼핑몰·생활잡화·신선식품 배송 7% 결제일할인,800.0,KRW
ONE_TRANSACTION_PER_ROW,persona3,이지훈,persona3@picka.app,36,1991-09-25,010-0525-3345,쿠팡 와우 멤버십|신세계포인트|CJ ONE|해피포인트|LG U+ 멤버십,ADULT,MID_30S,남성,직장인,경기도 수원시,False,경기도,수원시,1,2026-07-24,"[{""order"":1,""label"":""첫째"",""birth_date"":""2025-08-24"",""exact_age"":""만 0세 11개월 0일"",""school_stage"":""영아""}]",첫째,2025-08-24,만 0세 11개월 0일,영아,,,,,"11개월 아기 양육 중, 가족 중심의 소비",3000000,2026-05~2026-07,"가족 공동카드는 육아·마트·병원·보험·공과금에, 개인카드는 구독·배달·외식 등에 구분해 혜택 비교",False,False,False,False,True,False,PRIVATE_EMPLOYEE | HOUSEHOLD_REPRESENTATIVE,KT,CAR,False,True,NONE,EMART,True,True,1,INFANT,VERIFIED,"36세 직장인·영아 양육 가구 대표. KT·자가용·하이패스·이마트 이용자이며, 육아 지원 카드 검토 대상. 경차·군인·복지·K-패스·항공사 제휴 자격은 해당하지 않음.",3,UC301 | UC302 | UC303,노리2 체크카드(Global) | 신한카드 Mr.Life | 국민행복 삼성카드 V2,노리2 체크카드(Global):구독·배달·소액생활 | 신한카드 Mr.Life:외식·온라인쇼핑·병원/약국 | 국민행복 삼성카드 V2:육아·마트·보험·병원·관리비·통신,july26-persona3-0030,july26-persona3-0030,2026-07,2026-07-20T21:40:00,쿠팡,온라인쇼핑,온라인 종합몰,ONLINE_SHOPPING,22100,0,22100,신용카드,CARD,APPROVED,쿠팡 결제 · 온라인쇼핑 카테고리,,UC303,718,국민행복 삼성카드 V2,삼성카드,가족 공동카드,육아·마트·보험·병원·관리비·통신,,6677,신용카드,,0,30000.0,,https://www.card-gorilla.com/card/detail/718,1631400,1448500,Y,UC303,718.0,국민행복 삼성카드 V2,삼성카드,가족 공동카드,육아·마트·보험·병원·관리비·통신,,신용카드,,0.0,30000.0,1631400.0,1448500.0,Y,CAP_EXHAUSTED,CARD_LIMIT_EXHAUSTED,0,500,500,월 할인한도 소진으로 혜택 미적용,7%,10000.0,0.0,0.0,SYNTHETIC_RULE_MATCHING_V1,718-02,온라인쇼핑 맞춤 혜택,온라인쇼핑,7,할인,%,7.0,,,,10000.0,,,PICKA 표준 혜택 카테고리 '온라인쇼핑' 시연 데이터,https://www.card-gorilla.com/card/detail/718,MISSED_CAP_EXHAUSTED,국민행복 삼성카드 V2 | 백화점·프리미엄 아울렛·할인점·온라인쇼핑몰·생활잡화·신선식품 배송 7% 결제일할인,500.0,KRW
ONE_TRANSACTION_PER_ROW,persona3,이지훈,persona3@picka.app,36,1991-09-25,010-0525-3345,쿠팡 와우 멤버십|신세계포인트|CJ ONE|해피포인트|LG U+ 멤버십,ADULT,MID_30S,남성,직장인,경기도 수원시,False,경기도,수원시,1,2026-07-24,"[{""order"":1,""label"":""첫째"",""birth_date"":""2025-08-24"",""exact_age"":""만 0세 11개월 0일"",""school_stage"":""영아""}]",첫째,2025-08-24,만 0세 11개월 0일,영아,,,,,"11개월 아기 양육 중, 가족 중심의 소비",3000000,2026-05~2026-07,"가족 공동카드는 육아·마트·병원·보험·공과금에, 개인카드는 구독·배달·외식 등에 구분해 혜택 비교",False,False,False,False,True,False,PRIVATE_EMPLOYEE | HOUSEHOLD_REPRESENTATIVE,KT,CAR,False,True,NONE,EMART,True,True,1,INFANT,VERIFIED,"36세 직장인·영아 양육 가구 대표. KT·자가용·하이패스·이마트 이용자이며, 육아 지원 카드 검토 대상. 경차·군인·복지·K-패스·항공사 제휴 자격은 해당하지 않음.",3,UC301 | UC302 | UC303,노리2 체크카드(Global) | 신한카드 Mr.Life | 국민행복 삼성카드 V2,노리2 체크카드(Global):구독·배달·소액생활 | 신한카드 Mr.Life:외식·온라인쇼핑·병원/약국 | 국민행복 삼성카드 V2:육아·마트·보험·병원·관리비·통신,july26-persona3-0034,july26-persona3-0034,2026-07,2026-07-22T13:25:00,CJ ONE,멤버십,포인트 적립·사용,MEMBERSHIP_POINTS,19500,0,19500,체크카드,CARD,APPROVED,CJ ONE 결제 · 멤버십/포인트 카테고리,,UC301,2423,노리2 체크카드(Global),KB국민카드,개인 체크카드,구독·배달·소액생활,,4455,체크카드,,200000,70000.0,,https://www.card-gorilla.com/card/detail/2423,28500,388700,N,UC303,718.0,국민행복 삼성카드 V2,삼성카드,가족 공동카드,육아·마트·보험·병원·관리비·통신,,신용카드,,0.0,30000.0,1631400.0,1448500.0,Y,WRONG_CARD_BEFORE_PICKA,BEFORE_PICKA,0,400,400,픽카 이용 전 다른 카드를 사용하여 받을 수 있었던 혜택을 놓침,7%,10000.0,,,SYNTHETIC_RULE_MATCHING_V1,718-02,멤버십/포인트 맞춤 혜택,멤버십/포인트,51,할인,%,7.0,,,,10000.0,,,PICKA 표준 혜택 카테고리 '멤버십/포인트' 시연 데이터,https://www.card-gorilla.com/card/detail/718,MISSED_WRONG_CARD,국민행복 삼성카드 V2 | 백화점·프리미엄 아울렛·할인점·온라인쇼핑몰·생활잡화·신선식품 배송 7% 결제일할인,400.0,KRW
ONE_TRANSACTION_PER_ROW,persona3,이지훈,persona3@picka.app,36,1991-09-25,010-0525-3345,쿠팡 와우 멤버십|신세계포인트|CJ ONE|해피포인트|LG U+ 멤버십,ADULT,MID_30S,남성,직장인,경기도 수원시,False,경기도,수원시,1,2026-07-24,"[{""order"":1,""label"":""첫째"",""birth_date"":""2025-08-24"",""exact_age"":""만 0세 11개월 0일"",""school_stage"":""영아""}]",첫째,2025-08-24,만 0세 11개월 0일,영아,,,,,"11개월 아기 양육 중, 가족 중심의 소비",3000000,2026-05~2026-07,"가족 공동카드는 육아·마트·병원·보험·공과금에, 개인카드는 구독·배달·외식 등에 구분해 혜택 비교",False,False,False,False,True,False,PRIVATE_EMPLOYEE | HOUSEHOLD_REPRESENTATIVE,KT,CAR,False,True,NONE,EMART,True,True,1,INFANT,VERIFIED,"36세 직장인·영아 양육 가구 대표. KT·자가용·하이패스·이마트 이용자이며, 육아 지원 카드 검토 대상. 경차·군인·복지·K-패스·항공사 제휴 자격은 해당하지 않음.",3,UC301 | UC302 | UC303,노리2 체크카드(Global) | 신한카드 Mr.Life | 국민행복 삼성카드 V2,노리2 체크카드(Global):구독·배달·소액생활 | 신한카드 Mr.Life:외식·온라인쇼핑·병원/약국 | 국민행복 삼성카드 V2:육아·마트·보험·병원·관리비·통신,july26-persona3-0028,july26-persona3-0028,2026-07,2026-07-22T15:20:00,배달의민족,배달,배달앱,DELIVERY,28600,0,28600,신용카드,CARD,APPROVED,배달의민족 결제 · 배달앱 카테고리,,UC302,13,신한카드 Mr.Life,신한카드,개인 신용카드,외식·온라인쇼핑·병원/약국,,4456,신용카드,,300000,54000.0,,https://www.card-gorilla.com/card/detail/13,1224200,1075800,Y,UC303,718.0,국민행복 삼성카드 V2,삼성카드,가족 공동카드,육아·마트·보험·병원·관리비·통신,,신용카드,,0.0,30000.0,1631400.0,1448500.0,Y,WRONG_CARD_BEFORE_PICKA,BEFORE_PICKA,0,600,600,픽카 이용 전 다른 카드를 사용하여 받을 수 있었던 혜택을 놓침,7%,10000.0,,,SYNTHETIC_RULE_MATCHING_V1,718-02,배달앱 맞춤 혜택,배달앱,19,할인,%,7.0,,,,10000.0,,,PICKA 표준 혜택 카테고리 '배달앱' 시연 데이터,https://www.card-gorilla.com/card/detail/718,MISSED_WRONG_CARD,국민행복 삼성카드 V2 | 백화점·프리미엄 아울렛·할인점·온라인쇼핑몰·생활잡화·신선식품 배송 7% 결제일할인,600.0,KRW
ONE_TRANSACTION_PER_ROW,persona3,이지훈,persona3@picka.app,36,1991-09-25,010-0525-3345,쿠팡 와우 멤버십|신세계포인트|CJ ONE|해피포인트|LG U+ 멤버십,ADULT,MID_30S,남성,직장인,경기도 수원시,False,경기도,수원시,1,2026-07-24,"[{""order"":1,""label"":""첫째"",""birth_date"":""2025-08-24"",""exact_age"":""만 0세 11개월 0일"",""school_stage"":""영아""}]",첫째,2025-08-24,만 0세 11개월 0일,영아,,,,,"11개월 아기 양육 중, 가족 중심의 소비",3000000,2026-05~2026-07,"가족 공동카드는 육아·마트·병원·보험·공과금에, 개인카드는 구독·배달·외식 등에 구분해 혜택 비교",False,False,False,False,True,False,PRIVATE_EMPLOYEE | HOUSEHOLD_REPRESENTATIVE,KT,CAR,False,True,NONE,EMART,True,True,1,INFANT,VERIFIED,"36세 직장인·영아 양육 가구 대표. KT·자가용·하이패스·이마트 이용자이며, 육아 지원 카드 검토 대상. 경차·군인·복지·K-패스·항공사 제휴 자격은 해당하지 않음.",3,UC301 | UC302 | UC303,노리2 체크카드(Global) | 신한카드 Mr.Life | 국민행복 삼성카드 V2,노리2 체크카드(Global):구독·배달·소액생활 | 신한카드 Mr.Life:외식·온라인쇼핑·병원/약국 | 국민행복 삼성카드 V2:육아·마트·보험·병원·관리비·통신,july26-persona3-0016,july26-persona3-0016,2026-07,2026-07-22T17:55:00,SK텔레콤,통신,이동통신요금,TELECOM,64800,0,64800,신용카드,CARD,APPROVED,SK텔레콤 결제 · 통신 카테고리,,UC303,718,국민행복 삼성카드 V2,삼성카드,가족 공동카드,육아·마트·보험·병원·관리비·통신,,6677,신용카드,,0,30000.0,,https://www.card-gorilla.com/card/detail/718,1631400,1448500,Y,UC303,718.0,국민행복 삼성카드 V2,삼성카드,가족 공동카드,육아·마트·보험·병원·관리비·통신,,신용카드,,0.0,30000.0,1631400.0,1448500.0,Y,CAP_EXHAUSTED,CARD_LIMIT_EXHAUSTED,0,1400,1400,월 할인한도 소진으로 혜택 미적용,7%,10000.0,0.0,0.0,SYNTHETIC_RULE_MATCHING_V1,718-02,통신 맞춤 혜택,통신,9,할인,%,7.0,,,,10000.0,,,PICKA 표준 혜택 카테고리 '통신' 시연 데이터,https://www.card-gorilla.com/card/detail/718,MISSED_CAP_EXHAUSTED,국민행복 삼성카드 V2 | 백화점·프리미엄 아울렛·할인점·온라인쇼핑몰·생활잡화·신선식품 배송 7% 결제일할인,1400.0,KRW
ONE_TRANSACTION_PER_ROW,persona3,이지훈,persona3@picka.app,36,1991-09-25,010-0525-3345,쿠팡 와우 멤버십|신세계포인트|CJ ONE|해피포인트|LG U+ 멤버십,ADULT,MID_30S,남성,직장인,경기도 수원시,False,경기도,수원시,1,2026-07-24,"[{""order"":1,""label"":""첫째"",""birth_date"":""2025-08-24"",""exact_age"":""만 0세 11개월 0일"",""school_stage"":""영아""}]",첫째,2025-08-24,만 0세 11개월 0일,영아,,,,,"11개월 아기 양육 중, 가족 중심의 소비",3000000,2026-05~2026-07,"가족 공동카드는 육아·마트·병원·보험·공과금에, 개인카드는 구독·배달·외식 등에 구분해 혜택 비교",False,False,False,False,True,False,PRIVATE_EMPLOYEE | HOUSEHOLD_REPRESENTATIVE,KT,CAR,False,True,NONE,EMART,True,True,1,INFANT,VERIFIED,"36세 직장인·영아 양육 가구 대표. KT·자가용·하이패스·이마트 이용자이며, 육아 지원 카드 검토 대상. 경차·군인·복지·K-패스·항공사 제휴 자격은 해당하지 않음.",3,UC301 | UC302 | UC303,노리2 체크카드(Global) | 신한카드 Mr.Life | 국민행복 삼성카드 V2,노리2 체크카드(Global):구독·배달·소액생활 | 신한카드 Mr.Life:외식·온라인쇼핑·병원/약국 | 국민행복 삼성카드 V2:육아·마트·보험·병원·관리비·통신,july26-persona3-0009,july26-persona3-0009,2026-07,2026-07-23T10:40:00,S-OIL,자동차,주유,FUEL,54400,0,54400,체크카드,CARD,APPROVED,S-OIL 결제 · 주유 카테고리,,UC301,2423,노리2 체크카드(Global),KB국민카드,개인 체크카드,구독·배달·소액생활,,4455,체크카드,,200000,70000.0,,https://www.card-gorilla.com/card/detail/2423,28500,388700,N,UC303,718.0,국민행복 삼성카드 V2,삼성카드,가족 공동카드,육아·마트·보험·병원·관리비·통신,,신용카드,,0.0,30000.0,1631400.0,1448500.0,Y,WRONG_CARD_BEFORE_PICKA,BEFORE_PICKA,0,1200,1200,픽카 이용 전 다른 카드를 사용하여 받을 수 있었던 혜택을 놓침,7%,10000.0,,,SYNTHETIC_RULE_MATCHING_V1,718-04,주유 맞춤 혜택,주유,17,할인,%,7.0,,,,10000.0,,,PICKA 표준 혜택 카테고리 '주유' 시연 데이터,https://www.card-gorilla.com/card/detail/718,MISSED_WRONG_CARD,국민행복 삼성카드 V2 | 아파트 관리비·도시가스요금·전기요금·4대 사회보험·보험·통신·렌탈 자동납부 연결 시 7% 결제일할인,1200.0,KRW
ONE_TRANSACTION_PER_ROW,persona3,이지훈,persona3@picka.app,36,1991-09-25,010-0525-3345,쿠팡 와우 멤버십|신세계포인트|CJ ONE|해피포인트|LG U+ 멤버십,ADULT,MID_30S,남성,직장인,경기도 수원시,False,경기도,수원시,1,2026-07-24,"[{""order"":1,""label"":""첫째"",""birth_date"":""2025-08-24"",""exact_age"":""만 0세 11개월 0일"",""school_stage"":""영아""}]",첫째,2025-08-24,만 0세 11개월 0일,영아,,,,,"11개월 아기 양육 중, 가족 중심의 소비",3000000,2026-05~2026-07,"가족 공동카드는 육아·마트·병원·보험·공과금에, 개인카드는 구독·배달·외식 등에 구분해 혜택 비교",False,False,False,False,True,False,PRIVATE_EMPLOYEE | HOUSEHOLD_REPRESENTATIVE,KT,CAR,False,True,NONE,EMART,True,True,1,INFANT,VERIFIED,"36세 직장인·영아 양육 가구 대표. KT·자가용·하이패스·이마트 이용자이며, 육아 지원 카드 검토 대상. 경차·군인·복지·K-패스·항공사 제휴 자격은 해당하지 않음.",3,UC301 | UC302 | UC303,노리2 체크카드(Global) | 신한카드 Mr.Life | 국민행복 삼성카드 V2,노리2 체크카드(Global):구독·배달·소액생활 | 신한카드 Mr.Life:외식·온라인쇼핑·병원/약국 | 국민행복 삼성카드 V2:육아·마트·보험·병원·관리비·통신,july26-persona3-0006,july26-persona3-0006,2026-07,2026-07-23T14:00:00,네이버페이,간편결제,온라인 간편결제,EASY_PAY,27200,0,27200,체크카드,CARD,APPROVED,네이버페이 결제 · 간편결제 카테고리,,UC301,2423,노리2 체크카드(Global),KB국민카드,개인 체크카드,구독·배달·소액생활,,4455,체크카드,,200000,70000.0,,https://www.card-gorilla.com/card/detail/2423,28500,388700,N,UC303,718.0,국민행복 삼성카드 V2,삼성카드,가족 공동카드,육아·마트·보험·병원·관리비·통신,,신용카드,,0.0,30000.0,1631400.0,1448500.0,Y,WRONG_CARD_BEFORE_PICKA,BEFORE_PICKA,0,600,600,픽카 이용 전 다른 카드를 사용하여 받을 수 있었던 혜택을 놓침,7%,10000.0,,,SYNTHETIC_RULE_MATCHING_V1,718-02,간편결제 맞춤 혜택,간편결제,45,할인,%,7.0,,,,10000.0,,,PICKA 표준 혜택 카테고리 '간편결제' 시연 데이터,https://www.card-gorilla.com/card/detail/718,MISSED_WRONG_CARD,국민행복 삼성카드 V2 | 백화점·프리미엄 아울렛·할인점·온라인쇼핑몰·생활잡화·신선식품 배송 7% 결제일할인,600.0,KRW
ONE_TRANSACTION_PER_ROW,persona3,이지훈,persona3@picka.app,36,1991-09-25,010-0525-3345,쿠팡 와우 멤버십|신세계포인트|CJ ONE|해피포인트|LG U+ 멤버십,ADULT,MID_30S,남성,직장인,경기도 수원시,False,경기도,수원시,1,2026-07-24,"[{""order"":1,""label"":""첫째"",""birth_date"":""2025-08-24"",""exact_age"":""만 0세 11개월 0일"",""school_stage"":""영아""}]",첫째,2025-08-24,만 0세 11개월 0일,영아,,,,,"11개월 아기 양육 중, 가족 중심의 소비",3000000,2026-05~2026-07,"가족 공동카드는 육아·마트·병원·보험·공과금에, 개인카드는 구독·배달·외식 등에 구분해 혜택 비교",False,False,False,False,True,False,PRIVATE_EMPLOYEE | HOUSEHOLD_REPRESENTATIVE,KT,CAR,False,True,NONE,EMART,True,True,1,INFANT,VERIFIED,"36세 직장인·영아 양육 가구 대표. KT·자가용·하이패스·이마트 이용자이며, 육아 지원 카드 검토 대상. 경차·군인·복지·K-패스·항공사 제휴 자격은 해당하지 않음.",3,UC301 | UC302 | UC303,노리2 체크카드(Global) | 신한카드 Mr.Life | 국민행복 삼성카드 V2,노리2 체크카드(Global):구독·배달·소액생활 | 신한카드 Mr.Life:외식·온라인쇼핑·병원/약국 | 국민행복 삼성카드 V2:육아·마트·보험·병원·관리비·통신,july26-persona3-0021,july26-persona3-0021,2026-07,2026-07-23T19:15:00,홈플러스,마트/쇼핑,대형마트 및 쇼핑,MART_SHOPPING,72200,0,72200,신용카드,CARD,APPROVED,홈플러스 결제 · 마트/쇼핑 카테고리,,UC303,718,국민행복 삼성카드 V2,삼성카드,가족 공동카드,육아·마트·보험·병원·관리비·통신,,6677,신용카드,,0,30000.0,,https://www.card-gorilla.com/card/detail/718,1631400,1448500,Y,UC303,718.0,국민행복 삼성카드 V2,삼성카드,가족 공동카드,육아·마트·보험·병원·관리비·통신,,신용카드,,0.0,30000.0,1631400.0,1448500.0,Y,CAP_EXHAUSTED,CARD_LIMIT_EXHAUSTED,0,1600,1600,월 할인한도 소진으로 혜택 미적용,7%,10000.0,0.0,0.0,SYNTHETIC_RULE_MATCHING_V1,718-02,마트/쇼핑 맞춤 혜택,마트/쇼핑,97,할인,%,7.0,,,,10000.0,,,PICKA 표준 혜택 카테고리 '마트/쇼핑' 시연 데이터,https://www.card-gorilla.com/card/detail/718,MISSED_CAP_EXHAUSTED,국민행복 삼성카드 V2 | 백화점·프리미엄 아울렛·할인점·온라인쇼핑몰·생활잡화·신선식품 배송 7% 결제일할인,1600.0,KRW
ONE_TRANSACTION_PER_ROW,persona4,정은주,persona4@picka.app,45,1982-10-16,010-0756-9643,L.POINT|신세계포인트|CJ ONE|해피포인트|T 멤버십|교보문고 회원,ADULT,,여성,전업주부,서울 양천구,False,서울특별시,양천구,2,2026-07-24,"[{""order"":1,""label"":""첫째"",""birth_date"":""2009-11-18"",""exact_age"":""만 16세 8개월 6일"",""school_stage"":""고등학생""},{""order"":2,""label"":""둘째"",""birth_date"":""2013-03-07"",""exact_age"":""만 13세 4개월 17일"",""school_stage"":""중학생""}]",첫째,2009-11-18,만 16세 8개월 6일,고등학생,둘째,2013-03-07,만 13세 4개월 17일,중학생,"자녀 2명(중/고등학생), 교육비와 생활비 관리 중심",4500000,2026-05~2026-07,"학원비 자동이체 할인, 대형마트·쿠팡·컬리 적립, 병원·약국 할인, 통신비 캐시백 카드",False,False,False,False,False,False,HOMEMAKER,LGU+,CAR,False,True,NONE,LOTTE,True,True,2,ELEMENTARY_SCHOOL | MIDDLE_SCHOOL,VERIFIED,"45세 전업주부·초등학생 및 중학생 자녀 양육 가구. LGU+·자가용·하이패스·롯데 계열 이용자이며, 경차·임신출산·복지·K-패스·항공사 제휴 자격은 해당하지 않음.",6,UC401 | UC402 | UC403 | UC404 | UC405 | UC406,KB YOU Prime 카드 | I’m GREAT | LOCA 365 카드 | 삼성 iD EDU 카드 | 신한카드 Mr.Life | DA@카드의정석,KB YOU Prime 카드:대형마트·카페·가족생활 | I’m GREAT:병원·약국·보험 | LOCA 365 카드:통신·구독 | 삼성 iD EDU 카드:학원비·교재·교육 | 신한카드 Mr.Life:온라인장보기·쇼핑·외식 | DA@카드의정석:혜택 공백 일반결제,hist-persona4-UC402-001,hist-persona4-UC402-001,2026-05,2026-05-02T09:10:00,한국전력공사,공과금,생활요금,UTILITIES,95400,0,95400,신용카드,CARD,APPROVED,한국전력공사 결제 · 공과금/생활요금 카테고리,,UC402,214,I’m GREAT,롯데카드,의료·보험,병원·약국·보험,,8899,신용카드,,500000,5000.0,,https://www.card-gorilla.com/card/detail/214,407500,538400,N,UC405,13.0,신한카드 Mr.Life,신한카드,온라인 생활비,온라인장보기·쇼핑·외식,,신용카드,,300000.0,54000.0,422000.0,980600.0,Y,WRONG_CARD_BEFORE_PICKA,BEFORE_PICKA,0,1300,1300,픽카 이용 전 다른 카드를 사용하여 받을 수 있었던 혜택을 놓침,10%,3000.0,,,SYNTHETIC_RULE_MATCHING_V1,13-01,공과금/생활요금 맞춤 혜택,공과금/생활요금,3,할인,%,10.0,300000.0,,5000.0,3000.0,,,PICKA 표준 혜택 카테고리 '공과금/생활요금' 시연 데이터,https://www.card-gorilla.com/card/detail/13,MISSED_WRONG_CARD,신한카드 Mr.Life | 월납요금(공과금) 10% 할인서비스 (전월실적 30만원 이상),1300.0,KRW
ONE_TRANSACTION_PER_ROW,persona4,정은주,persona4@picka.app,45,1982-10-16,010-0756-9643,L.POINT|신세계포인트|CJ ONE|해피포인트|T 멤버십|교보문고 회원,ADULT,,여성,전업주부,서울 양천구,False,서울특별시,양천구,2,2026-07-24,"[{""order"":1,""label"":""첫째"",""birth_date"":""2009-11-18"",""exact_age"":""만 16세 8개월 6일"",""school_stage"":""고등학생""},{""order"":2,""label"":""둘째"",""birth_date"":""2013-03-07"",""exact_age"":""만 13세 4개월 17일"",""school_stage"":""중학생""}]",첫째,2009-11-18,만 16세 8개월 6일,고등학생,둘째,2013-03-07,만 13세 4개월 17일,중학생,"자녀 2명(중/고등학생), 교육비와 생활비 관리 중심",4500000,2026-05~2026-07,"학원비 자동이체 할인, 대형마트·쿠팡·컬리 적립, 병원·약국 할인, 통신비 캐시백 카드",False,False,False,False,False,False,HOMEMAKER,LGU+,CAR,False,True,NONE,LOTTE,True,True,2,ELEMENTARY_SCHOOL | MIDDLE_SCHOOL,VERIFIED,"45세 전업주부·초등학생 및 중학생 자녀 양육 가구. LGU+·자가용·하이패스·롯데 계열 이용자이며, 경차·임신출산·복지·K-패스·항공사 제휴 자격은 해당하지 않음.",6,UC401 | UC402 | UC403 | UC404 | UC405 | UC406,KB YOU Prime 카드 | I’m GREAT | LOCA 365 카드 | 삼성 iD EDU 카드 | 신한카드 Mr.Life | DA@카드의정석,KB YOU Prime 카드:대형마트·카페·가족생활 | I’m GREAT:병원·약국·보험 | LOCA 365 카드:통신·구독 | 삼성 iD EDU 카드:학원비·교재·교육 | 신한카드 Mr.Life:온라인장보기·쇼핑·외식 | DA@카드의정석:혜택 공백 일반결제,hist-persona4-UC403-001,hist-persona4-UC403-001,2026-05,2026-05-02T09:10:00,서울도시가스,공과금,생활요금,UTILITIES,75500,0,75500,신용카드,CARD,APPROVED,서울도시가스 결제 · 공과금/생활요금 카테고리,,UC403,2330,LOCA 365 카드,롯데카드,고정비,통신·구독,,9900,신용카드,,500000,,,https://www.card-gorilla.com/card/detail/2330,289400,210300,N,UC405,13.0,신한카드 Mr.Life,신한카드,온라인 생활비,온라인장보기·쇼핑·외식,,신용카드,,300000.0,54000.0,422000.0,980600.0,Y,WRONG_CARD_BEFORE_PICKA,BEFORE_PICKA,0,1100,1100,픽카 이용 전 다른 카드를 사용하여 받을 수 있었던 혜택을 놓침,10%,3000.0,,,SYNTHETIC_RULE_MATCHING_V1,13-01,공과금/생활요금 맞춤 혜택,공과금/생활요금,3,할인,%,10.0,300000.0,,5000.0,3000.0,,,PICKA 표준 혜택 카테고리 '공과금/생활요금' 시연 데이터,https://www.card-gorilla.com/card/detail/13,MISSED_WRONG_CARD,신한카드 Mr.Life | 월납요금(공과금) 10% 할인서비스 (전월실적 30만원 이상),1100.0,KRW
ONE_TRANSACTION_PER_ROW,persona4,정은주,persona4@picka.app,45,1982-10-16,010-0756-9643,L.POINT|신세계포인트|CJ ONE|해피포인트|T 멤버십|교보문고 회원,ADULT,,여성,전업주부,서울 양천구,False,서울특별시,양천구,2,2026-07-24,"[{""order"":1,""label"":""첫째"",""birth_date"":""2009-11-18"",""exact_age"":""만 16세 8개월 6일"",""school_stage"":""고등학생""},{""order"":2,""label"":""둘째"",""birth_date"":""2013-03-07"",""exact_age"":""만 13세 4개월 17일"",""school_stage"":""중학생""}]",첫째,2009-11-18,만 16세 8개월 6일,고등학생,둘째,2013-03-07,만 13세 4개월 17일,중학생,"자녀 2명(중/고등학생), 교육비와 생활비 관리 중심",4500000,2026-05~2026-07,"학원비 자동이체 할인, 대형마트·쿠팡·컬리 적립, 병원·약국 할인, 통신비 캐시백 카드",False,False,False,False,False,False,HOMEMAKER,LGU+,CAR,False,True,NONE,LOTTE,True,True,2,ELEMENTARY_SCHOOL | MIDDLE_SCHOOL,VERIFIED,"45세 전업주부·초등학생 및 중학생 자녀 양육 가구. LGU+·자가용·하이패스·롯데 계열 이용자이며, 경차·임신출산·복지·K-패스·항공사 제휴 자격은 해당하지 않음.",6,UC401 | UC402 | UC403 | UC404 | UC405 | UC406,KB YOU Prime 카드 | I’m GREAT | LOCA 365 카드 | 삼성 iD EDU 카드 | 신한카드 Mr.Life | DA@카드의정석,KB YOU Prime 카드:대형마트·카페·가족생활 | I’m GREAT:병원·약국·보험 | LOCA 365 카드:통신·구독 | 삼성 iD EDU 카드:학원비·교재·교육 | 신한카드 Mr.Life:온라인장보기·쇼핑·외식 | DA@카드의정석:혜택 공백 일반결제,hist-persona4-UC401-001,hist-persona4-UC401-001,2026-05,2026-05-02T09:10:00,이마트,마트/쇼핑,대형마트 및 쇼핑,MART_SHOPPING,183000,0,183000,신용카드,CARD,APPROVED,이마트 결제 · 마트/쇼핑 카테고리,,UC401,2930,KB YOU Prime 카드,KB국민카드,가계 주사용,대형마트·카페·가족생활,가족팩,7788,신용카드,,400000,1200000.0,,https://www.card-gorilla.com/card/detail/2930,658000,1306600,Y,UC405,13.0,신한카드 Mr.Life,신한카드,온라인 생활비,온라인장보기·쇼핑·외식,,신용카드,,300000.0,54000.0,422000.0,980600.0,Y,WRONG_CARD_BEFORE_PICKA,BEFORE_PICKA,0,2600,2600,픽카 이용 전 다른 카드를 사용하여 받을 수 있었던 혜택을 놓침,20%,54000.0,,,SYNTHETIC_RULE_MATCHING_V1,13-10,마트/쇼핑 맞춤 혜택,마트/쇼핑,97,할인,%,20.0,300000.0,,,,,,PICKA 표준 혜택 카테고리 '마트/쇼핑' 시연 데이터,https://www.card-gorilla.com/card/detail/13,MISSED_WRONG_CARD,신한카드 Mr.Life | 인테이크몰 20% 할인 (전월실적 30만원 이상),2600.0,KRW
ONE_TRANSACTION_PER_ROW,persona4,정은주,persona4@picka.app,45,1982-10-16,010-0756-9643,L.POINT|신세계포인트|CJ ONE|해피포인트|T 멤버십|교보문고 회원,ADULT,,여성,전업주부,서울 양천구,False,서울특별시,양천구,2,2026-07-24,"[{""order"":1,""label"":""첫째"",""birth_date"":""2009-11-18"",""exact_age"":""만 16세 8개월 6일"",""school_stage"":""고등학생""},{""order"":2,""label"":""둘째"",""birth_date"":""2013-03-07"",""exact_age"":""만 13세 4개월 17일"",""school_stage"":""중학생""}]",첫째,2009-11-18,만 16세 8개월 6일,고등학생,둘째,2013-03-07,만 13세 4개월 17일,중학생,"자녀 2명(중/고등학생), 교육비와 생활비 관리 중심",4500000,2026-05~2026-07,"학원비 자동이체 할인, 대형마트·쿠팡·컬리 적립, 병원·약국 할인, 통신비 캐시백 카드",False,False,False,False,False,False,HOMEMAKER,LGU+,CAR,False,True,NONE,LOTTE,True,True,2,ELEMENTARY_SCHOOL | MIDDLE_SCHOOL,VERIFIED,"45세 전업주부·초등학생 및 중학생 자녀 양육 가구. LGU+·자가용·하이패스·롯데 계열 이용자이며, 경차·임신출산·복지·K-패스·항공사 제휴 자격은 해당하지 않음.",6,UC401 | UC402 | UC403 | UC404 | UC405 | UC406,KB YOU Prime 카드 | I’m GREAT | LOCA 365 카드 | 삼성 iD EDU 카드 | 신한카드 Mr.Life | DA@카드의정석,KB YOU Prime 카드:대형마트·카페·가족생활 | I’m GREAT:병원·약국·보험 | LOCA 365 카드:통신·구독 | 삼성 iD EDU 카드:학원비·교재·교육 | 신한카드 Mr.Life:온라인장보기·쇼핑·외식 | DA@카드의정석:혜택 공백 일반결제,hist-persona4-UC405-001,hist-persona4-UC405-001,2026-05,2026-05-02T09:10:00,홈플러스,마트/쇼핑,대형마트 및 쇼핑,MART_SHOPPING,72200,4800,67400,신용카드,CARD,APPROVED,홈플러스 결제 · 마트/쇼핑 카테고리,,UC405,13,신한카드 Mr.Life,신한카드,온라인 생활비,온라인장보기·쇼핑·외식,,1055,신용카드,,300000,54000.0,,https://www.card-gorilla.com/card/detail/13,422000,980600,Y,UC405,13.0,신한카드 Mr.Life,신한카드,온라인 생활비,온라인장보기·쇼핑·외식,,신용카드,,300000.0,54000.0,422000.0,980600.0,Y,BENEFIT_RECEIVED,BENEFIT_APPLIED,4800,4800,0,,20%,54000.0,,,SYNTHETIC_RULE_MATCHING_V1,13-10,마트/쇼핑 맞춤 혜택,마트/쇼핑,97,할인,%,20.0,300000.0,,,,,,PICKA 표준 혜택 카테고리 '마트/쇼핑' 시연 데이터,https://www.card-gorilla.com/card/detail/13,DISCOUNT_APPLIED,신한카드 Mr.Life | 인테이크몰 20% 할인 (전월실적 30만원 이상),4800.0,KRW
ONE_TRANSACTION_PER_ROW,persona4,정은주,persona4@picka.app,45,1982-10-16,010-0756-9643,L.POINT|신세계포인트|CJ ONE|해피포인트|T 멤버십|교보문고 회원,ADULT,,여성,전업주부,서울 양천구,False,서울특별시,양천구,2,2026-07-24,"[{""order"":1,""label"":""첫째"",""birth_date"":""2009-11-18"",""exact_age"":""만 16세 8개월 6일"",""school_stage"":""고등학생""},{""order"":2,""label"":""둘째"",""birth_date"":""2013-03-07"",""exact_age"":""만 13세 4개월 17일"",""school_stage"":""중학생""}]",첫째,2009-11-18,만 16세 8개월 6일,고등학생,둘째,2013-03-07,만 13세 4개월 17일,중학생,"자녀 2명(중/고등학생), 교육비와 생활비 관리 중심",4500000,2026-05~2026-07,"학원비 자동이체 할인, 대형마트·쿠팡·컬리 적립, 병원·약국 할인, 통신비 캐시백 카드",False,False,False,False,False,False,HOMEMAKER,LGU+,CAR,False,True,NONE,LOTTE,True,True,2,ELEMENTARY_SCHOOL | MIDDLE_SCHOOL,VERIFIED,"45세 전업주부·초등학생 및 중학생 자녀 양육 가구. LGU+·자가용·하이패스·롯데 계열 이용자이며, 경차·임신출산·복지·K-패스·항공사 제휴 자격은 해당하지 않음.",6,UC401 | UC402 | UC403 | UC404 | UC405 | UC406,KB YOU Prime 카드 | I’m GREAT | LOCA 365 카드 | 삼성 iD EDU 카드 | 신한카드 Mr.Life | DA@카드의정석,KB YOU Prime 카드:대형마트·카페·가족생활 | I’m GREAT:병원·약국·보험 | LOCA 365 카드:통신·구독 | 삼성 iD EDU 카드:학원비·교재·교육 | 신한카드 Mr.Life:온라인장보기·쇼핑·외식 | DA@카드의정석:혜택 공백 일반결제,hist-persona4-UC406-001,hist-persona4-UC406-001,2026-05,2026-05-02T09:10:00,CGV,문화,영화 및 문화,MOVIE_CULTURE,50000,700,49300,신용카드,CARD,APPROVED,CGV 결제 · 영화/문화 카테고리,,UC405,13,신한카드 Mr.Life,신한카드,온라인 생활비,온라인장보기·쇼핑·외식,,1055,신용카드,,300000,54000.0,,https://www.card-gorilla.com/card/detail/13,422000,980600,Y,UC405,13.0,신한카드 Mr.Life,신한카드,온라인 생활비,온라인장보기·쇼핑·외식,,신용카드,,300000.0,54000.0,422000.0,980600.0,Y,BENEFIT_RECEIVED,BENEFIT_APPLIED,700,700,0,,20%,54000.0,,,SYNTHETIC_RULE_MATCHING_V1,13-10,영화/문화 맞춤 혜택,영화/문화,55,할인,%,20.0,300000.0,,,,,,PICKA 표준 혜택 카테고리 '영화/문화' 시연 데이터,https://www.card-gorilla.com/card/detail/13,DISCOUNT_APPLIED,신한카드 Mr.Life | 인테이크몰 20% 할인 (전월실적 30만원 이상),700.0,KRW
ONE_TRANSACTION_PER_ROW,persona4,정은주,persona4@picka.app,45,1982-10-16,010-0756-9643,L.POINT|신세계포인트|CJ ONE|해피포인트|T 멤버십|교보문고 회원,ADULT,,여성,전업주부,서울 양천구,False,서울특별시,양천구,2,2026-07-24,"[{""order"":1,""label"":""첫째"",""birth_date"":""2009-11-18"",""exact_age"":""만 16세 8개월 6일"",""school_stage"":""고등학생""},{""order"":2,""label"":""둘째"",""birth_date"":""2013-03-07"",""exact_age"":""만 13세 4개월 17일"",""school_stage"":""중학생""}]",첫째,2009-11-18,만 16세 8개월 6일,고등학생,둘째,2013-03-07,만 13세 4개월 17일,중학생,"자녀 2명(중/고등학생), 교육비와 생활비 관리 중심",4500000,2026-05~2026-07,"학원비 자동이체 할인, 대형마트·쿠팡·컬리 적립, 병원·약국 할인, 통신비 캐시백 카드",False,False,False,False,False,False,HOMEMAKER,LGU+,CAR,False,True,NONE,LOTTE,True,True,2,ELEMENTARY_SCHOOL | MIDDLE_SCHOOL,VERIFIED,"45세 전업주부·초등학생 및 중학생 자녀 양육 가구. LGU+·자가용·하이패스·롯데 계열 이용자이며, 경차·임신출산·복지·K-패스·항공사 제휴 자격은 해당하지 않음.",6,UC401 | UC402 | UC403 | UC404 | UC405 | UC406,KB YOU Prime 카드 | I’m GREAT | LOCA 365 카드 | 삼성 iD EDU 카드 | 신한카드 Mr.Life | DA@카드의정석,KB YOU Prime 카드:대형마트·카페·가족생활 | I’m GREAT:병원·약국·보험 | LOCA 365 카드:통신·구독 | 삼성 iD EDU 카드:학원비·교재·교육 | 신한카드 Mr.Life:온라인장보기·쇼핑·외식 | DA@카드의정석:혜택 공백 일반결제,hist-persona4-UC404-001,hist-persona4-UC404-001,2026-05,2026-05-02T09:10:00,중등 영어학원,교육/육아,교육 및 육아,EDUCATION_CHILDCARE,133100,0,133100,신용카드,CARD,APPROVED,중등 영어학원 결제 · 교육/육아 카테고리,,UC404,2358,삼성 iD EDU 카드,삼성카드,교육비,학원비·교재·교육,,1044,신용카드,,500000,510000.0,,https://www.card-gorilla.com/card/detail/2358,481700,950900,N,UC401,2930.0,KB YOU Prime 카드,KB국민카드,가계 주사용,대형마트·카페·가족생활,가족팩,신용카드,,400000.0,1200000.0,658000.0,1306600.0,Y,WRONG_CARD_BEFORE_PICKA,BEFORE_PICKA,0,1900,1900,픽카 이용 전 다른 카드를 사용하여 받을 수 있었던 혜택을 놓침,10%,400000.0,,,SYNTHETIC_RULE_MATCHING_V1,2930-02,교육/육아 맞춤 혜택,교육/육아,14,할인,%,10.0,400000.0,50000.0,,400000.0,,,PICKA 표준 혜택 카테고리 '교육/육아' 시연 데이터,https://www.card-gorilla.com/card/detail/2930,MISSED_WRONG_CARD,"KB YOU Prime 카드 | [가족팩] 6개 영역 최대 10% 청구할인
생활요금, 온라인장보기, 일상케어, 학원, 대형마트, 카페",1900.0,KRW
ONE_TRANSACTION_PER_ROW,persona4,정은주,persona4@picka.app,45,1982-10-16,010-0756-9643,L.POINT|신세계포인트|CJ ONE|해피포인트|T 멤버십|교보문고 회원,ADULT,,여성,전업주부,서울 양천구,False,서울특별시,양천구,2,2026-07-24,"[{""order"":1,""label"":""첫째"",""birth_date"":""2009-11-18"",""exact_age"":""만 16세 8개월 6일"",""school_stage"":""고등학생""},{""order"":2,""label"":""둘째"",""birth_date"":""2013-03-07"",""exact_age"":""만 13세 4개월 17일"",""school_stage"":""중학생""}]",첫째,2009-11-18,만 16세 8개월 6일,고등학생,둘째,2013-03-07,만 13세 4개월 17일,중학생,"자녀 2명(중/고등학생), 교육비와 생활비 관리 중심",4500000,2026-05~2026-07,"학원비 자동이체 할인, 대형마트·쿠팡·컬리 적립, 병원·약국 할인, 통신비 캐시백 카드",False,False,False,False,False,False,HOMEMAKER,LGU+,CAR,False,True,NONE,LOTTE,True,True,2,ELEMENTARY_SCHOOL | MIDDLE_SCHOOL,VERIFIED,"45세 전업주부·초등학생 및 중학생 자녀 양육 가구. LGU+·자가용·하이패스·롯데 계열 이용자이며, 경차·임신출산·복지·K-패스·항공사 제휴 자격은 해당하지 않음.",6,UC401 | UC402 | UC403 | UC404 | UC405 | UC406,KB YOU Prime 카드 | I’m GREAT | LOCA 365 카드 | 삼성 iD EDU 카드 | 신한카드 Mr.Life | DA@카드의정석,KB YOU Prime 카드:대형마트·카페·가족생활 | I’m GREAT:병원·약국·보험 | LOCA 365 카드:통신·구독 | 삼성 iD EDU 카드:학원비·교재·교육 | 신한카드 Mr.Life:온라인장보기·쇼핑·외식 | DA@카드의정석:혜택 공백 일반결제,hist-persona4-UC402-002,hist-persona4-UC402-002,2026-05,2026-05-05T12:40:00,가정의학과,의료,병원 및 약국,MEDICAL,75000,1100,73900,신용카드,CARD,APPROVED,가정의학과 결제 · 병원/약국 카테고리,,UC405,13,신한카드 Mr.Life,신한카드,온라인 생활비,온라인장보기·쇼핑·외식,,1055,신용카드,,300000,54000.0,,https://www.card-gorilla.com/card/detail/13,422000,980600,Y,UC405,13.0,신한카드 Mr.Life,신한카드,온라인 생활비,온라인장보기·쇼핑·외식,,신용카드,,300000.0,54000.0,422000.0,980600.0,Y,BENEFIT_RECEIVED,BENEFIT_APPLIED,1100,1100,0,,10%,5000.0,5000.0,3900.0,SYNTHETIC_RULE_MATCHING_V1,13-03,병원/약국 맞춤 혜택,병원/약국,12,할인,%,10.0,300000.0,,1000.0,5000.0,,,PICKA 표준 혜택 카테고리 '병원/약국' 시연 데이터,https://www.card-gorilla.com/card/detail/13,DISCOUNT_APPLIED,신한카드 Mr.Life | 병원/약국업종 10% 할인 (전월실적 30만원 이상),1100.0,KRW
ONE_TRANSACTION_PER_ROW,persona4,정은주,persona4@picka.app,45,1982-10-16,010-0756-9643,L.POINT|신세계포인트|CJ ONE|해피포인트|T 멤버십|교보문고 회원,ADULT,,여성,전업주부,서울 양천구,False,서울특별시,양천구,2,2026-07-24,"[{""order"":1,""label"":""첫째"",""birth_date"":""2009-11-18"",""exact_age"":""만 16세 8개월 6일"",""school_stage"":""고등학생""},{""order"":2,""label"":""둘째"",""birth_date"":""2013-03-07"",""exact_age"":""만 13세 4개월 17일"",""school_stage"":""중학생""}]",첫째,2009-11-18,만 16세 8개월 6일,고등학생,둘째,2013-03-07,만 13세 4개월 17일,중학생,"자녀 2명(중/고등학생), 교육비와 생활비 관리 중심",4500000,2026-05~2026-07,"학원비 자동이체 할인, 대형마트·쿠팡·컬리 적립, 병원·약국 할인, 통신비 캐시백 카드",False,False,False,False,False,False,HOMEMAKER,LGU+,CAR,False,True,NONE,LOTTE,True,True,2,ELEMENTARY_SCHOOL | MIDDLE_SCHOOL,VERIFIED,"45세 전업주부·초등학생 및 중학생 자녀 양육 가구. LGU+·자가용·하이패스·롯데 계열 이용자이며, 경차·임신출산·복지·K-패스·항공사 제휴 자격은 해당하지 않음.",6,UC401 | UC402 | UC403 | UC404 | UC405 | UC406,KB YOU Prime 카드 | I’m GREAT | LOCA 365 카드 | 삼성 iD EDU 카드 | 신한카드 Mr.Life | DA@카드의정석,KB YOU Prime 카드:대형마트·카페·가족생활 | I’m GREAT:병원·약국·보험 | LOCA 365 카드:통신·구독 | 삼성 iD EDU 카드:학원비·교재·교육 | 신한카드 Mr.Life:온라인장보기·쇼핑·외식 | DA@카드의정석:혜택 공백 일반결제,hist-persona4-UC403-002,hist-persona4-UC403-002,2026-05,2026-05-05T12:40:00,다이소,생활,생활용품,LIVING,59300,800,58500,신용카드,CARD,APPROVED,다이소 결제 · 생활 카테고리,,UC405,13,신한카드 Mr.Life,신한카드,온라인 생활비,온라인장보기·쇼핑·외식,,1055,신용카드,,300000,54000.0,,https://www.card-gorilla.com/card/detail/13,422000,980600,Y,UC405,13.0,신한카드 Mr.Life,신한카드,온라인 생활비,온라인장보기·쇼핑·외식,,신용카드,,300000.0,54000.0,422000.0,980600.0,Y,BENEFIT_RECEIVED,BENEFIT_APPLIED,800,800,0,,10%,5000.0,5000.0,4200.0,SYNTHETIC_RULE_MATCHING_V1,13-04,생활 맞춤 혜택,생활,22,할인,%,10.0,300000.0,,1000.0,5000.0,,,PICKA 표준 혜택 카테고리 '생활' 시연 데이터,https://www.card-gorilla.com/card/detail/13,DISCOUNT_APPLIED,신한카드 Mr.Life | 세탁소 업종 10% 할인 (전월실적 30만원 이상),800.0,KRW
ONE_TRANSACTION_PER_ROW,persona4,정은주,persona4@picka.app,45,1982-10-16,010-0756-9643,L.POINT|신세계포인트|CJ ONE|해피포인트|T 멤버십|교보문고 회원,ADULT,,여성,전업주부,서울 양천구,False,서울특별시,양천구,2,2026-07-24,"[{""order"":1,""label"":""첫째"",""birth_date"":""2009-11-18"",""exact_age"":""만 16세 8개월 6일"",""school_stage"":""고등학생""},{""order"":2,""label"":""둘째"",""birth_date"":""2013-03-07"",""exact_age"":""만 13세 4개월 17일"",""school_stage"":""중학생""}]",첫째,2009-11-18,만 16세 8개월 6일,고등학생,둘째,2013-03-07,만 13세 4개월 17일,중학생,"자녀 2명(중/고등학생), 교육비와 생활비 관리 중심",4500000,2026-05~2026-07,"학원비 자동이체 할인, 대형마트·쿠팡·컬리 적립, 병원·약국 할인, 통신비 캐시백 카드",False,False,False,False,False,False,HOMEMAKER,LGU+,CAR,False,True,NONE,LOTTE,True,True,2,ELEMENTARY_SCHOOL | MIDDLE_SCHOOL,VERIFIED,"45세 전업주부·초등학생 및 중학생 자녀 양육 가구. LGU+·자가용·하이패스·롯데 계열 이용자이며, 경차·임신출산·복지·K-패스·항공사 제휴 자격은 해당하지 않음.",6,UC401 | UC402 | UC403 | UC404 | UC405 | UC406,KB YOU Prime 카드 | I’m GREAT | LOCA 365 카드 | 삼성 iD EDU 카드 | 신한카드 Mr.Life | DA@카드의정석,KB YOU Prime 카드:대형마트·카페·가족생활 | I’m GREAT:병원·약국·보험 | LOCA 365 카드:통신·구독 | 삼성 iD EDU 카드:학원비·교재·교육 | 신한카드 Mr.Life:온라인장보기·쇼핑·외식 | DA@카드의정석:혜택 공백 일반결제,hist-persona4-UC405-002,hist-persona4-UC405-002,2026-05,2026-05-05T12:40:00,동네문구점,기타,기타 생활지출,OTHER,56700,3800,52900,신용카드,CARD,APPROVED,동네문구점 결제 · 기타 카테고리,,UC405,13,신한카드 Mr.Life,신한카드,온라인 생활비,온라인장보기·쇼핑·외식,,1055,신용카드,,300000,54000.0,,https://www.card-gorilla.com/card/detail/13,422000,980600,Y,UC405,13.0,신한카드 Mr.Life,신한카드,온라인 생활비,온라인장보기·쇼핑·외식,,신용카드,,300000.0,54000.0,422000.0,980600.0,Y,BENEFIT_RECEIVED,BENEFIT_APPLIED,3800,3800,0,,20%,54000.0,,,SYNTHETIC_RULE_MATCHING_V1,13-10,기타 맞춤 혜택,기타,77,할인,%,20.0,300000.0,,,,,,PICKA 표준 혜택 카테고리 '기타' 시연 데이터,https://www.card-gorilla.com/card/detail/13,DISCOUNT_APPLIED,신한카드 Mr.Life | 인테이크몰 20% 할인 (전월실적 30만원 이상),3800.0,KRW
ONE_TRANSACTION_PER_ROW,persona4,정은주,persona4@picka.app,45,1982-10-16,010-0756-9643,L.POINT|신세계포인트|CJ ONE|해피포인트|T 멤버십|교보문고 회원,ADULT,,여성,전업주부,서울 양천구,False,서울특별시,양천구,2,2026-07-24,"[{""order"":1,""label"":""첫째"",""birth_date"":""2009-11-18"",""exact_age"":""만 16세 8개월 6일"",""school_stage"":""고등학생""},{""order"":2,""label"":""둘째"",""birth_date"":""2013-03-07"",""exact_age"":""만 13세 4개월 17일"",""school_stage"":""중학생""}]",첫째,2009-11-18,만 16세 8개월 6일,고등학생,둘째,2013-03-07,만 13세 4개월 17일,중학생,"자녀 2명(중/고등학생), 교육비와 생활비 관리 중심",4500000,2026-05~2026-07,"학원비 자동이체 할인, 대형마트·쿠팡·컬리 적립, 병원·약국 할인, 통신비 캐시백 카드",False,False,False,False,False,False,HOMEMAKER,LGU+,CAR,False,True,NONE,LOTTE,True,True,2,ELEMENTARY_SCHOOL | MIDDLE_SCHOOL,VERIFIED,"45세 전업주부·초등학생 및 중학생 자녀 양육 가구. LGU+·자가용·하이패스·롯데 계열 이용자이며, 경차·임신출산·복지·K-패스·항공사 제휴 자격은 해당하지 않음.",6,UC401 | UC402 | UC403 | UC404 | UC405 | UC406,KB YOU Prime 카드 | I’m GREAT | LOCA 365 카드 | 삼성 iD EDU 카드 | 신한카드 Mr.Life | DA@카드의정석,KB YOU Prime 카드:대형마트·카페·가족생활 | I’m GREAT:병원·약국·보험 | LOCA 365 카드:통신·구독 | 삼성 iD EDU 카드:학원비·교재·교육 | 신한카드 Mr.Life:온라인장보기·쇼핑·외식 | DA@카드의정석:혜택 공백 일반결제,hist-persona4-UC404-002,hist-persona4-UC404-002,2026-05,2026-05-05T12:40:00,고등 수학학원,교육/육아,교육 및 육아,EDUCATION_CHILDCARE,104600,0,104600,신용카드,CARD,APPROVED,고등 수학학원 결제 · 교육/육아 카테고리,,UC404,2358,삼성 iD EDU 카드,삼성카드,교육비,학원비·교재·교육,,1044,신용카드,,500000,510000.0,,https://www.card-gorilla.com/card/detail/2358,481700,950900,N,UC401,2930.0,KB YOU Prime 카드,KB국민카드,가계 주사용,대형마트·카페·가족생활,가족팩,신용카드,,400000.0,1200000.0,658000.0,1306600.0,Y,WRONG_CARD_BEFORE_PICKA,BEFORE_PICKA,0,1500,1500,픽카 이용 전 다른 카드를 사용하여 받을 수 있었던 혜택을 놓침,10%,400000.0,,,SYNTHETIC_RULE_MATCHING_V1,2930-02,교육/육아 맞춤 혜택,교육/육아,14,할인,%,10.0,400000.0,50000.0,,400000.0,,,PICKA 표준 혜택 카테고리 '교육/육아' 시연 데이터,https://www.card-gorilla.com/card/detail/2930,MISSED_WRONG_CARD,"KB YOU Prime 카드 | [가족팩] 6개 영역 최대 10% 청구할인
생활요금, 온라인장보기, 일상케어, 학원, 대형마트, 카페",1500.0,KRW
ONE_TRANSACTION_PER_ROW,persona4,정은주,persona4@picka.app,45,1982-10-16,010-0756-9643,L.POINT|신세계포인트|CJ ONE|해피포인트|T 멤버십|교보문고 회원,ADULT,,여성,전업주부,서울 양천구,False,서울특별시,양천구,2,2026-07-24,"[{""order"":1,""label"":""첫째"",""birth_date"":""2009-11-18"",""exact_age"":""만 16세 8개월 6일"",""school_stage"":""고등학생""},{""order"":2,""label"":""둘째"",""birth_date"":""2013-03-07"",""exact_age"":""만 13세 4개월 17일"",""school_stage"":""중학생""}]",첫째,2009-11-18,만 16세 8개월 6일,고등학생,둘째,2013-03-07,만 13세 4개월 17일,중학생,"자녀 2명(중/고등학생), 교육비와 생활비 관리 중심",4500000,2026-05~2026-07,"학원비 자동이체 할인, 대형마트·쿠팡·컬리 적립, 병원·약국 할인, 통신비 캐시백 카드",False,False,False,False,False,False,HOMEMAKER,LGU+,CAR,False,True,NONE,LOTTE,True,True,2,ELEMENTARY_SCHOOL | MIDDLE_SCHOOL,VERIFIED,"45세 전업주부·초등학생 및 중학생 자녀 양육 가구. LGU+·자가용·하이패스·롯데 계열 이용자이며, 경차·임신출산·복지·K-패스·항공사 제휴 자격은 해당하지 않음.",6,UC401 | UC402 | UC403 | UC404 | UC405 | UC406,KB YOU Prime 카드 | I’m GREAT | LOCA 365 카드 | 삼성 iD EDU 카드 | 신한카드 Mr.Life | DA@카드의정석,KB YOU Prime 카드:대형마트·카페·가족생활 | I’m GREAT:병원·약국·보험 | LOCA 365 카드:통신·구독 | 삼성 iD EDU 카드:학원비·교재·교육 | 신한카드 Mr.Life:온라인장보기·쇼핑·외식 | DA@카드의정석:혜택 공백 일반결제,hist-persona4-UC401-002,hist-persona4-UC401-002,2026-05,2026-05-05T12:40:00,AMAZON.COM,해외,해외 결제,OVERSEAS,143900,0,143900,신용카드,CARD,APPROVED,AMAZON.COM 결제 · 해외 카테고리,,UC401,2930,KB YOU Prime 카드,KB국민카드,가계 주사용,대형마트·카페·가족생활,가족팩,7788,신용카드,,400000,1200000.0,,https://www.card-gorilla.com/card/detail/2930,658000,1306600,Y,UC406,87.0,DA@카드의정석,우리카드,보조 카드,혜택 공백 일반결제,,신용카드,,0.0,,317400.0,363200.0,Y,WRONG_CARD_BEFORE_PICKA,BEFORE_PICKA,0,2000,2000,픽카 이용 전 다른 카드를 사용하여 받을 수 있었던 혜택을 놓침,1.3%,,,,SYNTHETIC_RULE_MATCHING_V1,87-01,해외 맞춤 혜택,해외,8,할인,%,1.3,,,,,,,PICKA 표준 혜택 카테고리 '해외' 시연 데이터,https://www.card-gorilla.com/card/detail/87,MISSED_WRONG_CARD,DA@카드의정석 | 국내외 가맹점 1.3%~0.8% 청구할인,2000.0,KRW
ONE_TRANSACTION_PER_ROW,persona4,정은주,persona4@picka.app,45,1982-10-16,010-0756-9643,L.POINT|신세계포인트|CJ ONE|해피포인트|T 멤버십|교보문고 회원,ADULT,,여성,전업주부,서울 양천구,False,서울특별시,양천구,2,2026-07-24,"[{""order"":1,""label"":""첫째"",""birth_date"":""2009-11-18"",""exact_age"":""만 16세 8개월 6일"",""school_stage"":""고등학생""},{""order"":2,""label"":""둘째"",""birth_date"":""2013-03-07"",""exact_age"":""만 13세 4개월 17일"",""school_stage"":""중학생""}]",첫째,2009-11-18,만 16세 8개월 6일,고등학생,둘째,2013-03-07,만 13세 4개월 17일,중학생,"자녀 2명(중/고등학생), 교육비와 생활비 관리 중심",4500000,2026-05~2026-07,"학원비 자동이체 할인, 대형마트·쿠팡·컬리 적립, 병원·약국 할인, 통신비 캐시백 카드",False,False,False,False,False,False,HOMEMAKER,LGU+,CAR,False,True,NONE,LOTTE,True,True,2,ELEMENTARY_SCHOOL | MIDDLE_SCHOOL,VERIFIED,"45세 전업주부·초등학생 및 중학생 자녀 양육 가구. LGU+·자가용·하이패스·롯데 계열 이용자이며, 경차·임신출산·복지·K-패스·항공사 제휴 자격은 해당하지 않음.",6,UC401 | UC402 | UC403 | UC404 | UC405 | UC406,KB YOU Prime 카드 | I’m GREAT | LOCA 365 카드 | 삼성 iD EDU 카드 | 신한카드 Mr.Life | DA@카드의정석,KB YOU Prime 카드:대형마트·카페·가족생활 | I’m GREAT:병원·약국·보험 | LOCA 365 카드:통신·구독 | 삼성 iD EDU 카드:학원비·교재·교육 | 신한카드 Mr.Life:온라인장보기·쇼핑·외식 | DA@카드의정석:혜택 공백 일반결제,hist-persona4-UC406-002,hist-persona4-UC406-002,2026-05,2026-05-05T12:40:00,티머니,교통,대중교통·택시,TRANSIT,39200,2600,36600,신용카드,CARD,APPROVED,티머니 결제 · 교통 카테고리,,UC406,87,DA@카드의정석,우리카드,보조 카드,혜택 공백 일반결제,,1066,신용카드,,0,,,https://www.card-gorilla.com/card/detail/87,317400,363200,Y,UC406,87.0,DA@카드의정석,우리카드,보조 카드,혜택 공백 일반결제,,신용카드,,0.0,,317400.0,363200.0,Y,BENEFIT_RECEIVED,BENEFIT_APPLIED,2600,2600,0,,1.3%,,,,SYNTHETIC_RULE_MATCHING_V1,87-01,교통 맞춤 혜택,교통,20,할인,%,1.3,,,,,,,PICKA 표준 혜택 카테고리 '교통' 시연 데이터,https://www.card-gorilla.com/card/detail/87,DISCOUNT_APPLIED,DA@카드의정석 | 국내외 가맹점 1.3%~0.8% 청구할인,2600.0,KRW
ONE_TRANSACTION_PER_ROW,persona4,정은주,persona4@picka.app,45,1982-10-16,010-0756-9643,L.POINT|신세계포인트|CJ ONE|해피포인트|T 멤버십|교보문고 회원,ADULT,,여성,전업주부,서울 양천구,False,서울특별시,양천구,2,2026-07-24,"[{""order"":1,""label"":""첫째"",""birth_date"":""2009-11-18"",""exact_age"":""만 16세 8개월 6일"",""school_stage"":""고등학생""},{""order"":2,""label"":""둘째"",""birth_date"":""2013-03-07"",""exact_age"":""만 13세 4개월 17일"",""school_stage"":""중학생""}]",첫째,2009-11-18,만 16세 8개월 6일,고등학생,둘째,2013-03-07,만 13세 4개월 17일,중학생,"자녀 2명(중/고등학생), 교육비와 생활비 관리 중심",4500000,2026-05~2026-07,"학원비 자동이체 할인, 대형마트·쿠팡·컬리 적립, 병원·약국 할인, 통신비 캐시백 카드",False,False,False,False,False,False,HOMEMAKER,LGU+,CAR,False,True,NONE,LOTTE,True,True,2,ELEMENTARY_SCHOOL | MIDDLE_SCHOOL,VERIFIED,"45세 전업주부·초등학생 및 중학생 자녀 양육 가구. LGU+·자가용·하이패스·롯데 계열 이용자이며, 경차·임신출산·복지·K-패스·항공사 제휴 자격은 해당하지 않음.",6,UC401 | UC402 | UC403 | UC404 | UC405 | UC406,KB YOU Prime 카드 | I’m GREAT | LOCA 365 카드 | 삼성 iD EDU 카드 | 신한카드 Mr.Life | DA@카드의정석,KB YOU Prime 카드:대형마트·카페·가족생활 | I’m GREAT:병원·약국·보험 | LOCA 365 카드:통신·구독 | 삼성 iD EDU 카드:학원비·교재·교육 | 신한카드 Mr.Life:온라인장보기·쇼핑·외식 | DA@카드의정석:혜택 공백 일반결제,hist-persona4-UC406-003,hist-persona4-UC406-003,2026-05,2026-05-09T18:20:00,무인양품,생활,생활용품,LIVING,57000,0,57000,신용카드,CARD,APPROVED,무인양품 결제 · 생활 카테고리,,UC406,87,DA@카드의정석,우리카드,보조 카드,혜택 공백 일반결제,,1066,신용카드,,0,,,https://www.card-gorilla.com/card/detail/87,317400,363200,Y,UC405,13.0,신한카드 Mr.Life,신한카드,온라인 생활비,온라인장보기·쇼핑·외식,,신용카드,,300000.0,54000.0,422000.0,980600.0,Y,WRONG_CARD_BEFORE_PICKA,BEFORE_PICKA,0,800,800,픽카 이용 전 다른 카드를 사용하여 받을 수 있었던 혜택을 놓침,10%,5000.0,,,SYNTHETIC_RULE_MATCHING_V1,13-04,생활 맞춤 혜택,생활,22,할인,%,10.0,300000.0,,1000.0,5000.0,,,PICKA 표준 혜택 카테고리 '생활' 시연 데이터,https://www.card-gorilla.com/card/detail/13,MISSED_WRONG_CARD,신한카드 Mr.Life | 세탁소 업종 10% 할인 (전월실적 30만원 이상),800.0,KRW
ONE_TRANSACTION_PER_ROW,persona4,정은주,persona4@picka.app,45,1982-10-16,010-0756-9643,L.POINT|신세계포인트|CJ ONE|해피포인트|T 멤버십|교보문고 회원,ADULT,,여성,전업주부,서울 양천구,False,서울특별시,양천구,2,2026-07-24,"[{""order"":1,""label"":""첫째"",""birth_date"":""2009-11-18"",""exact_age"":""만 16세 8개월 6일"",""school_stage"":""고등학생""},{""order"":2,""label"":""둘째"",""birth_date"":""2013-03-07"",""exact_age"":""만 13세 4개월 17일"",""school_stage"":""중학생""}]",첫째,2009-11-18,만 16세 8개월 6일,고등학생,둘째,2013-03-07,만 13세 4개월 17일,중학생,"자녀 2명(중/고등학생), 교육비와 생활비 관리 중심",4500000,2026-05~2026-07,"학원비 자동이체 할인, 대형마트·쿠팡·컬리 적립, 병원·약국 할인, 통신비 캐시백 카드",False,False,False,False,False,False,HOMEMAKER,LGU+,CAR,False,True,NONE,LOTTE,True,True,2,ELEMENTARY_SCHOOL | MIDDLE_SCHOOL,VERIFIED,"45세 전업주부·초등학생 및 중학생 자녀 양육 가구. LGU+·자가용·하이패스·롯데 계열 이용자이며, 경차·임신출산·복지·K-패스·항공사 제휴 자격은 해당하지 않음.",6,UC401 | UC402 | UC403 | UC404 | UC405 | UC406,KB YOU Prime 카드 | I’m GREAT | LOCA 365 카드 | 삼성 iD EDU 카드 | 신한카드 Mr.Life | DA@카드의정석,KB YOU Prime 카드:대형마트·카페·가족생활 | I’m GREAT:병원·약국·보험 | LOCA 365 카드:통신·구독 | 삼성 iD EDU 카드:학원비·교재·교육 | 신한카드 Mr.Life:온라인장보기·쇼핑·외식 | DA@카드의정석:혜택 공백 일반결제,hist-persona4-UC401-003,hist-persona4-UC401-003,2026-05,2026-05-09T18:20:00,롯데마트,마트/쇼핑,대형마트 및 쇼핑,MART_SHOPPING,208400,0,208400,신용카드,CARD,APPROVED,롯데마트 결제 · 마트/쇼핑 카테고리,,UC401,2930,KB YOU Prime 카드,KB국민카드,가계 주사용,대형마트·카페·가족생활,가족팩,7788,신용카드,,400000,1200000.0,,https://www.card-gorilla.com/card/detail/2930,658000,1306600,Y,UC405,13.0,신한카드 Mr.Life,신한카드,온라인 생활비,온라인장보기·쇼핑·외식,,신용카드,,300000.0,54000.0,422000.0,980600.0,Y,WRONG_CARD_BEFORE_PICKA,BEFORE_PICKA,0,3000,3000,픽카 이용 전 다른 카드를 사용하여 받을 수 있었던 혜택을 놓침,20%,54000.0,,,SYNTHETIC_RULE_MATCHING_V1,13-10,마트/쇼핑 맞춤 혜택,마트/쇼핑,97,할인,%,20.0,300000.0,,,,,,PICKA 표준 혜택 카테고리 '마트/쇼핑' 시연 데이터,https://www.card-gorilla.com/card/detail/13,MISSED_WRONG_CARD,신한카드 Mr.Life | 인테이크몰 20% 할인 (전월실적 30만원 이상),3000.0,KRW
ONE_TRANSACTION_PER_ROW,persona4,정은주,persona4@picka.app,45,1982-10-16,010-0756-9643,L.POINT|신세계포인트|CJ ONE|해피포인트|T 멤버십|교보문고 회원,ADULT,,여성,전업주부,서울 양천구,False,서울특별시,양천구,2,2026-07-24,"[{""order"":1,""label"":""첫째"",""birth_date"":""2009-11-18"",""exact_age"":""만 16세 8개월 6일"",""school_stage"":""고등학생""},{""order"":2,""label"":""둘째"",""birth_date"":""2013-03-07"",""exact_age"":""만 13세 4개월 17일"",""school_stage"":""중학생""}]",첫째,2009-11-18,만 16세 8개월 6일,고등학생,둘째,2013-03-07,만 13세 4개월 17일,중학생,"자녀 2명(중/고등학생), 교육비와 생활비 관리 중심",4500000,2026-05~2026-07,"학원비 자동이체 할인, 대형마트·쿠팡·컬리 적립, 병원·약국 할인, 통신비 캐시백 카드",False,False,False,False,False,False,HOMEMAKER,LGU+,CAR,False,True,NONE,LOTTE,True,True,2,ELEMENTARY_SCHOOL | MIDDLE_SCHOOL,VERIFIED,"45세 전업주부·초등학생 및 중학생 자녀 양육 가구. LGU+·자가용·하이패스·롯데 계열 이용자이며, 경차·임신출산·복지·K-패스·항공사 제휴 자격은 해당하지 않음.",6,UC401 | UC402 | UC403 | UC404 | UC405 | UC406,KB YOU Prime 카드 | I’m GREAT | LOCA 365 카드 | 삼성 iD EDU 카드 | 신한카드 Mr.Life | DA@카드의정석,KB YOU Prime 카드:대형마트·카페·가족생활 | I’m GREAT:병원·약국·보험 | LOCA 365 카드:통신·구독 | 삼성 iD EDU 카드:학원비·교재·교육 | 신한카드 Mr.Life:온라인장보기·쇼핑·외식 | DA@카드의정석:혜택 공백 일반결제,hist-persona4-UC405-003,hist-persona4-UC405-003,2026-05,2026-05-09T18:20:00,코스트코,마트/쇼핑,대형마트 및 쇼핑,MART_SHOPPING,82400,5500,76900,신용카드,CARD,APPROVED,코스트코 결제 · 마트/쇼핑 카테고리,,UC405,13,신한카드 Mr.Life,신한카드,온라인 생활비,온라인장보기·쇼핑·외식,,1055,신용카드,,300000,54000.0,,https://www.card-gorilla.com/card/detail/13,422000,980600,Y,UC405,13.0,신한카드 Mr.Life,신한카드,온라인 생활비,온라인장보기·쇼핑·외식,,신용카드,,300000.0,54000.0,422000.0,980600.0,Y,BENEFIT_RECEIVED,BENEFIT_APPLIED,5500,5500,0,,20%,54000.0,,,SYNTHETIC_RULE_MATCHING_V1,13-10,마트/쇼핑 맞춤 혜택,마트/쇼핑,97,할인,%,20.0,300000.0,,,,,,PICKA 표준 혜택 카테고리 '마트/쇼핑' 시연 데이터,https://www.card-gorilla.com/card/detail/13,DISCOUNT_APPLIED,신한카드 Mr.Life | 인테이크몰 20% 할인 (전월실적 30만원 이상),5500.0,KRW
ONE_TRANSACTION_PER_ROW,persona4,정은주,persona4@picka.app,45,1982-10-16,010-0756-9643,L.POINT|신세계포인트|CJ ONE|해피포인트|T 멤버십|교보문고 회원,ADULT,,여성,전업주부,서울 양천구,False,서울특별시,양천구,2,2026-07-24,"[{""order"":1,""label"":""첫째"",""birth_date"":""2009-11-18"",""exact_age"":""만 16세 8개월 6일"",""school_stage"":""고등학생""},{""order"":2,""label"":""둘째"",""birth_date"":""2013-03-07"",""exact_age"":""만 13세 4개월 17일"",""school_stage"":""중학생""}]",첫째,2009-11-18,만 16세 8개월 6일,고등학생,둘째,2013-03-07,만 13세 4개월 17일,중학생,"자녀 2명(중/고등학생), 교육비와 생활비 관리 중심",4500000,2026-05~2026-07,"학원비 자동이체 할인, 대형마트·쿠팡·컬리 적립, 병원·약국 할인, 통신비 캐시백 카드",False,False,False,False,False,False,HOMEMAKER,LGU+,CAR,False,True,NONE,LOTTE,True,True,2,ELEMENTARY_SCHOOL | MIDDLE_SCHOOL,VERIFIED,"45세 전업주부·초등학생 및 중학생 자녀 양육 가구. LGU+·자가용·하이패스·롯데 계열 이용자이며, 경차·임신출산·복지·K-패스·항공사 제휴 자격은 해당하지 않음.",6,UC401 | UC402 | UC403 | UC404 | UC405 | UC406,KB YOU Prime 카드 | I’m GREAT | LOCA 365 카드 | 삼성 iD EDU 카드 | 신한카드 Mr.Life | DA@카드의정석,KB YOU Prime 카드:대형마트·카페·가족생활 | I’m GREAT:병원·약국·보험 | LOCA 365 카드:통신·구독 | 삼성 iD EDU 카드:학원비·교재·교육 | 신한카드 Mr.Life:온라인장보기·쇼핑·외식 | DA@카드의정석:혜택 공백 일반결제,hist-persona4-UC404-003,hist-persona4-UC404-003,2026-05,2026-05-09T18:20:00,교재비,교육/육아,교육 및 육아,EDUCATION_CHILDCARE,152100,0,152100,신용카드,CARD,APPROVED,교재비 결제 · 교육/육아 카테고리,,UC404,2358,삼성 iD EDU 카드,삼성카드,교육비,학원비·교재·교육,,1044,신용카드,,500000,510000.0,,https://www.card-gorilla.com/card/detail/2358,481700,950900,N,UC401,2930.0,KB YOU Prime 카드,KB국민카드,가계 주사용,대형마트·카페·가족생활,가족팩,신용카드,,400000.0,1200000.0,658000.0,1306600.0,Y,WRONG_CARD_BEFORE_PICKA,BEFORE_PICKA,0,2100,2100,픽카 이용 전 다른 카드를 사용하여 받을 수 있었던 혜택을 놓침,10%,400000.0,,,SYNTHETIC_RULE_MATCHING_V1,2930-02,교육/육아 맞춤 혜택,교육/육아,14,할인,%,10.0,400000.0,50000.0,,400000.0,,,PICKA 표준 혜택 카테고리 '교육/육아' 시연 데이터,https://www.card-gorilla.com/card/detail/2930,MISSED_WRONG_CARD,"KB YOU Prime 카드 | [가족팩] 6개 영역 최대 10% 청구할인
생활요금, 온라인장보기, 일상케어, 학원, 대형마트, 카페",2100.0,KRW
ONE_TRANSACTION_PER_ROW,persona4,정은주,persona4@picka.app,45,1982-10-16,010-0756-9643,L.POINT|신세계포인트|CJ ONE|해피포인트|T 멤버십|교보문고 회원,ADULT,,여성,전업주부,서울 양천구,False,서울특별시,양천구,2,2026-07-24,"[{""order"":1,""label"":""첫째"",""birth_date"":""2009-11-18"",""exact_age"":""만 16세 8개월 6일"",""school_stage"":""고등학생""},{""order"":2,""label"":""둘째"",""birth_date"":""2013-03-07"",""exact_age"":""만 13세 4개월 17일"",""school_stage"":""중학생""}]",첫째,2009-11-18,만 16세 8개월 6일,고등학생,둘째,2013-03-07,만 13세 4개월 17일,중학생,"자녀 2명(중/고등학생), 교육비와 생활비 관리 중심",4500000,2026-05~2026-07,"학원비 자동이체 할인, 대형마트·쿠팡·컬리 적립, 병원·약국 할인, 통신비 캐시백 카드",False,False,False,False,False,False,HOMEMAKER,LGU+,CAR,False,True,NONE,LOTTE,True,True,2,ELEMENTARY_SCHOOL | MIDDLE_SCHOOL,VERIFIED,"45세 전업주부·초등학생 및 중학생 자녀 양육 가구. LGU+·자가용·하이패스·롯데 계열 이용자이며, 경차·임신출산·복지·K-패스·항공사 제휴 자격은 해당하지 않음.",6,UC401 | UC402 | UC403 | UC404 | UC405 | UC406,KB YOU Prime 카드 | I’m GREAT | LOCA 365 카드 | 삼성 iD EDU 카드 | 신한카드 Mr.Life | DA@카드의정석,KB YOU Prime 카드:대형마트·카페·가족생활 | I’m GREAT:병원·약국·보험 | LOCA 365 카드:통신·구독 | 삼성 iD EDU 카드:학원비·교재·교육 | 신한카드 Mr.Life:온라인장보기·쇼핑·외식 | DA@카드의정석:혜택 공백 일반결제,hist-persona4-UC402-003,hist-persona4-UC402-003,2026-05,2026-05-09T18:20:00,SK텔레콤,통신,이동통신요금,TELECOM,109100,0,109100,신용카드,CARD,APPROVED,SK텔레콤 결제 · 통신 카테고리,,UC402,214,I’m GREAT,롯데카드,의료·보험,병원·약국·보험,,8899,신용카드,,500000,5000.0,,https://www.card-gorilla.com/card/detail/214,407500,538400,N,UC406,87.0,DA@카드의정석,우리카드,보조 카드,혜택 공백 일반결제,,신용카드,,0.0,,317400.0,363200.0,Y,WRONG_CARD_BEFORE_PICKA,BEFORE_PICKA,0,1500,1500,픽카 이용 전 다른 카드를 사용하여 받을 수 있었던 혜택을 놓침,1.3%,,,,SYNTHETIC_RULE_MATCHING_V1,87-01,통신 맞춤 혜택,통신,9,할인,%,1.3,,,,,,,PICKA 표준 혜택 카테고리 '통신' 시연 데이터,https://www.card-gorilla.com/card/detail/87,MISSED_WRONG_CARD,DA@카드의정석 | 국내외 가맹점 1.3%~0.8% 청구할인,1500.0,KRW
ONE_TRANSACTION_PER_ROW,persona4,정은주,persona4@picka.app,45,1982-10-16,010-0756-9643,L.POINT|신세계포인트|CJ ONE|해피포인트|T 멤버십|교보문고 회원,ADULT,,여성,전업주부,서울 양천구,False,서울특별시,양천구,2,2026-07-24,"[{""order"":1,""label"":""첫째"",""birth_date"":""2009-11-18"",""exact_age"":""만 16세 8개월 6일"",""school_stage"":""고등학생""},{""order"":2,""label"":""둘째"",""birth_date"":""2013-03-07"",""exact_age"":""만 13세 4개월 17일"",""school_stage"":""중학생""}]",첫째,2009-11-18,만 16세 8개월 6일,고등학생,둘째,2013-03-07,만 13세 4개월 17일,중학생,"자녀 2명(중/고등학생), 교육비와 생활비 관리 중심",4500000,2026-05~2026-07,"학원비 자동이체 할인, 대형마트·쿠팡·컬리 적립, 병원·약국 할인, 통신비 캐시백 카드",False,False,False,False,False,False,HOMEMAKER,LGU+,CAR,False,True,NONE,LOTTE,True,True,2,ELEMENTARY_SCHOOL | MIDDLE_SCHOOL,VERIFIED,"45세 전업주부·초등학생 및 중학생 자녀 양육 가구. LGU+·자가용·하이패스·롯데 계열 이용자이며, 경차·임신출산·복지·K-패스·항공사 제휴 자격은 해당하지 않음.",6,UC401 | UC402 | UC403 | UC404 | UC405 | UC406,KB YOU Prime 카드 | I’m GREAT | LOCA 365 카드 | 삼성 iD EDU 카드 | 신한카드 Mr.Life | DA@카드의정석,KB YOU Prime 카드:대형마트·카페·가족생활 | I’m GREAT:병원·약국·보험 | LOCA 365 카드:통신·구독 | 삼성 iD EDU 카드:학원비·교재·교육 | 신한카드 Mr.Life:온라인장보기·쇼핑·외식 | DA@카드의정석:혜택 공백 일반결제,hist-persona4-UC403-003,hist-persona4-UC403-003,2026-05,2026-05-09T18:20:00,쿠팡,온라인쇼핑,온라인 종합몰,ONLINE_SHOPPING,86100,1200,84900,신용카드,CARD,APPROVED,쿠팡 결제 · 온라인쇼핑 카테고리,,UC406,87,DA@카드의정석,우리카드,보조 카드,혜택 공백 일반결제,,1066,신용카드,,0,,,https://www.card-gorilla.com/card/detail/87,317400,363200,Y,UC406,87.0,DA@카드의정석,우리카드,보조 카드,혜택 공백 일반결제,,신용카드,,0.0,,317400.0,363200.0,Y,BENEFIT_RECEIVED,BENEFIT_APPLIED,1200,1200,0,,1.3%,,,,SYNTHETIC_RULE_MATCHING_V1,87-01,온라인쇼핑 맞춤 혜택,온라인쇼핑,7,할인,%,1.3,,,,,,,PICKA 표준 혜택 카테고리 '온라인쇼핑' 시연 데이터,https://www.card-gorilla.com/card/detail/87,DISCOUNT_APPLIED,DA@카드의정석 | 국내외 가맹점 1.3%~0.8% 청구할인,1200.0,KRW
ONE_TRANSACTION_PER_ROW,persona4,정은주,persona4@picka.app,45,1982-10-16,010-0756-9643,L.POINT|신세계포인트|CJ ONE|해피포인트|T 멤버십|교보문고 회원,ADULT,,여성,전업주부,서울 양천구,False,서울특별시,양천구,2,2026-07-24,"[{""order"":1,""label"":""첫째"",""birth_date"":""2009-11-18"",""exact_age"":""만 16세 8개월 6일"",""school_stage"":""고등학생""},{""order"":2,""label"":""둘째"",""birth_date"":""2013-03-07"",""exact_age"":""만 13세 4개월 17일"",""school_stage"":""중학생""}]",첫째,2009-11-18,만 16세 8개월 6일,고등학생,둘째,2013-03-07,만 13세 4개월 17일,중학생,"자녀 2명(중/고등학생), 교육비와 생활비 관리 중심",4500000,2026-05~2026-07,"학원비 자동이체 할인, 대형마트·쿠팡·컬리 적립, 병원·약국 할인, 통신비 캐시백 카드",False,False,False,False,False,False,HOMEMAKER,LGU+,CAR,False,True,NONE,LOTTE,True,True,2,ELEMENTARY_SCHOOL | MIDDLE_SCHOOL,VERIFIED,"45세 전업주부·초등학생 및 중학생 자녀 양육 가구. LGU+·자가용·하이패스·롯데 계열 이용자이며, 경차·임신출산·복지·K-패스·항공사 제휴 자격은 해당하지 않음.",6,UC401 | UC402 | UC403 | UC404 | UC405 | UC406,KB YOU Prime 카드 | I’m GREAT | LOCA 365 카드 | 삼성 iD EDU 카드 | 신한카드 Mr.Life | DA@카드의정석,KB YOU Prime 카드:대형마트·카페·가족생활 | I’m GREAT:병원·약국·보험 | LOCA 365 카드:통신·구독 | 삼성 iD EDU 카드:학원비·교재·교육 | 신한카드 Mr.Life:온라인장보기·쇼핑·외식 | DA@카드의정석:혜택 공백 일반결제,hist-persona4-UC402-004,hist-persona4-UC402-004,2026-05,2026-05-12T21:15:00,네이버페이,간편결제,온라인 간편결제,EASY_PAY,61400,0,61400,신용카드,CARD,APPROVED,네이버페이 결제 · 간편결제 카테고리,,UC402,214,I’m GREAT,롯데카드,의료·보험,병원·약국·보험,,8899,신용카드,,500000,5000.0,,https://www.card-gorilla.com/card/detail/214,407500,538400,N,UC405,13.0,신한카드 Mr.Life,신한카드,온라인 생활비,온라인장보기·쇼핑·외식,,신용카드,,300000.0,54000.0,422000.0,980600.0,Y,WRONG_CARD_BEFORE_PICKA,BEFORE_PICKA,0,900,900,픽카 이용 전 다른 카드를 사용하여 받을 수 있었던 혜택을 놓침,10%,3000.0,,,SYNTHETIC_RULE_MATCHING_V1,13-01,간편결제 맞춤 혜택,간편결제,45,할인,%,10.0,300000.0,,5000.0,3000.0,,,PICKA 표준 혜택 카테고리 '간편결제' 시연 데이터,https://www.card-gorilla.com/card/detail/13,MISSED_WRONG_CARD,신한카드 Mr.Life | 월납요금(공과금) 10% 할인서비스 (전월실적 30만원 이상),900.0,KRW
ONE_TRANSACTION_PER_ROW,persona4,정은주,persona4@picka.app,45,1982-10-16,010-0756-9643,L.POINT|신세계포인트|CJ ONE|해피포인트|T 멤버십|교보문고 회원,ADULT,,여성,전업주부,서울 양천구,False,서울특별시,양천구,2,2026-07-24,"[{""order"":1,""label"":""첫째"",""birth_date"":""2009-11-18"",""exact_age"":""만 16세 8개월 6일"",""school_stage"":""고등학생""},{""order"":2,""label"":""둘째"",""birth_date"":""2013-03-07"",""exact_age"":""만 13세 4개월 17일"",""school_stage"":""중학생""}]",첫째,2009-11-18,만 16세 8개월 6일,고등학생,둘째,2013-03-07,만 13세 4개월 17일,중학생,"자녀 2명(중/고등학생), 교육비와 생활비 관리 중심",4500000,2026-05~2026-07,"학원비 자동이체 할인, 대형마트·쿠팡·컬리 적립, 병원·약국 할인, 통신비 캐시백 카드",False,False,False,False,False,False,HOMEMAKER,LGU+,CAR,False,True,NONE,LOTTE,True,True,2,ELEMENTARY_SCHOOL | MIDDLE_SCHOOL,VERIFIED,"45세 전업주부·초등학생 및 중학생 자녀 양육 가구. LGU+·자가용·하이패스·롯데 계열 이용자이며, 경차·임신출산·복지·K-패스·항공사 제휴 자격은 해당하지 않음.",6,UC401 | UC402 | UC403 | UC404 | UC405 | UC406,KB YOU Prime 카드 | I’m GREAT | LOCA 365 카드 | 삼성 iD EDU 카드 | 신한카드 Mr.Life | DA@카드의정석,KB YOU Prime 카드:대형마트·카페·가족생활 | I’m GREAT:병원·약국·보험 | LOCA 365 카드:통신·구독 | 삼성 iD EDU 카드:학원비·교재·교육 | 신한카드 Mr.Life:온라인장보기·쇼핑·외식 | DA@카드의정석:혜택 공백 일반결제,hist-persona4-UC403-004,hist-persona4-UC403-004,2026-05,2026-05-12T21:15:00,배달의민족,배달,배달앱,DELIVERY,48500,700,47800,신용카드,CARD,APPROVED,배달의민족 결제 · 배달앱 카테고리,,UC405,13,신한카드 Mr.Life,신한카드,온라인 생활비,온라인장보기·쇼핑·외식,,1055,신용카드,,300000,54000.0,,https://www.card-gorilla.com/card/detail/13,422000,980600,Y,UC405,13.0,신한카드 Mr.Life,신한카드,온라인 생활비,온라인장보기·쇼핑·외식,,신용카드,,300000.0,54000.0,422000.0,980600.0,Y,BENEFIT_RECEIVED,BENEFIT_APPLIED,700,700,0,,10%,3000.0,3000.0,2300.0,SYNTHETIC_RULE_MATCHING_V1,13-01,배달앱 맞춤 혜택,배달앱,19,할인,%,10.0,300000.0,,5000.0,3000.0,,,PICKA 표준 혜택 카테고리 '배달앱' 시연 데이터,https://www.card-gorilla.com/card/detail/13,DISCOUNT_APPLIED,신한카드 Mr.Life | 월납요금(공과금) 10% 할인서비스 (전월실적 30만원 이상),700.0,KRW
ONE_TRANSACTION_PER_ROW,persona4,정은주,persona4@picka.app,45,1982-10-16,010-0756-9643,L.POINT|신세계포인트|CJ ONE|해피포인트|T 멤버십|교보문고 회원,ADULT,,여성,전업주부,서울 양천구,False,서울특별시,양천구,2,2026-07-24,"[{""order"":1,""label"":""첫째"",""birth_date"":""2009-11-18"",""exact_age"":""만 16세 8개월 6일"",""school_stage"":""고등학생""},{""order"":2,""label"":""둘째"",""birth_date"":""2013-03-07"",""exact_age"":""만 13세 4개월 17일"",""school_stage"":""중학생""}]",첫째,2009-11-18,만 16세 8개월 6일,고등학생,둘째,2013-03-07,만 13세 4개월 17일,중학생,"자녀 2명(중/고등학생), 교육비와 생활비 관리 중심",4500000,2026-05~2026-07,"학원비 자동이체 할인, 대형마트·쿠팡·컬리 적립, 병원·약국 할인, 통신비 캐시백 카드",False,False,False,False,False,False,HOMEMAKER,LGU+,CAR,False,True,NONE,LOTTE,True,True,2,ELEMENTARY_SCHOOL | MIDDLE_SCHOOL,VERIFIED,"45세 전업주부·초등학생 및 중학생 자녀 양육 가구. LGU+·자가용·하이패스·롯데 계열 이용자이며, 경차·임신출산·복지·K-패스·항공사 제휴 자격은 해당하지 않음.",6,UC401 | UC402 | UC403 | UC404 | UC405 | UC406,KB YOU Prime 카드 | I’m GREAT | LOCA 365 카드 | 삼성 iD EDU 카드 | 신한카드 Mr.Life | DA@카드의정석,KB YOU Prime 카드:대형마트·카페·가족생활 | I’m GREAT:병원·약국·보험 | LOCA 365 카드:통신·구독 | 삼성 iD EDU 카드:학원비·교재·교육 | 신한카드 Mr.Life:온라인장보기·쇼핑·외식 | DA@카드의정석:혜택 공백 일반결제,hist-persona4-UC406-004,hist-persona4-UC406-004,2026-05,2026-05-12T21:15:00,CU,편의점,편의점,CONVENIENCE,32100,500,31600,신용카드,CARD,APPROVED,CU 결제 · 편의점 카테고리,,UC405,13,신한카드 Mr.Life,신한카드,온라인 생활비,온라인장보기·쇼핑·외식,,1055,신용카드,,300000,54000.0,,https://www.card-gorilla.com/card/detail/13,422000,980600,Y,UC405,13.0,신한카드 Mr.Life,신한카드,온라인 생활비,온라인장보기·쇼핑·외식,,신용카드,,300000.0,54000.0,422000.0,980600.0,Y,BENEFIT_RECEIVED,BENEFIT_APPLIED,500,500,0,,10%,5000.0,5000.0,4500.0,SYNTHETIC_RULE_MATCHING_V1,13-02,편의점 맞춤 혜택,편의점,21,할인,%,10.0,300000.0,,1000.0,5000.0,,,PICKA 표준 혜택 카테고리 '편의점' 시연 데이터,https://www.card-gorilla.com/card/detail/13,DISCOUNT_APPLIED,신한카드 Mr.Life | 편의점 10% 할인 (전월실적 30만원 이상),500.0,KRW
ONE_TRANSACTION_PER_ROW,persona4,정은주,persona4@picka.app,45,1982-10-16,010-0756-9643,L.POINT|신세계포인트|CJ ONE|해피포인트|T 멤버십|교보문고 회원,ADULT,,여성,전업주부,서울 양천구,False,서울특별시,양천구,2,2026-07-24,"[{""order"":1,""label"":""첫째"",""birth_date"":""2009-11-18"",""exact_age"":""만 16세 8개월 6일"",""school_stage"":""고등학생""},{""order"":2,""label"":""둘째"",""birth_date"":""2013-03-07"",""exact_age"":""만 13세 4개월 17일"",""school_stage"":""중학생""}]",첫째,2009-11-18,만 16세 8개월 6일,고등학생,둘째,2013-03-07,만 13세 4개월 17일,중학생,"자녀 2명(중/고등학생), 교육비와 생활비 관리 중심",4500000,2026-05~2026-07,"학원비 자동이체 할인, 대형마트·쿠팡·컬리 적립, 병원·약국 할인, 통신비 캐시백 카드",False,False,False,False,False,False,HOMEMAKER,LGU+,CAR,False,True,NONE,LOTTE,True,True,2,ELEMENTARY_SCHOOL | MIDDLE_SCHOOL,VERIFIED,"45세 전업주부·초등학생 및 중학생 자녀 양육 가구. LGU+·자가용·하이패스·롯데 계열 이용자이며, 경차·임신출산·복지·K-패스·항공사 제휴 자격은 해당하지 않음.",6,UC401 | UC402 | UC403 | UC404 | UC405 | UC406,KB YOU Prime 카드 | I’m GREAT | LOCA 365 카드 | 삼성 iD EDU 카드 | 신한카드 Mr.Life | DA@카드의정석,KB YOU Prime 카드:대형마트·카페·가족생활 | I’m GREAT:병원·약국·보험 | LOCA 365 카드:통신·구독 | 삼성 iD EDU 카드:학원비·교재·교육 | 신한카드 Mr.Life:온라인장보기·쇼핑·외식 | DA@카드의정석:혜택 공백 일반결제,hist-persona4-UC405-004,hist-persona4-UC405-004,2026-05,2026-05-12T21:15:00,쿠팡이츠,배달,배달앱,DELIVERY,46400,3100,43300,신용카드,CARD,APPROVED,쿠팡이츠 결제 · 배달앱 카테고리,,UC405,13,신한카드 Mr.Life,신한카드,온라인 생활비,온라인장보기·쇼핑·외식,,1055,신용카드,,300000,54000.0,,https://www.card-gorilla.com/card/detail/13,422000,980600,Y,UC405,13.0,신한카드 Mr.Life,신한카드,온라인 생활비,온라인장보기·쇼핑·외식,,신용카드,,300000.0,54000.0,422000.0,980600.0,Y,BENEFIT_RECEIVED,BENEFIT_APPLIED,3100,3100,0,,10%,5000.0,4200.0,1100.0,SYNTHETIC_RULE_MATCHING_V1,13-04,배달앱 맞춤 혜택,배달앱,19,할인,%,10.0,300000.0,,1000.0,5000.0,,,PICKA 표준 혜택 카테고리 '배달앱' 시연 데이터,https://www.card-gorilla.com/card/detail/13,DISCOUNT_APPLIED,신한카드 Mr.Life | 세탁소 업종 10% 할인 (전월실적 30만원 이상),3100.0,KRW
ONE_TRANSACTION_PER_ROW,persona4,정은주,persona4@picka.app,45,1982-10-16,010-0756-9643,L.POINT|신세계포인트|CJ ONE|해피포인트|T 멤버십|교보문고 회원,ADULT,,여성,전업주부,서울 양천구,False,서울특별시,양천구,2,2026-07-24,"[{""order"":1,""label"":""첫째"",""birth_date"":""2009-11-18"",""exact_age"":""만 16세 8개월 6일"",""school_stage"":""고등학생""},{""order"":2,""label"":""둘째"",""birth_date"":""2013-03-07"",""exact_age"":""만 13세 4개월 17일"",""school_stage"":""중학생""}]",첫째,2009-11-18,만 16세 8개월 6일,고등학생,둘째,2013-03-07,만 13세 4개월 17일,중학생,"자녀 2명(중/고등학생), 교육비와 생활비 관리 중심",4500000,2026-05~2026-07,"학원비 자동이체 할인, 대형마트·쿠팡·컬리 적립, 병원·약국 할인, 통신비 캐시백 카드",False,False,False,False,False,False,HOMEMAKER,LGU+,CAR,False,True,NONE,LOTTE,True,True,2,ELEMENTARY_SCHOOL | MIDDLE_SCHOOL,VERIFIED,"45세 전업주부·초등학생 및 중학생 자녀 양육 가구. LGU+·자가용·하이패스·롯데 계열 이용자이며, 경차·임신출산·복지·K-패스·항공사 제휴 자격은 해당하지 않음.",6,UC401 | UC402 | UC403 | UC404 | UC405 | UC406,KB YOU Prime 카드 | I’m GREAT | LOCA 365 카드 | 삼성 iD EDU 카드 | 신한카드 Mr.Life | DA@카드의정석,KB YOU Prime 카드:대형마트·카페·가족생활 | I’m GREAT:병원·약국·보험 | LOCA 365 카드:통신·구독 | 삼성 iD EDU 카드:학원비·교재·교육 | 신한카드 Mr.Life:온라인장보기·쇼핑·외식 | DA@카드의정석:혜택 공백 일반결제,hist-persona4-UC404-004,hist-persona4-UC404-004,2026-05,2026-05-12T21:15:00,11번가,온라인쇼핑,온라인 종합몰,ONLINE_SHOPPING,85500,0,85500,신용카드,CARD,APPROVED,11번가 결제 · 온라인쇼핑 카테고리,,UC404,2358,삼성 iD EDU 카드,삼성카드,교육비,학원비·교재·교육,,1044,신용카드,,500000,510000.0,,https://www.card-gorilla.com/card/detail/2358,481700,950900,N,UC401,2930.0,KB YOU Prime 카드,KB국민카드,가계 주사용,대형마트·카페·가족생활,가족팩,신용카드,,400000.0,1200000.0,658000.0,1306600.0,Y,WRONG_CARD_BEFORE_PICKA,BEFORE_PICKA,0,1200,1200,픽카 이용 전 다른 카드를 사용하여 받을 수 있었던 혜택을 놓침,10%,400000.0,,,SYNTHETIC_RULE_MATCHING_V1,2930-02,온라인쇼핑 맞춤 혜택,온라인쇼핑,7,할인,%,10.0,400000.0,50000.0,,400000.0,,,PICKA 표준 혜택 카테고리 '온라인쇼핑' 시연 데이터,https://www.card-gorilla.com/card/detail/2930,MISSED_WRONG_CARD,"KB YOU Prime 카드 | [가족팩] 6개 영역 최대 10% 청구할인
생활요금, 온라인장보기, 일상케어, 학원, 대형마트, 카페",1200.0,KRW
ONE_TRANSACTION_PER_ROW,persona4,정은주,persona4@picka.app,45,1982-10-16,010-0756-9643,L.POINT|신세계포인트|CJ ONE|해피포인트|T 멤버십|교보문고 회원,ADULT,,여성,전업주부,서울 양천구,False,서울특별시,양천구,2,2026-07-24,"[{""order"":1,""label"":""첫째"",""birth_date"":""2009-11-18"",""exact_age"":""만 16세 8개월 6일"",""school_stage"":""고등학생""},{""order"":2,""label"":""둘째"",""birth_date"":""2013-03-07"",""exact_age"":""만 13세 4개월 17일"",""school_stage"":""중학생""}]",첫째,2009-11-18,만 16세 8개월 6일,고등학생,둘째,2013-03-07,만 13세 4개월 17일,중학생,"자녀 2명(중/고등학생), 교육비와 생활비 관리 중심",4500000,2026-05~2026-07,"학원비 자동이체 할인, 대형마트·쿠팡·컬리 적립, 병원·약국 할인, 통신비 캐시백 카드",False,False,False,False,False,False,HOMEMAKER,LGU+,CAR,False,True,NONE,LOTTE,True,True,2,ELEMENTARY_SCHOOL | MIDDLE_SCHOOL,VERIFIED,"45세 전업주부·초등학생 및 중학생 자녀 양육 가구. LGU+·자가용·하이패스·롯데 계열 이용자이며, 경차·임신출산·복지·K-패스·항공사 제휴 자격은 해당하지 않음.",6,UC401 | UC402 | UC403 | UC404 | UC405 | UC406,KB YOU Prime 카드 | I’m GREAT | LOCA 365 카드 | 삼성 iD EDU 카드 | 신한카드 Mr.Life | DA@카드의정석,KB YOU Prime 카드:대형마트·카페·가족생활 | I’m GREAT:병원·약국·보험 | LOCA 365 카드:통신·구독 | 삼성 iD EDU 카드:학원비·교재·교육 | 신한카드 Mr.Life:온라인장보기·쇼핑·외식 | DA@카드의정석:혜택 공백 일반결제,hist-persona4-UC401-004,hist-persona4-UC401-004,2026-05,2026-05-12T21:15:00,SK에너지 주유소,자동차,주유,FUEL,117600,0,117600,신용카드,CARD,APPROVED,SK에너지 주유소 결제 · 주유 카테고리,,UC401,2930,KB YOU Prime 카드,KB국민카드,가계 주사용,대형마트·카페·가족생활,가족팩,7788,신용카드,,400000,1200000.0,,https://www.card-gorilla.com/card/detail/2930,658000,1306600,Y,UC406,87.0,DA@카드의정석,우리카드,보조 카드,혜택 공백 일반결제,,신용카드,,0.0,,317400.0,363200.0,Y,WRONG_CARD_BEFORE_PICKA,BEFORE_PICKA,0,1700,1700,픽카 이용 전 다른 카드를 사용하여 받을 수 있었던 혜택을 놓침,1.3%,,,,SYNTHETIC_RULE_MATCHING_V1,87-01,주유 맞춤 혜택,주유,17,할인,%,1.3,,,,,,,PICKA 표준 혜택 카테고리 '주유' 시연 데이터,https://www.card-gorilla.com/card/detail/87,MISSED_WRONG_CARD,DA@카드의정석 | 국내외 가맹점 1.3%~0.8% 청구할인,1700.0,KRW
ONE_TRANSACTION_PER_ROW,persona4,정은주,persona4@picka.app,45,1982-10-16,010-0756-9643,L.POINT|신세계포인트|CJ ONE|해피포인트|T 멤버십|교보문고 회원,ADULT,,여성,전업주부,서울 양천구,False,서울특별시,양천구,2,2026-07-24,"[{""order"":1,""label"":""첫째"",""birth_date"":""2009-11-18"",""exact_age"":""만 16세 8개월 6일"",""school_stage"":""고등학생""},{""order"":2,""label"":""둘째"",""birth_date"":""2013-03-07"",""exact_age"":""만 13세 4개월 17일"",""school_stage"":""중학생""}]",첫째,2009-11-18,만 16세 8개월 6일,고등학생,둘째,2013-03-07,만 13세 4개월 17일,중학생,"자녀 2명(중/고등학생), 교육비와 생활비 관리 중심",4500000,2026-05~2026-07,"학원비 자동이체 할인, 대형마트·쿠팡·컬리 적립, 병원·약국 할인, 통신비 캐시백 카드",False,False,False,False,False,False,HOMEMAKER,LGU+,CAR,False,True,NONE,LOTTE,True,True,2,ELEMENTARY_SCHOOL | MIDDLE_SCHOOL,VERIFIED,"45세 전업주부·초등학생 및 중학생 자녀 양육 가구. LGU+·자가용·하이패스·롯데 계열 이용자이며, 경차·임신출산·복지·K-패스·항공사 제휴 자격은 해당하지 않음.",6,UC401 | UC402 | UC403 | UC404 | UC405 | UC406,KB YOU Prime 카드 | I’m GREAT | LOCA 365 카드 | 삼성 iD EDU 카드 | 신한카드 Mr.Life | DA@카드의정석,KB YOU Prime 카드:대형마트·카페·가족생활 | I’m GREAT:병원·약국·보험 | LOCA 365 카드:통신·구독 | 삼성 iD EDU 카드:학원비·교재·교육 | 신한카드 Mr.Life:온라인장보기·쇼핑·외식 | DA@카드의정석:혜택 공백 일반결제,hist-persona4-UC403-005,hist-persona4-UC403-005,2026-05,2026-05-16T14:30:00,세탁특공대,생활,생활용품,LIVING,70100,0,70100,신용카드,CARD,APPROVED,세탁특공대 결제 · 생활 카테고리,,UC403,2330,LOCA 365 카드,롯데카드,고정비,통신·구독,,9900,신용카드,,500000,,,https://www.card-gorilla.com/card/detail/2330,289400,210300,N,UC405,13.0,신한카드 Mr.Life,신한카드,온라인 생활비,온라인장보기·쇼핑·외식,,신용카드,,300000.0,54000.0,422000.0,980600.0,Y,WRONG_CARD_BEFORE_PICKA,BEFORE_PICKA,0,1000,1000,픽카 이용 전 다른 카드를 사용하여 받을 수 있었던 혜택을 놓침,10%,5000.0,,,SYNTHETIC_RULE_MATCHING_V1,13-04,생활 맞춤 혜택,생활,22,할인,%,10.0,300000.0,,1000.0,5000.0,,,PICKA 표준 혜택 카테고리 '생활' 시연 데이터,https://www.card-gorilla.com/card/detail/13,MISSED_WRONG_CARD,신한카드 Mr.Life | 세탁소 업종 10% 할인 (전월실적 30만원 이상),1000.0,KRW
ONE_TRANSACTION_PER_ROW,persona4,정은주,persona4@picka.app,45,1982-10-16,010-0756-9643,L.POINT|신세계포인트|CJ ONE|해피포인트|T 멤버십|교보문고 회원,ADULT,,여성,전업주부,서울 양천구,False,서울특별시,양천구,2,2026-07-24,"[{""order"":1,""label"":""첫째"",""birth_date"":""2009-11-18"",""exact_age"":""만 16세 8개월 6일"",""school_stage"":""고등학생""},{""order"":2,""label"":""둘째"",""birth_date"":""2013-03-07"",""exact_age"":""만 13세 4개월 17일"",""school_stage"":""중학생""}]",첫째,2009-11-18,만 16세 8개월 6일,고등학생,둘째,2013-03-07,만 13세 4개월 17일,중학생,"자녀 2명(중/고등학생), 교육비와 생활비 관리 중심",4500000,2026-05~2026-07,"학원비 자동이체 할인, 대형마트·쿠팡·컬리 적립, 병원·약국 할인, 통신비 캐시백 카드",False,False,False,False,False,False,HOMEMAKER,LGU+,CAR,False,True,NONE,LOTTE,True,True,2,ELEMENTARY_SCHOOL | MIDDLE_SCHOOL,VERIFIED,"45세 전업주부·초등학생 및 중학생 자녀 양육 가구. LGU+·자가용·하이패스·롯데 계열 이용자이며, 경차·임신출산·복지·K-패스·항공사 제휴 자격은 해당하지 않음.",6,UC401 | UC402 | UC403 | UC404 | UC405 | UC406,KB YOU Prime 카드 | I’m GREAT | LOCA 365 카드 | 삼성 iD EDU 카드 | 신한카드 Mr.Life | DA@카드의정석,KB YOU Prime 카드:대형마트·카페·가족생활 | I’m GREAT:병원·약국·보험 | LOCA 365 카드:통신·구독 | 삼성 iD EDU 카드:학원비·교재·교육 | 신한카드 Mr.Life:온라인장보기·쇼핑·외식 | DA@카드의정석:혜택 공백 일반결제,hist-persona4-UC401-005,hist-persona4-UC401-005,2026-05,2026-05-16T14:30:00,이마트,마트/쇼핑,대형마트 및 쇼핑,MART_SHOPPING,170000,0,170000,신용카드,CARD,APPROVED,이마트 결제 · 마트/쇼핑 카테고리,,UC401,2930,KB YOU Prime 카드,KB국민카드,가계 주사용,대형마트·카페·가족생활,가족팩,7788,신용카드,,400000,1200000.0,,https://www.card-gorilla.com/card/detail/2930,658000,1306600,Y,UC405,13.0,신한카드 Mr.Life,신한카드,온라인 생활비,온라인장보기·쇼핑·외식,,신용카드,,300000.0,54000.0,422000.0,980600.0,Y,WRONG_CARD_BEFORE_PICKA,BEFORE_PICKA,0,2400,2400,픽카 이용 전 다른 카드를 사용하여 받을 수 있었던 혜택을 놓침,20%,54000.0,,,SYNTHETIC_RULE_MATCHING_V1,13-10,마트/쇼핑 맞춤 혜택,마트/쇼핑,97,할인,%,20.0,300000.0,,,,,,PICKA 표준 혜택 카테고리 '마트/쇼핑' 시연 데이터,https://www.card-gorilla.com/card/detail/13,MISSED_WRONG_CARD,신한카드 Mr.Life | 인테이크몰 20% 할인 (전월실적 30만원 이상),2400.0,KRW
ONE_TRANSACTION_PER_ROW,persona4,정은주,persona4@picka.app,45,1982-10-16,010-0756-9643,L.POINT|신세계포인트|CJ ONE|해피포인트|T 멤버십|교보문고 회원,ADULT,,여성,전업주부,서울 양천구,False,서울특별시,양천구,2,2026-07-24,"[{""order"":1,""label"":""첫째"",""birth_date"":""2009-11-18"",""exact_age"":""만 16세 8개월 6일"",""school_stage"":""고등학생""},{""order"":2,""label"":""둘째"",""birth_date"":""2013-03-07"",""exact_age"":""만 13세 4개월 17일"",""school_stage"":""중학생""}]",첫째,2009-11-18,만 16세 8개월 6일,고등학생,둘째,2013-03-07,만 13세 4개월 17일,중학생,"자녀 2명(중/고등학생), 교육비와 생활비 관리 중심",4500000,2026-05~2026-07,"학원비 자동이체 할인, 대형마트·쿠팡·컬리 적립, 병원·약국 할인, 통신비 캐시백 카드",False,False,False,False,False,False,HOMEMAKER,LGU+,CAR,False,True,NONE,LOTTE,True,True,2,ELEMENTARY_SCHOOL | MIDDLE_SCHOOL,VERIFIED,"45세 전업주부·초등학생 및 중학생 자녀 양육 가구. LGU+·자가용·하이패스·롯데 계열 이용자이며, 경차·임신출산·복지·K-패스·항공사 제휴 자격은 해당하지 않음.",6,UC401 | UC402 | UC403 | UC404 | UC405 | UC406,KB YOU Prime 카드 | I’m GREAT | LOCA 365 카드 | 삼성 iD EDU 카드 | 신한카드 Mr.Life | DA@카드의정석,KB YOU Prime 카드:대형마트·카페·가족생활 | I’m GREAT:병원·약국·보험 | LOCA 365 카드:통신·구독 | 삼성 iD EDU 카드:학원비·교재·교육 | 신한카드 Mr.Life:온라인장보기·쇼핑·외식 | DA@카드의정석:혜택 공백 일반결제,hist-persona4-UC405-005,hist-persona4-UC405-005,2026-05,2026-05-16T14:30:00,홈플러스,마트/쇼핑,대형마트 및 쇼핑,MART_SHOPPING,66900,4400,62500,신용카드,CARD,APPROVED,홈플러스 결제 · 마트/쇼핑 카테고리,,UC405,13,신한카드 Mr.Life,신한카드,온라인 생활비,온라인장보기·쇼핑·외식,,1055,신용카드,,300000,54000.0,,https://www.card-gorilla.com/card/detail/13,422000,980600,Y,UC405,13.0,신한카드 Mr.Life,신한카드,온라인 생활비,온라인장보기·쇼핑·외식,,신용카드,,300000.0,54000.0,422000.0,980600.0,Y,BENEFIT_RECEIVED,BENEFIT_APPLIED,4400,4400,0,,20%,54000.0,,,SYNTHETIC_RULE_MATCHING_V1,13-10,마트/쇼핑 맞춤 혜택,마트/쇼핑,97,할인,%,20.0,300000.0,,,,,,PICKA 표준 혜택 카테고리 '마트/쇼핑' 시연 데이터,https://www.card-gorilla.com/card/detail/13,DISCOUNT_APPLIED,신한카드 Mr.Life | 인테이크몰 20% 할인 (전월실적 30만원 이상),4400.0,KRW
ONE_TRANSACTION_PER_ROW,persona4,정은주,persona4@picka.app,45,1982-10-16,010-0756-9643,L.POINT|신세계포인트|CJ ONE|해피포인트|T 멤버십|교보문고 회원,ADULT,,여성,전업주부,서울 양천구,False,서울특별시,양천구,2,2026-07-24,"[{""order"":1,""label"":""첫째"",""birth_date"":""2009-11-18"",""exact_age"":""만 16세 8개월 6일"",""school_stage"":""고등학생""},{""order"":2,""label"":""둘째"",""birth_date"":""2013-03-07"",""exact_age"":""만 13세 4개월 17일"",""school_stage"":""중학생""}]",첫째,2009-11-18,만 16세 8개월 6일,고등학생,둘째,2013-03-07,만 13세 4개월 17일,중학생,"자녀 2명(중/고등학생), 교육비와 생활비 관리 중심",4500000,2026-05~2026-07,"학원비 자동이체 할인, 대형마트·쿠팡·컬리 적립, 병원·약국 할인, 통신비 캐시백 카드",False,False,False,False,False,False,HOMEMAKER,LGU+,CAR,False,True,NONE,LOTTE,True,True,2,ELEMENTARY_SCHOOL | MIDDLE_SCHOOL,VERIFIED,"45세 전업주부·초등학생 및 중학생 자녀 양육 가구. LGU+·자가용·하이패스·롯데 계열 이용자이며, 경차·임신출산·복지·K-패스·항공사 제휴 자격은 해당하지 않음.",6,UC401 | UC402 | UC403 | UC404 | UC405 | UC406,KB YOU Prime 카드 | I’m GREAT | LOCA 365 카드 | 삼성 iD EDU 카드 | 신한카드 Mr.Life | DA@카드의정석,KB YOU Prime 카드:대형마트·카페·가족생활 | I’m GREAT:병원·약국·보험 | LOCA 365 카드:통신·구독 | 삼성 iD EDU 카드:학원비·교재·교육 | 신한카드 Mr.Life:온라인장보기·쇼핑·외식 | DA@카드의정석:혜택 공백 일반결제,hist-persona4-UC404-005,hist-persona4-UC404-005,2026-05,2026-05-16T14:30:00,중등 영어학원,교육/육아,교육 및 육아,EDUCATION_CHILDCARE,123600,0,123600,신용카드,CARD,APPROVED,중등 영어학원 결제 · 교육/육아 카테고리,,UC404,2358,삼성 iD EDU 카드,삼성카드,교육비,학원비·교재·교육,,1044,신용카드,,500000,510000.0,,https://www.card-gorilla.com/card/detail/2358,481700,950900,N,UC401,2930.0,KB YOU Prime 카드,KB국민카드,가계 주사용,대형마트·카페·가족생활,가족팩,신용카드,,400000.0,1200000.0,658000.0,1306600.0,Y,WRONG_CARD_BEFORE_PICKA,BEFORE_PICKA,0,1700,1700,픽카 이용 전 다른 카드를 사용하여 받을 수 있었던 혜택을 놓침,10%,400000.0,,,SYNTHETIC_RULE_MATCHING_V1,2930-02,교육/육아 맞춤 혜택,교육/육아,14,할인,%,10.0,400000.0,50000.0,,400000.0,,,PICKA 표준 혜택 카테고리 '교육/육아' 시연 데이터,https://www.card-gorilla.com/card/detail/2930,MISSED_WRONG_CARD,"KB YOU Prime 카드 | [가족팩] 6개 영역 최대 10% 청구할인
생활요금, 온라인장보기, 일상케어, 학원, 대형마트, 카페",1700.0,KRW
ONE_TRANSACTION_PER_ROW,persona4,정은주,persona4@picka.app,45,1982-10-16,010-0756-9643,L.POINT|신세계포인트|CJ ONE|해피포인트|T 멤버십|교보문고 회원,ADULT,,여성,전업주부,서울 양천구,False,서울특별시,양천구,2,2026-07-24,"[{""order"":1,""label"":""첫째"",""birth_date"":""2009-11-18"",""exact_age"":""만 16세 8개월 6일"",""school_stage"":""고등학생""},{""order"":2,""label"":""둘째"",""birth_date"":""2013-03-07"",""exact_age"":""만 13세 4개월 17일"",""school_stage"":""중학생""}]",첫째,2009-11-18,만 16세 8개월 6일,고등학생,둘째,2013-03-07,만 13세 4개월 17일,중학생,"자녀 2명(중/고등학생), 교육비와 생활비 관리 중심",4500000,2026-05~2026-07,"학원비 자동이체 할인, 대형마트·쿠팡·컬리 적립, 병원·약국 할인, 통신비 캐시백 카드",False,False,False,False,False,False,HOMEMAKER,LGU+,CAR,False,True,NONE,LOTTE,True,True,2,ELEMENTARY_SCHOOL | MIDDLE_SCHOOL,VERIFIED,"45세 전업주부·초등학생 및 중학생 자녀 양육 가구. LGU+·자가용·하이패스·롯데 계열 이용자이며, 경차·임신출산·복지·K-패스·항공사 제휴 자격은 해당하지 않음.",6,UC401 | UC402 | UC403 | UC404 | UC405 | UC406,KB YOU Prime 카드 | I’m GREAT | LOCA 365 카드 | 삼성 iD EDU 카드 | 신한카드 Mr.Life | DA@카드의정석,KB YOU Prime 카드:대형마트·카페·가족생활 | I’m GREAT:병원·약국·보험 | LOCA 365 카드:통신·구독 | 삼성 iD EDU 카드:학원비·교재·교육 | 신한카드 Mr.Life:온라인장보기·쇼핑·외식 | DA@카드의정석:혜택 공백 일반결제,hist-persona4-UC402-005,hist-persona4-UC402-005,2026-05,2026-05-16T14:30:00,G마켓,온라인쇼핑,온라인 종합몰,ONLINE_SHOPPING,88500,0,88500,신용카드,CARD,APPROVED,G마켓 결제 · 온라인쇼핑 카테고리,,UC402,214,I’m GREAT,롯데카드,의료·보험,병원·약국·보험,,8899,신용카드,,500000,5000.0,,https://www.card-gorilla.com/card/detail/214,407500,538400,N,UC406,87.0,DA@카드의정석,우리카드,보조 카드,혜택 공백 일반결제,,신용카드,,0.0,,317400.0,363200.0,Y,WRONG_CARD_BEFORE_PICKA,BEFORE_PICKA,0,1300,1300,픽카 이용 전 다른 카드를 사용하여 받을 수 있었던 혜택을 놓침,1.3%,,,,SYNTHETIC_RULE_MATCHING_V1,87-01,온라인쇼핑 맞춤 혜택,온라인쇼핑,7,할인,%,1.3,,,,,,,PICKA 표준 혜택 카테고리 '온라인쇼핑' 시연 데이터,https://www.card-gorilla.com/card/detail/87,MISSED_WRONG_CARD,DA@카드의정석 | 국내외 가맹점 1.3%~0.8% 청구할인,1300.0,KRW
ONE_TRANSACTION_PER_ROW,persona4,정은주,persona4@picka.app,45,1982-10-16,010-0756-9643,L.POINT|신세계포인트|CJ ONE|해피포인트|T 멤버십|교보문고 회원,ADULT,,여성,전업주부,서울 양천구,False,서울특별시,양천구,2,2026-07-24,"[{""order"":1,""label"":""첫째"",""birth_date"":""2009-11-18"",""exact_age"":""만 16세 8개월 6일"",""school_stage"":""고등학생""},{""order"":2,""label"":""둘째"",""birth_date"":""2013-03-07"",""exact_age"":""만 13세 4개월 17일"",""school_stage"":""중학생""}]",첫째,2009-11-18,만 16세 8개월 6일,고등학생,둘째,2013-03-07,만 13세 4개월 17일,중학생,"자녀 2명(중/고등학생), 교육비와 생활비 관리 중심",4500000,2026-05~2026-07,"학원비 자동이체 할인, 대형마트·쿠팡·컬리 적립, 병원·약국 할인, 통신비 캐시백 카드",False,False,False,False,False,False,HOMEMAKER,LGU+,CAR,False,True,NONE,LOTTE,True,True,2,ELEMENTARY_SCHOOL | MIDDLE_SCHOOL,VERIFIED,"45세 전업주부·초등학생 및 중학생 자녀 양육 가구. LGU+·자가용·하이패스·롯데 계열 이용자이며, 경차·임신출산·복지·K-패스·항공사 제휴 자격은 해당하지 않음.",6,UC401 | UC402 | UC403 | UC404 | UC405 | UC406,KB YOU Prime 카드 | I’m GREAT | LOCA 365 카드 | 삼성 iD EDU 카드 | 신한카드 Mr.Life | DA@카드의정석,KB YOU Prime 카드:대형마트·카페·가족생활 | I’m GREAT:병원·약국·보험 | LOCA 365 카드:통신·구독 | 삼성 iD EDU 카드:학원비·교재·교육 | 신한카드 Mr.Life:온라인장보기·쇼핑·외식 | DA@카드의정석:혜택 공백 일반결제,hist-persona4-UC406-005,hist-persona4-UC406-005,2026-05,2026-05-16T14:30:00,한식당,외식,음식점,FOOD_DINING,46400,3100,43300,신용카드,CARD,APPROVED,한식당 결제 · 푸드/외식 카테고리,,UC406,87,DA@카드의정석,우리카드,보조 카드,혜택 공백 일반결제,,1066,신용카드,,0,,,https://www.card-gorilla.com/card/detail/87,317400,363200,Y,UC406,87.0,DA@카드의정석,우리카드,보조 카드,혜택 공백 일반결제,,신용카드,,0.0,,317400.0,363200.0,Y,BENEFIT_RECEIVED,BENEFIT_APPLIED,3100,3100,0,,1.3%,,,,SYNTHETIC_RULE_MATCHING_V1,87-01,푸드/외식 맞춤 혜택,푸드/외식,57,할인,%,1.3,,,,,,,PICKA 표준 혜택 카테고리 '푸드/외식' 시연 데이터,https://www.card-gorilla.com/card/detail/87,DISCOUNT_APPLIED,DA@카드의정석 | 국내외 가맹점 1.3%~0.8% 청구할인,3100.0,KRW
ONE_TRANSACTION_PER_ROW,persona4,정은주,persona4@picka.app,45,1982-10-16,010-0756-9643,L.POINT|신세계포인트|CJ ONE|해피포인트|T 멤버십|교보문고 회원,ADULT,,여성,전업주부,서울 양천구,False,서울특별시,양천구,2,2026-07-24,"[{""order"":1,""label"":""첫째"",""birth_date"":""2009-11-18"",""exact_age"":""만 16세 8개월 6일"",""school_stage"":""고등학생""},{""order"":2,""label"":""둘째"",""birth_date"":""2013-03-07"",""exact_age"":""만 13세 4개월 17일"",""school_stage"":""중학생""}]",첫째,2009-11-18,만 16세 8개월 6일,고등학생,둘째,2013-03-07,만 13세 4개월 17일,중학생,"자녀 2명(중/고등학생), 교육비와 생활비 관리 중심",4500000,2026-05~2026-07,"학원비 자동이체 할인, 대형마트·쿠팡·컬리 적립, 병원·약국 할인, 통신비 캐시백 카드",False,False,False,False,False,False,HOMEMAKER,LGU+,CAR,False,True,NONE,LOTTE,True,True,2,ELEMENTARY_SCHOOL | MIDDLE_SCHOOL,VERIFIED,"45세 전업주부·초등학생 및 중학생 자녀 양육 가구. LGU+·자가용·하이패스·롯데 계열 이용자이며, 경차·임신출산·복지·K-패스·항공사 제휴 자격은 해당하지 않음.",6,UC401 | UC402 | UC403 | UC404 | UC405 | UC406,KB YOU Prime 카드 | I’m GREAT | LOCA 365 카드 | 삼성 iD EDU 카드 | 신한카드 Mr.Life | DA@카드의정석,KB YOU Prime 카드:대형마트·카페·가족생활 | I’m GREAT:병원·약국·보험 | LOCA 365 카드:통신·구독 | 삼성 iD EDU 카드:학원비·교재·교육 | 신한카드 Mr.Life:온라인장보기·쇼핑·외식 | DA@카드의정석:혜택 공백 일반결제,hist-persona4-UC403-006,hist-persona4-UC403-006,2026-05,2026-05-20T08:50:00,생활용품점,생활,생활용품,LIVING,64700,0,64700,신용카드,CARD,APPROVED,생활용품점 결제 · 생활 카테고리,,UC403,2330,LOCA 365 카드,롯데카드,고정비,통신·구독,,9900,신용카드,,500000,,,https://www.card-gorilla.com/card/detail/2330,289400,210300,N,UC405,13.0,신한카드 Mr.Life,신한카드,온라인 생활비,온라인장보기·쇼핑·외식,,신용카드,,300000.0,54000.0,422000.0,980600.0,Y,WRONG_CARD_BEFORE_PICKA,BEFORE_PICKA,0,900,900,픽카 이용 전 다른 카드를 사용하여 받을 수 있었던 혜택을 놓침,10%,5000.0,,,SYNTHETIC_RULE_MATCHING_V1,13-04,생활 맞춤 혜택,생활,22,할인,%,10.0,300000.0,,1000.0,5000.0,,,PICKA 표준 혜택 카테고리 '생활' 시연 데이터,https://www.card-gorilla.com/card/detail/13,MISSED_WRONG_CARD,신한카드 Mr.Life | 세탁소 업종 10% 할인 (전월실적 30만원 이상),900.0,KRW
ONE_TRANSACTION_PER_ROW,persona4,정은주,persona4@picka.app,45,1982-10-16,010-0756-9643,L.POINT|신세계포인트|CJ ONE|해피포인트|T 멤버십|교보문고 회원,ADULT,,여성,전업주부,서울 양천구,False,서울특별시,양천구,2,2026-07-24,"[{""order"":1,""label"":""첫째"",""birth_date"":""2009-11-18"",""exact_age"":""만 16세 8개월 6일"",""school_stage"":""고등학생""},{""order"":2,""label"":""둘째"",""birth_date"":""2013-03-07"",""exact_age"":""만 13세 4개월 17일"",""school_stage"":""중학생""}]",첫째,2009-11-18,만 16세 8개월 6일,고등학생,둘째,2013-03-07,만 13세 4개월 17일,중학생,"자녀 2명(중/고등학생), 교육비와 생활비 관리 중심",4500000,2026-05~2026-07,"학원비 자동이체 할인, 대형마트·쿠팡·컬리 적립, 병원·약국 할인, 통신비 캐시백 카드",False,False,False,False,False,False,HOMEMAKER,LGU+,CAR,False,True,NONE,LOTTE,True,True,2,ELEMENTARY_SCHOOL | MIDDLE_SCHOOL,VERIFIED,"45세 전업주부·초등학생 및 중학생 자녀 양육 가구. LGU+·자가용·하이패스·롯데 계열 이용자이며, 경차·임신출산·복지·K-패스·항공사 제휴 자격은 해당하지 않음.",6,UC401 | UC402 | UC403 | UC404 | UC405 | UC406,KB YOU Prime 카드 | I’m GREAT | LOCA 365 카드 | 삼성 iD EDU 카드 | 신한카드 Mr.Life | DA@카드의정석,KB YOU Prime 카드:대형마트·카페·가족생활 | I’m GREAT:병원·약국·보험 | LOCA 365 카드:통신·구독 | 삼성 iD EDU 카드:학원비·교재·교육 | 신한카드 Mr.Life:온라인장보기·쇼핑·외식 | DA@카드의정석:혜택 공백 일반결제,hist-persona4-UC405-006,hist-persona4-UC405-006,2026-05,2026-05-20T08:50:00,김밥전문점,외식,음식점,FOOD_DINING,61800,4100,57700,신용카드,CARD,APPROVED,김밥전문점 결제 · 푸드/외식 카테고리,,UC405,13,신한카드 Mr.Life,신한카드,온라인 생활비,온라인장보기·쇼핑·외식,,1055,신용카드,,300000,54000.0,,https://www.card-gorilla.com/card/detail/13,422000,980600,Y,UC405,13.0,신한카드 Mr.Life,신한카드,온라인 생활비,온라인장보기·쇼핑·외식,,신용카드,,300000.0,54000.0,422000.0,980600.0,Y,BENEFIT_RECEIVED,BENEFIT_APPLIED,4100,4100,0,,20%,54000.0,,,SYNTHETIC_RULE_MATCHING_V1,13-10,푸드/외식 맞춤 혜택,푸드/외식,57,할인,%,20.0,300000.0,,,,,,PICKA 표준 혜택 카테고리 '푸드/외식' 시연 데이터,https://www.card-gorilla.com/card/detail/13,DISCOUNT_APPLIED,신한카드 Mr.Life | 인테이크몰 20% 할인 (전월실적 30만원 이상),4100.0,KRW
ONE_TRANSACTION_PER_ROW,persona4,정은주,persona4@picka.app,45,1982-10-16,010-0756-9643,L.POINT|신세계포인트|CJ ONE|해피포인트|T 멤버십|교보문고 회원,ADULT,,여성,전업주부,서울 양천구,False,서울특별시,양천구,2,2026-07-24,"[{""order"":1,""label"":""첫째"",""birth_date"":""2009-11-18"",""exact_age"":""만 16세 8개월 6일"",""school_stage"":""고등학생""},{""order"":2,""label"":""둘째"",""birth_date"":""2013-03-07"",""exact_age"":""만 13세 4개월 17일"",""school_stage"":""중학생""}]",첫째,2009-11-18,만 16세 8개월 6일,고등학생,둘째,2013-03-07,만 13세 4개월 17일,중학생,"자녀 2명(중/고등학생), 교육비와 생활비 관리 중심",4500000,2026-05~2026-07,"학원비 자동이체 할인, 대형마트·쿠팡·컬리 적립, 병원·약국 할인, 통신비 캐시백 카드",False,False,False,False,False,False,HOMEMAKER,LGU+,CAR,False,True,NONE,LOTTE,True,True,2,ELEMENTARY_SCHOOL | MIDDLE_SCHOOL,VERIFIED,"45세 전업주부·초등학생 및 중학생 자녀 양육 가구. LGU+·자가용·하이패스·롯데 계열 이용자이며, 경차·임신출산·복지·K-패스·항공사 제휴 자격은 해당하지 않음.",6,UC401 | UC402 | UC403 | UC404 | UC405 | UC406,KB YOU Prime 카드 | I’m GREAT | LOCA 365 카드 | 삼성 iD EDU 카드 | 신한카드 Mr.Life | DA@카드의정석,KB YOU Prime 카드:대형마트·카페·가족생활 | I’m GREAT:병원·약국·보험 | LOCA 365 카드:통신·구독 | 삼성 iD EDU 카드:학원비·교재·교육 | 신한카드 Mr.Life:온라인장보기·쇼핑·외식 | DA@카드의정석:혜택 공백 일반결제,hist-persona4-UC406-006,hist-persona4-UC406-006,2026-05,2026-05-20T08:50:00,스타벅스,카페,카페 및 디저트,CAFE_DESSERT,42800,600,42200,신용카드,CARD,APPROVED,스타벅스 결제 · 카페/디저트 카테고리,,UC405,13,신한카드 Mr.Life,신한카드,온라인 생활비,온라인장보기·쇼핑·외식,,1055,신용카드,,300000,54000.0,,https://www.card-gorilla.com/card/detail/13,422000,980600,Y,UC405,13.0,신한카드 Mr.Life,신한카드,온라인 생활비,온라인장보기·쇼핑·외식,,신용카드,,300000.0,54000.0,422000.0,980600.0,Y,BENEFIT_RECEIVED,BENEFIT_APPLIED,600,600,0,,20%,54000.0,,,SYNTHETIC_RULE_MATCHING_V1,13-10,카페/디저트 맞춤 혜택,카페/디저트,45,할인,%,20.0,300000.0,,,,,,PICKA 표준 혜택 카테고리 '카페/디저트' 시연 데이터,https://www.card-gorilla.com/card/detail/13,DISCOUNT_APPLIED,신한카드 Mr.Life | 인테이크몰 20% 할인 (전월실적 30만원 이상),600.0,KRW
ONE_TRANSACTION_PER_ROW,persona4,정은주,persona4@picka.app,45,1982-10-16,010-0756-9643,L.POINT|신세계포인트|CJ ONE|해피포인트|T 멤버십|교보문고 회원,ADULT,,여성,전업주부,서울 양천구,False,서울특별시,양천구,2,2026-07-24,"[{""order"":1,""label"":""첫째"",""birth_date"":""2009-11-18"",""exact_age"":""만 16세 8개월 6일"",""school_stage"":""고등학생""},{""order"":2,""label"":""둘째"",""birth_date"":""2013-03-07"",""exact_age"":""만 13세 4개월 17일"",""school_stage"":""중학생""}]",첫째,2009-11-18,만 16세 8개월 6일,고등학생,둘째,2013-03-07,만 13세 4개월 17일,중학생,"자녀 2명(중/고등학생), 교육비와 생활비 관리 중심",4500000,2026-05~2026-07,"학원비 자동이체 할인, 대형마트·쿠팡·컬리 적립, 병원·약국 할인, 통신비 캐시백 카드",False,False,False,False,False,False,HOMEMAKER,LGU+,CAR,False,True,NONE,LOTTE,True,True,2,ELEMENTARY_SCHOOL | MIDDLE_SCHOOL,VERIFIED,"45세 전업주부·초등학생 및 중학생 자녀 양육 가구. LGU+·자가용·하이패스·롯데 계열 이용자이며, 경차·임신출산·복지·K-패스·항공사 제휴 자격은 해당하지 않음.",6,UC401 | UC402 | UC403 | UC404 | UC405 | UC406,KB YOU Prime 카드 | I’m GREAT | LOCA 365 카드 | 삼성 iD EDU 카드 | 신한카드 Mr.Life | DA@카드의정석,KB YOU Prime 카드:대형마트·카페·가족생활 | I’m GREAT:병원·약국·보험 | LOCA 365 카드:통신·구독 | 삼성 iD EDU 카드:학원비·교재·교육 | 신한카드 Mr.Life:온라인장보기·쇼핑·외식 | DA@카드의정석:혜택 공백 일반결제,hist-persona4-UC404-006,hist-persona4-UC404-006,2026-05,2026-05-20T08:50:00,고등 수학학원,교육/육아,교육 및 육아,EDUCATION_CHILDCARE,114200,0,114200,신용카드,CARD,APPROVED,고등 수학학원 결제 · 교육/육아 카테고리,,UC404,2358,삼성 iD EDU 카드,삼성카드,교육비,학원비·교재·교육,,1044,신용카드,,500000,510000.0,,https://www.card-gorilla.com/card/detail/2358,481700,950900,N,UC401,2930.0,KB YOU Prime 카드,KB국민카드,가계 주사용,대형마트·카페·가족생활,가족팩,신용카드,,400000.0,1200000.0,658000.0,1306600.0,Y,WRONG_CARD_BEFORE_PICKA,BEFORE_PICKA,0,1600,1600,픽카 이용 전 다른 카드를 사용하여 받을 수 있었던 혜택을 놓침,10%,400000.0,,,SYNTHETIC_RULE_MATCHING_V1,2930-02,교육/육아 맞춤 혜택,교육/육아,14,할인,%,10.0,400000.0,50000.0,,400000.0,,,PICKA 표준 혜택 카테고리 '교육/육아' 시연 데이터,https://www.card-gorilla.com/card/detail/2930,MISSED_WRONG_CARD,"KB YOU Prime 카드 | [가족팩] 6개 영역 최대 10% 청구할인
생활요금, 온라인장보기, 일상케어, 학원, 대형마트, 카페",1600.0,KRW
ONE_TRANSACTION_PER_ROW,persona4,정은주,persona4@picka.app,45,1982-10-16,010-0756-9643,L.POINT|신세계포인트|CJ ONE|해피포인트|T 멤버십|교보문고 회원,ADULT,,여성,전업주부,서울 양천구,False,서울특별시,양천구,2,2026-07-24,"[{""order"":1,""label"":""첫째"",""birth_date"":""2009-11-18"",""exact_age"":""만 16세 8개월 6일"",""school_stage"":""고등학생""},{""order"":2,""label"":""둘째"",""birth_date"":""2013-03-07"",""exact_age"":""만 13세 4개월 17일"",""school_stage"":""중학생""}]",첫째,2009-11-18,만 16세 8개월 6일,고등학생,둘째,2013-03-07,만 13세 4개월 17일,중학생,"자녀 2명(중/고등학생), 교육비와 생활비 관리 중심",4500000,2026-05~2026-07,"학원비 자동이체 할인, 대형마트·쿠팡·컬리 적립, 병원·약국 할인, 통신비 캐시백 카드",False,False,False,False,False,False,HOMEMAKER,LGU+,CAR,False,True,NONE,LOTTE,True,True,2,ELEMENTARY_SCHOOL | MIDDLE_SCHOOL,VERIFIED,"45세 전업주부·초등학생 및 중학생 자녀 양육 가구. LGU+·자가용·하이패스·롯데 계열 이용자이며, 경차·임신출산·복지·K-패스·항공사 제휴 자격은 해당하지 않음.",6,UC401 | UC402 | UC403 | UC404 | UC405 | UC406,KB YOU Prime 카드 | I’m GREAT | LOCA 365 카드 | 삼성 iD EDU 카드 | 신한카드 Mr.Life | DA@카드의정석,KB YOU Prime 카드:대형마트·카페·가족생활 | I’m GREAT:병원·약국·보험 | LOCA 365 카드:통신·구독 | 삼성 iD EDU 카드:학원비·교재·교육 | 신한카드 Mr.Life:온라인장보기·쇼핑·외식 | DA@카드의정석:혜택 공백 일반결제,hist-persona4-UC401-006,hist-persona4-UC401-006,2026-05,2026-05-20T08:50:00,대한항공,항공,항공권 및 마일리지,AIRLINE_MILEAGE,156900,0,156900,신용카드,CARD,APPROVED,대한항공 결제 · 항공/마일리지 카테고리,,UC401,2930,KB YOU Prime 카드,KB국민카드,가계 주사용,대형마트·카페·가족생활,가족팩,7788,신용카드,,400000,1200000.0,,https://www.card-gorilla.com/card/detail/2930,658000,1306600,Y,UC406,87.0,DA@카드의정석,우리카드,보조 카드,혜택 공백 일반결제,,신용카드,,0.0,,317400.0,363200.0,Y,WRONG_CARD_BEFORE_PICKA,BEFORE_PICKA,0,2200,2200,픽카 이용 전 다른 카드를 사용하여 받을 수 있었던 혜택을 놓침,1.3%,,,,SYNTHETIC_RULE_MATCHING_V1,87-01,항공/마일리지 맞춤 혜택,항공/마일리지,4,할인,%,1.3,,,,,,,PICKA 표준 혜택 카테고리 '항공/마일리지' 시연 데이터,https://www.card-gorilla.com/card/detail/87,MISSED_WRONG_CARD,DA@카드의정석 | 국내외 가맹점 1.3%~0.8% 청구할인,2200.0,KRW
ONE_TRANSACTION_PER_ROW,persona4,정은주,persona4@picka.app,45,1982-10-16,010-0756-9643,L.POINT|신세계포인트|CJ ONE|해피포인트|T 멤버십|교보문고 회원,ADULT,,여성,전업주부,서울 양천구,False,서울특별시,양천구,2,2026-07-24,"[{""order"":1,""label"":""첫째"",""birth_date"":""2009-11-18"",""exact_age"":""만 16세 8개월 6일"",""school_stage"":""고등학생""},{""order"":2,""label"":""둘째"",""birth_date"":""2013-03-07"",""exact_age"":""만 13세 4개월 17일"",""school_stage"":""중학생""}]",첫째,2009-11-18,만 16세 8개월 6일,고등학생,둘째,2013-03-07,만 13세 4개월 17일,중학생,"자녀 2명(중/고등학생), 교육비와 생활비 관리 중심",4500000,2026-05~2026-07,"학원비 자동이체 할인, 대형마트·쿠팡·컬리 적립, 병원·약국 할인, 통신비 캐시백 카드",False,False,False,False,False,False,HOMEMAKER,LGU+,CAR,False,True,NONE,LOTTE,True,True,2,ELEMENTARY_SCHOOL | MIDDLE_SCHOOL,VERIFIED,"45세 전업주부·초등학생 및 중학생 자녀 양육 가구. LGU+·자가용·하이패스·롯데 계열 이용자이며, 경차·임신출산·복지·K-패스·항공사 제휴 자격은 해당하지 않음.",6,UC401 | UC402 | UC403 | UC404 | UC405 | UC406,KB YOU Prime 카드 | I’m GREAT | LOCA 365 카드 | 삼성 iD EDU 카드 | 신한카드 Mr.Life | DA@카드의정석,KB YOU Prime 카드:대형마트·카페·가족생활 | I’m GREAT:병원·약국·보험 | LOCA 365 카드:통신·구독 | 삼성 iD EDU 카드:학원비·교재·교육 | 신한카드 Mr.Life:온라인장보기·쇼핑·외식 | DA@카드의정석:혜택 공백 일반결제,hist-persona4-UC402-006,hist-persona4-UC402-006,2026-05,2026-05-20T08:50:00,온누리약국,의료,병원 및 약국,MEDICAL,81800,0,81800,신용카드,CARD,APPROVED,온누리약국 결제 · 병원/약국 카테고리,,UC402,214,I’m GREAT,롯데카드,의료·보험,병원·약국·보험,,8899,신용카드,,500000,5000.0,,https://www.card-gorilla.com/card/detail/214,407500,538400,N,UC406,87.0,DA@카드의정석,우리카드,보조 카드,혜택 공백 일반결제,,신용카드,,0.0,,317400.0,363200.0,Y,WRONG_CARD_BEFORE_PICKA,BEFORE_PICKA,0,1200,1200,픽카 이용 전 다른 카드를 사용하여 받을 수 있었던 혜택을 놓침,1.3%,,,,SYNTHETIC_RULE_MATCHING_V1,87-01,병원/약국 맞춤 혜택,병원/약국,12,할인,%,1.3,,,,,,,PICKA 표준 혜택 카테고리 '병원/약국' 시연 데이터,https://www.card-gorilla.com/card/detail/87,MISSED_WRONG_CARD,DA@카드의정석 | 국내외 가맹점 1.3%~0.8% 청구할인,1200.0,KRW
ONE_TRANSACTION_PER_ROW,persona4,정은주,persona4@picka.app,45,1982-10-16,010-0756-9643,L.POINT|신세계포인트|CJ ONE|해피포인트|T 멤버십|교보문고 회원,ADULT,,여성,전업주부,서울 양천구,False,서울특별시,양천구,2,2026-07-24,"[{""order"":1,""label"":""첫째"",""birth_date"":""2009-11-18"",""exact_age"":""만 16세 8개월 6일"",""school_stage"":""고등학생""},{""order"":2,""label"":""둘째"",""birth_date"":""2013-03-07"",""exact_age"":""만 13세 4개월 17일"",""school_stage"":""중학생""}]",첫째,2009-11-18,만 16세 8개월 6일,고등학생,둘째,2013-03-07,만 13세 4개월 17일,중학생,"자녀 2명(중/고등학생), 교육비와 생활비 관리 중심",4500000,2026-05~2026-07,"학원비 자동이체 할인, 대형마트·쿠팡·컬리 적립, 병원·약국 할인, 통신비 캐시백 카드",False,False,False,False,False,False,HOMEMAKER,LGU+,CAR,False,True,NONE,LOTTE,True,True,2,ELEMENTARY_SCHOOL | MIDDLE_SCHOOL,VERIFIED,"45세 전업주부·초등학생 및 중학생 자녀 양육 가구. LGU+·자가용·하이패스·롯데 계열 이용자이며, 경차·임신출산·복지·K-패스·항공사 제휴 자격은 해당하지 않음.",6,UC401 | UC402 | UC403 | UC404 | UC405 | UC406,KB YOU Prime 카드 | I’m GREAT | LOCA 365 카드 | 삼성 iD EDU 카드 | 신한카드 Mr.Life | DA@카드의정석,KB YOU Prime 카드:대형마트·카페·가족생활 | I’m GREAT:병원·약국·보험 | LOCA 365 카드:통신·구독 | 삼성 iD EDU 카드:학원비·교재·교육 | 신한카드 Mr.Life:온라인장보기·쇼핑·외식 | DA@카드의정석:혜택 공백 일반결제,hist-persona4-UC405-007,hist-persona4-UC405-007,2026-05,2026-05-24T19:05:00,서울교통공사,교통,대중교통·택시,TRANSIT,77300,1100,76200,신용카드,CARD,APPROVED,서울교통공사 결제 · 교통 카테고리,,UC405,13,신한카드 Mr.Life,신한카드,온라인 생활비,온라인장보기·쇼핑·외식,,1055,신용카드,,300000,54000.0,,https://www.card-gorilla.com/card/detail/13,422000,980600,Y,UC405,13.0,신한카드 Mr.Life,신한카드,온라인 생활비,온라인장보기·쇼핑·외식,,신용카드,,300000.0,54000.0,422000.0,980600.0,Y,BENEFIT_RECEIVED,BENEFIT_APPLIED,1100,5100,4000,,10%,5000.0,1100.0,0.0,SYNTHETIC_RULE_MATCHING_V1,13-04,교통 맞춤 혜택,교통,20,할인,%,10.0,300000.0,,1000.0,5000.0,,,PICKA 표준 혜택 카테고리 '교통' 시연 데이터,https://www.card-gorilla.com/card/detail/13,DISCOUNT_APPLIED,신한카드 Mr.Life | 세탁소 업종 10% 할인 (전월실적 30만원 이상),5100.0,KRW
ONE_TRANSACTION_PER_ROW,persona4,정은주,persona4@picka.app,45,1982-10-16,010-0756-9643,L.POINT|신세계포인트|CJ ONE|해피포인트|T 멤버십|교보문고 회원,ADULT,,여성,전업주부,서울 양천구,False,서울특별시,양천구,2,2026-07-24,"[{""order"":1,""label"":""첫째"",""birth_date"":""2009-11-18"",""exact_age"":""만 16세 8개월 6일"",""school_stage"":""고등학생""},{""order"":2,""label"":""둘째"",""birth_date"":""2013-03-07"",""exact_age"":""만 13세 4개월 17일"",""school_stage"":""중학생""}]",첫째,2009-11-18,만 16세 8개월 6일,고등학생,둘째,2013-03-07,만 13세 4개월 17일,중학생,"자녀 2명(중/고등학생), 교육비와 생활비 관리 중심",4500000,2026-05~2026-07,"학원비 자동이체 할인, 대형마트·쿠팡·컬리 적립, 병원·약국 할인, 통신비 캐시백 카드",False,False,False,False,False,False,HOMEMAKER,LGU+,CAR,False,True,NONE,LOTTE,True,True,2,ELEMENTARY_SCHOOL | MIDDLE_SCHOOL,VERIFIED,"45세 전업주부·초등학생 및 중학생 자녀 양육 가구. LGU+·자가용·하이패스·롯데 계열 이용자이며, 경차·임신출산·복지·K-패스·항공사 제휴 자격은 해당하지 않음.",6,UC401 | UC402 | UC403 | UC404 | UC405 | UC406,KB YOU Prime 카드 | I’m GREAT | LOCA 365 카드 | 삼성 iD EDU 카드 | 신한카드 Mr.Life | DA@카드의정석,KB YOU Prime 카드:대형마트·카페·가족생활 | I’m GREAT:병원·약국·보험 | LOCA 365 카드:통신·구독 | 삼성 iD EDU 카드:학원비·교재·교육 | 신한카드 Mr.Life:온라인장보기·쇼핑·외식 | DA@카드의정석:혜택 공백 일반결제,hist-persona4-UC401-007,hist-persona4-UC401-007,2026-05,2026-05-24T19:05:00,롯데마트,마트/쇼핑,대형마트 및 쇼핑,MART_SHOPPING,196100,0,196100,신용카드,CARD,APPROVED,롯데마트 결제 · 마트/쇼핑 카테고리,,UC401,2930,KB YOU Prime 카드,KB국민카드,가계 주사용,대형마트·카페·가족생활,가족팩,7788,신용카드,,400000,1200000.0,,https://www.card-gorilla.com/card/detail/2930,658000,1306600,Y,UC405,13.0,신한카드 Mr.Life,신한카드,온라인 생활비,온라인장보기·쇼핑·외식,,신용카드,,300000.0,54000.0,422000.0,980600.0,Y,WRONG_CARD_BEFORE_PICKA,BEFORE_PICKA,0,2800,2800,픽카 이용 전 다른 카드를 사용하여 받을 수 있었던 혜택을 놓침,20%,54000.0,,,SYNTHETIC_RULE_MATCHING_V1,13-10,마트/쇼핑 맞춤 혜택,마트/쇼핑,97,할인,%,20.0,300000.0,,,,,,PICKA 표준 혜택 카테고리 '마트/쇼핑' 시연 데이터,https://www.card-gorilla.com/card/detail/13,MISSED_WRONG_CARD,신한카드 Mr.Life | 인테이크몰 20% 할인 (전월실적 30만원 이상),2800.0,KRW
ONE_TRANSACTION_PER_ROW,persona4,정은주,persona4@picka.app,45,1982-10-16,010-0756-9643,L.POINT|신세계포인트|CJ ONE|해피포인트|T 멤버십|교보문고 회원,ADULT,,여성,전업주부,서울 양천구,False,서울특별시,양천구,2,2026-07-24,"[{""order"":1,""label"":""첫째"",""birth_date"":""2009-11-18"",""exact_age"":""만 16세 8개월 6일"",""school_stage"":""고등학생""},{""order"":2,""label"":""둘째"",""birth_date"":""2013-03-07"",""exact_age"":""만 13세 4개월 17일"",""school_stage"":""중학생""}]",첫째,2009-11-18,만 16세 8개월 6일,고등학생,둘째,2013-03-07,만 13세 4개월 17일,중학생,"자녀 2명(중/고등학생), 교육비와 생활비 관리 중심",4500000,2026-05~2026-07,"학원비 자동이체 할인, 대형마트·쿠팡·컬리 적립, 병원·약국 할인, 통신비 캐시백 카드",False,False,False,False,False,False,HOMEMAKER,LGU+,CAR,False,True,NONE,LOTTE,True,True,2,ELEMENTARY_SCHOOL | MIDDLE_SCHOOL,VERIFIED,"45세 전업주부·초등학생 및 중학생 자녀 양육 가구. LGU+·자가용·하이패스·롯데 계열 이용자이며, 경차·임신출산·복지·K-패스·항공사 제휴 자격은 해당하지 않음.",6,UC401 | UC402 | UC403 | UC404 | UC405 | UC406,KB YOU Prime 카드 | I’m GREAT | LOCA 365 카드 | 삼성 iD EDU 카드 | 신한카드 Mr.Life | DA@카드의정석,KB YOU Prime 카드:대형마트·카페·가족생활 | I’m GREAT:병원·약국·보험 | LOCA 365 카드:통신·구독 | 삼성 iD EDU 카드:학원비·교재·교육 | 신한카드 Mr.Life:온라인장보기·쇼핑·외식 | DA@카드의정석:혜택 공백 일반결제,hist-persona4-UC404-007,hist-persona4-UC404-007,2026-05,2026-05-24T19:05:00,교재비,교육/육아,교육 및 육아,EDUCATION_CHILDCARE,142700,0,142700,신용카드,CARD,APPROVED,교재비 결제 · 교육/육아 카테고리,,UC404,2358,삼성 iD EDU 카드,삼성카드,교육비,학원비·교재·교육,,1044,신용카드,,500000,510000.0,,https://www.card-gorilla.com/card/detail/2358,481700,950900,N,UC401,2930.0,KB YOU Prime 카드,KB국민카드,가계 주사용,대형마트·카페·가족생활,가족팩,신용카드,,400000.0,1200000.0,658000.0,1306600.0,Y,WRONG_CARD_BEFORE_PICKA,BEFORE_PICKA,0,2000,2000,픽카 이용 전 다른 카드를 사용하여 받을 수 있었던 혜택을 놓침,10%,400000.0,,,SYNTHETIC_RULE_MATCHING_V1,2930-02,교육/육아 맞춤 혜택,교육/육아,14,할인,%,10.0,400000.0,50000.0,,400000.0,,,PICKA 표준 혜택 카테고리 '교육/육아' 시연 데이터,https://www.card-gorilla.com/card/detail/2930,MISSED_WRONG_CARD,"KB YOU Prime 카드 | [가족팩] 6개 영역 최대 10% 청구할인
생활요금, 온라인장보기, 일상케어, 학원, 대형마트, 카페",2000.0,KRW
ONE_TRANSACTION_PER_ROW,persona4,정은주,persona4@picka.app,45,1982-10-16,010-0756-9643,L.POINT|신세계포인트|CJ ONE|해피포인트|T 멤버십|교보문고 회원,ADULT,,여성,전업주부,서울 양천구,False,서울특별시,양천구,2,2026-07-24,"[{""order"":1,""label"":""첫째"",""birth_date"":""2009-11-18"",""exact_age"":""만 16세 8개월 6일"",""school_stage"":""고등학생""},{""order"":2,""label"":""둘째"",""birth_date"":""2013-03-07"",""exact_age"":""만 13세 4개월 17일"",""school_stage"":""중학생""}]",첫째,2009-11-18,만 16세 8개월 6일,고등학생,둘째,2013-03-07,만 13세 4개월 17일,중학생,"자녀 2명(중/고등학생), 교육비와 생활비 관리 중심",4500000,2026-05~2026-07,"학원비 자동이체 할인, 대형마트·쿠팡·컬리 적립, 병원·약국 할인, 통신비 캐시백 카드",False,False,False,False,False,False,HOMEMAKER,LGU+,CAR,False,True,NONE,LOTTE,True,True,2,ELEMENTARY_SCHOOL | MIDDLE_SCHOOL,VERIFIED,"45세 전업주부·초등학생 및 중학생 자녀 양육 가구. LGU+·자가용·하이패스·롯데 계열 이용자이며, 경차·임신출산·복지·K-패스·항공사 제휴 자격은 해당하지 않음.",6,UC401 | UC402 | UC403 | UC404 | UC405 | UC406,KB YOU Prime 카드 | I’m GREAT | LOCA 365 카드 | 삼성 iD EDU 카드 | 신한카드 Mr.Life | DA@카드의정석,KB YOU Prime 카드:대형마트·카페·가족생활 | I’m GREAT:병원·약국·보험 | LOCA 365 카드:통신·구독 | 삼성 iD EDU 카드:학원비·교재·교육 | 신한카드 Mr.Life:온라인장보기·쇼핑·외식 | DA@카드의정석:혜택 공백 일반결제,hist-persona4-UC402-007,hist-persona4-UC402-007,2026-05,2026-05-24T19:05:00,GS칼텍스,자동차,주유,FUEL,102200,0,102200,신용카드,CARD,APPROVED,GS칼텍스 결제 · 주유 카테고리,,UC402,214,I’m GREAT,롯데카드,의료·보험,병원·약국·보험,,8899,신용카드,,500000,5000.0,,https://www.card-gorilla.com/card/detail/214,407500,538400,N,UC406,87.0,DA@카드의정석,우리카드,보조 카드,혜택 공백 일반결제,,신용카드,,0.0,,317400.0,363200.0,Y,WRONG_CARD_BEFORE_PICKA,BEFORE_PICKA,0,1400,1400,픽카 이용 전 다른 카드를 사용하여 받을 수 있었던 혜택을 놓침,1.3%,,,,SYNTHETIC_RULE_MATCHING_V1,87-01,주유 맞춤 혜택,주유,17,할인,%,1.3,,,,,,,PICKA 표준 혜택 카테고리 '주유' 시연 데이터,https://www.card-gorilla.com/card/detail/87,MISSED_WRONG_CARD,DA@카드의정석 | 국내외 가맹점 1.3%~0.8% 청구할인,1400.0,KRW
ONE_TRANSACTION_PER_ROW,persona4,정은주,persona4@picka.app,45,1982-10-16,010-0756-9643,L.POINT|신세계포인트|CJ ONE|해피포인트|T 멤버십|교보문고 회원,ADULT,,여성,전업주부,서울 양천구,False,서울특별시,양천구,2,2026-07-24,"[{""order"":1,""label"":""첫째"",""birth_date"":""2009-11-18"",""exact_age"":""만 16세 8개월 6일"",""school_stage"":""고등학생""},{""order"":2,""label"":""둘째"",""birth_date"":""2013-03-07"",""exact_age"":""만 13세 4개월 17일"",""school_stage"":""중학생""}]",첫째,2009-11-18,만 16세 8개월 6일,고등학생,둘째,2013-03-07,만 13세 4개월 17일,중학생,"자녀 2명(중/고등학생), 교육비와 생활비 관리 중심",4500000,2026-05~2026-07,"학원비 자동이체 할인, 대형마트·쿠팡·컬리 적립, 병원·약국 할인, 통신비 캐시백 카드",False,False,False,False,False,False,HOMEMAKER,LGU+,CAR,False,True,NONE,LOTTE,True,True,2,ELEMENTARY_SCHOOL | MIDDLE_SCHOOL,VERIFIED,"45세 전업주부·초등학생 및 중학생 자녀 양육 가구. LGU+·자가용·하이패스·롯데 계열 이용자이며, 경차·임신출산·복지·K-패스·항공사 제휴 자격은 해당하지 않음.",6,UC401 | UC402 | UC403 | UC404 | UC405 | UC406,KB YOU Prime 카드 | I’m GREAT | LOCA 365 카드 | 삼성 iD EDU 카드 | 신한카드 Mr.Life | DA@카드의정석,KB YOU Prime 카드:대형마트·카페·가족생활 | I’m GREAT:병원·약국·보험 | LOCA 365 카드:통신·구독 | 삼성 iD EDU 카드:학원비·교재·교육 | 신한카드 Mr.Life:온라인장보기·쇼핑·외식 | DA@카드의정석:혜택 공백 일반결제,hist-persona4-UC403-007,hist-persona4-UC403-007,2026-05,2026-05-24T19:05:00,카카오 T,교통,대중교통·택시,TRANSIT,80900,1100,79800,신용카드,CARD,APPROVED,카카오 T 결제 · 교통 카테고리,,UC406,87,DA@카드의정석,우리카드,보조 카드,혜택 공백 일반결제,,1066,신용카드,,0,,,https://www.card-gorilla.com/card/detail/87,317400,363200,Y,UC406,87.0,DA@카드의정석,우리카드,보조 카드,혜택 공백 일반결제,,신용카드,,0.0,,317400.0,363200.0,Y,BENEFIT_RECEIVED,BENEFIT_APPLIED,1100,1100,0,,1.3%,,,,SYNTHETIC_RULE_MATCHING_V1,87-01,교통 맞춤 혜택,교통,20,할인,%,1.3,,,,,,,PICKA 표준 혜택 카테고리 '교통' 시연 데이터,https://www.card-gorilla.com/card/detail/87,DISCOUNT_APPLIED,DA@카드의정석 | 국내외 가맹점 1.3%~0.8% 청구할인,1100.0,KRW
ONE_TRANSACTION_PER_ROW,persona4,정은주,persona4@picka.app,45,1982-10-16,010-0756-9643,L.POINT|신세계포인트|CJ ONE|해피포인트|T 멤버십|교보문고 회원,ADULT,,여성,전업주부,서울 양천구,False,서울특별시,양천구,2,2026-07-24,"[{""order"":1,""label"":""첫째"",""birth_date"":""2009-11-18"",""exact_age"":""만 16세 8개월 6일"",""school_stage"":""고등학생""},{""order"":2,""label"":""둘째"",""birth_date"":""2013-03-07"",""exact_age"":""만 13세 4개월 17일"",""school_stage"":""중학생""}]",첫째,2009-11-18,만 16세 8개월 6일,고등학생,둘째,2013-03-07,만 13세 4개월 17일,중학생,"자녀 2명(중/고등학생), 교육비와 생활비 관리 중심",4500000,2026-05~2026-07,"학원비 자동이체 할인, 대형마트·쿠팡·컬리 적립, 병원·약국 할인, 통신비 캐시백 카드",False,False,False,False,False,False,HOMEMAKER,LGU+,CAR,False,True,NONE,LOTTE,True,True,2,ELEMENTARY_SCHOOL | MIDDLE_SCHOOL,VERIFIED,"45세 전업주부·초등학생 및 중학생 자녀 양육 가구. LGU+·자가용·하이패스·롯데 계열 이용자이며, 경차·임신출산·복지·K-패스·항공사 제휴 자격은 해당하지 않음.",6,UC401 | UC402 | UC403 | UC404 | UC405 | UC406,KB YOU Prime 카드 | I’m GREAT | LOCA 365 카드 | 삼성 iD EDU 카드 | 신한카드 Mr.Life | DA@카드의정석,KB YOU Prime 카드:대형마트·카페·가족생활 | I’m GREAT:병원·약국·보험 | LOCA 365 카드:통신·구독 | 삼성 iD EDU 카드:학원비·교재·교육 | 신한카드 Mr.Life:온라인장보기·쇼핑·외식 | DA@카드의정석:혜택 공백 일반결제,hist-persona4-UC406-007,hist-persona4-UC406-007,2026-05,2026-05-24T19:05:00,일반 가맹점,모든가맹점,일반 결제,ALL_MERCHANTS,53600,3600,50000,신용카드,CARD,APPROVED,일반 가맹점 결제 · 모든가맹점 카테고리,,UC406,87,DA@카드의정석,우리카드,보조 카드,혜택 공백 일반결제,,1066,신용카드,,0,,,https://www.card-gorilla.com/card/detail/87,317400,363200,Y,UC406,87.0,DA@카드의정석,우리카드,보조 카드,혜택 공백 일반결제,,신용카드,,0.0,,317400.0,363200.0,Y,BENEFIT_RECEIVED,BENEFIT_APPLIED,3600,3600,0,,1.3%,,,,SYNTHETIC_RULE_MATCHING_V1,87-01,모든가맹점 맞춤 혜택,모든가맹점,15,할인,%,1.3,,,,,,,PICKA 표준 혜택 카테고리 '모든가맹점' 시연 데이터,https://www.card-gorilla.com/card/detail/87,DISCOUNT_APPLIED,DA@카드의정석 | 국내외 가맹점 1.3%~0.8% 청구할인,3600.0,KRW
ONE_TRANSACTION_PER_ROW,persona4,정은주,persona4@picka.app,45,1982-10-16,010-0756-9643,L.POINT|신세계포인트|CJ ONE|해피포인트|T 멤버십|교보문고 회원,ADULT,,여성,전업주부,서울 양천구,False,서울특별시,양천구,2,2026-07-24,"[{""order"":1,""label"":""첫째"",""birth_date"":""2009-11-18"",""exact_age"":""만 16세 8개월 6일"",""school_stage"":""고등학생""},{""order"":2,""label"":""둘째"",""birth_date"":""2013-03-07"",""exact_age"":""만 13세 4개월 17일"",""school_stage"":""중학생""}]",첫째,2009-11-18,만 16세 8개월 6일,고등학생,둘째,2013-03-07,만 13세 4개월 17일,중학생,"자녀 2명(중/고등학생), 교육비와 생활비 관리 중심",4500000,2026-05~2026-07,"학원비 자동이체 할인, 대형마트·쿠팡·컬리 적립, 병원·약국 할인, 통신비 캐시백 카드",False,False,False,False,False,False,HOMEMAKER,LGU+,CAR,False,True,NONE,LOTTE,True,True,2,ELEMENTARY_SCHOOL | MIDDLE_SCHOOL,VERIFIED,"45세 전업주부·초등학생 및 중학생 자녀 양육 가구. LGU+·자가용·하이패스·롯데 계열 이용자이며, 경차·임신출산·복지·K-패스·항공사 제휴 자격은 해당하지 않음.",6,UC401 | UC402 | UC403 | UC404 | UC405 | UC406,KB YOU Prime 카드 | I’m GREAT | LOCA 365 카드 | 삼성 iD EDU 카드 | 신한카드 Mr.Life | DA@카드의정석,KB YOU Prime 카드:대형마트·카페·가족생활 | I’m GREAT:병원·약국·보험 | LOCA 365 카드:통신·구독 | 삼성 iD EDU 카드:학원비·교재·교육 | 신한카드 Mr.Life:온라인장보기·쇼핑·외식 | DA@카드의정석:혜택 공백 일반결제,hist-persona4-UC402-008,hist-persona4-UC402-008,2026-05,2026-05-28T22:10:00,아파트아이 관리비,공과금,생활요금,UTILITIES,68100,1000,67100,신용카드,CARD,APPROVED,아파트아이 관리비 결제 · 공과금/생활요금 카테고리,,UC405,13,신한카드 Mr.Life,신한카드,온라인 생활비,온라인장보기·쇼핑·외식,,1055,신용카드,,300000,54000.0,,https://www.card-gorilla.com/card/detail/13,422000,980600,Y,UC405,13.0,신한카드 Mr.Life,신한카드,온라인 생활비,온라인장보기·쇼핑·외식,,신용카드,,300000.0,54000.0,422000.0,980600.0,Y,BENEFIT_RECEIVED,BENEFIT_APPLIED,1000,1000,0,,10%,3000.0,2300.0,1300.0,SYNTHETIC_RULE_MATCHING_V1,13-01,공과금/생활요금 맞춤 혜택,공과금/생활요금,3,할인,%,10.0,300000.0,,5000.0,3000.0,,,PICKA 표준 혜택 카테고리 '공과금/생활요금' 시연 데이터,https://www.card-gorilla.com/card/detail/13,DISCOUNT_APPLIED,신한카드 Mr.Life | 월납요금(공과금) 10% 할인서비스 (전월실적 30만원 이상),1000.0,KRW
ONE_TRANSACTION_PER_ROW,persona4,정은주,persona4@picka.app,45,1982-10-16,010-0756-9643,L.POINT|신세계포인트|CJ ONE|해피포인트|T 멤버십|교보문고 회원,ADULT,,여성,전업주부,서울 양천구,False,서울특별시,양천구,2,2026-07-24,"[{""order"":1,""label"":""첫째"",""birth_date"":""2009-11-18"",""exact_age"":""만 16세 8개월 6일"",""school_stage"":""고등학생""},{""order"":2,""label"":""둘째"",""birth_date"":""2013-03-07"",""exact_age"":""만 13세 4개월 17일"",""school_stage"":""중학생""}]",첫째,2009-11-18,만 16세 8개월 6일,고등학생,둘째,2013-03-07,만 13세 4개월 17일,중학생,"자녀 2명(중/고등학생), 교육비와 생활비 관리 중심",4500000,2026-05~2026-07,"학원비 자동이체 할인, 대형마트·쿠팡·컬리 적립, 병원·약국 할인, 통신비 캐시백 카드",False,False,False,False,False,False,HOMEMAKER,LGU+,CAR,False,True,NONE,LOTTE,True,True,2,ELEMENTARY_SCHOOL | MIDDLE_SCHOOL,VERIFIED,"45세 전업주부·초등학생 및 중학생 자녀 양육 가구. LGU+·자가용·하이패스·롯데 계열 이용자이며, 경차·임신출산·복지·K-패스·항공사 제휴 자격은 해당하지 않음.",6,UC401 | UC402 | UC403 | UC404 | UC405 | UC406,KB YOU Prime 카드 | I’m GREAT | LOCA 365 카드 | 삼성 iD EDU 카드 | 신한카드 Mr.Life | DA@카드의정석,KB YOU Prime 카드:대형마트·카페·가족생활 | I’m GREAT:병원·약국·보험 | LOCA 365 카드:통신·구독 | 삼성 iD EDU 카드:학원비·교재·교육 | 신한카드 Mr.Life:온라인장보기·쇼핑·외식 | DA@카드의정석:혜택 공백 일반결제,hist-persona4-UC403-008,hist-persona4-UC403-008,2026-05,2026-05-28T22:10:00,카카오페이,간편결제,온라인 간편결제,EASY_PAY,53900,800,53100,신용카드,CARD,APPROVED,카카오페이 결제 · 간편결제 카테고리,,UC405,13,신한카드 Mr.Life,신한카드,온라인 생활비,온라인장보기·쇼핑·외식,,1055,신용카드,,300000,54000.0,,https://www.card-gorilla.com/card/detail/13,422000,980600,Y,UC405,13.0,신한카드 Mr.Life,신한카드,온라인 생활비,온라인장보기·쇼핑·외식,,신용카드,,300000.0,54000.0,422000.0,980600.0,Y,BENEFIT_RECEIVED,BENEFIT_APPLIED,800,800,0,,10%,3000.0,1300.0,500.0,SYNTHETIC_RULE_MATCHING_V1,13-01,간편결제 맞춤 혜택,간편결제,45,할인,%,10.0,300000.0,,5000.0,3000.0,,,PICKA 표준 혜택 카테고리 '간편결제' 시연 데이터,https://www.card-gorilla.com/card/detail/13,DISCOUNT_APPLIED,신한카드 Mr.Life | 월납요금(공과금) 10% 할인서비스 (전월실적 30만원 이상),800.0,KRW
ONE_TRANSACTION_PER_ROW,persona4,정은주,persona4@picka.app,45,1982-10-16,010-0756-9643,L.POINT|신세계포인트|CJ ONE|해피포인트|T 멤버십|교보문고 회원,ADULT,,여성,전업주부,서울 양천구,False,서울특별시,양천구,2,2026-07-24,"[{""order"":1,""label"":""첫째"",""birth_date"":""2009-11-18"",""exact_age"":""만 16세 8개월 6일"",""school_stage"":""고등학생""},{""order"":2,""label"":""둘째"",""birth_date"":""2013-03-07"",""exact_age"":""만 13세 4개월 17일"",""school_stage"":""중학생""}]",첫째,2009-11-18,만 16세 8개월 6일,고등학생,둘째,2013-03-07,만 13세 4개월 17일,중학생,"자녀 2명(중/고등학생), 교육비와 생활비 관리 중심",4500000,2026-05~2026-07,"학원비 자동이체 할인, 대형마트·쿠팡·컬리 적립, 병원·약국 할인, 통신비 캐시백 카드",False,False,False,False,False,False,HOMEMAKER,LGU+,CAR,False,True,NONE,LOTTE,True,True,2,ELEMENTARY_SCHOOL | MIDDLE_SCHOOL,VERIFIED,"45세 전업주부·초등학생 및 중학생 자녀 양육 가구. LGU+·자가용·하이패스·롯데 계열 이용자이며, 경차·임신출산·복지·K-패스·항공사 제휴 자격은 해당하지 않음.",6,UC401 | UC402 | UC403 | UC404 | UC405 | UC406,KB YOU Prime 카드 | I’m GREAT | LOCA 365 카드 | 삼성 iD EDU 카드 | 신한카드 Mr.Life | DA@카드의정석,KB YOU Prime 카드:대형마트·카페·가족생활 | I’m GREAT:병원·약국·보험 | LOCA 365 카드:통신·구독 | 삼성 iD EDU 카드:학원비·교재·교육 | 신한카드 Mr.Life:온라인장보기·쇼핑·외식 | DA@카드의정석:혜택 공백 일반결제,hist-persona4-UC405-008,hist-persona4-UC405-008,2026-05,2026-05-28T22:10:00,이탈리안 레스토랑,외식,음식점,FOOD_DINING,51500,3400,48100,신용카드,CARD,APPROVED,이탈리안 레스토랑 결제 · 푸드/외식 카테고리,,UC405,13,신한카드 Mr.Life,신한카드,온라인 생활비,온라인장보기·쇼핑·외식,,1055,신용카드,,300000,54000.0,,https://www.card-gorilla.com/card/detail/13,422000,980600,Y,UC405,13.0,신한카드 Mr.Life,신한카드,온라인 생활비,온라인장보기·쇼핑·외식,,신용카드,,300000.0,54000.0,422000.0,980600.0,Y,BENEFIT_RECEIVED,BENEFIT_APPLIED,3400,3400,0,,20%,54000.0,,,SYNTHETIC_RULE_MATCHING_V1,13-10,푸드/외식 맞춤 혜택,푸드/외식,57,할인,%,20.0,300000.0,,,,,,PICKA 표준 혜택 카테고리 '푸드/외식' 시연 데이터,https://www.card-gorilla.com/card/detail/13,DISCOUNT_APPLIED,신한카드 Mr.Life | 인테이크몰 20% 할인 (전월실적 30만원 이상),3400.0,KRW
ONE_TRANSACTION_PER_ROW,persona4,정은주,persona4@picka.app,45,1982-10-16,010-0756-9643,L.POINT|신세계포인트|CJ ONE|해피포인트|T 멤버십|교보문고 회원,ADULT,,여성,전업주부,서울 양천구,False,서울특별시,양천구,2,2026-07-24,"[{""order"":1,""label"":""첫째"",""birth_date"":""2009-11-18"",""exact_age"":""만 16세 8개월 6일"",""school_stage"":""고등학생""},{""order"":2,""label"":""둘째"",""birth_date"":""2013-03-07"",""exact_age"":""만 13세 4개월 17일"",""school_stage"":""중학생""}]",첫째,2009-11-18,만 16세 8개월 6일,고등학생,둘째,2013-03-07,만 13세 4개월 17일,중학생,"자녀 2명(중/고등학생), 교육비와 생활비 관리 중심",4500000,2026-05~2026-07,"학원비 자동이체 할인, 대형마트·쿠팡·컬리 적립, 병원·약국 할인, 통신비 캐시백 카드",False,False,False,False,False,False,HOMEMAKER,LGU+,CAR,False,True,NONE,LOTTE,True,True,2,ELEMENTARY_SCHOOL | MIDDLE_SCHOOL,VERIFIED,"45세 전업주부·초등학생 및 중학생 자녀 양육 가구. LGU+·자가용·하이패스·롯데 계열 이용자이며, 경차·임신출산·복지·K-패스·항공사 제휴 자격은 해당하지 않음.",6,UC401 | UC402 | UC403 | UC404 | UC405 | UC406,KB YOU Prime 카드 | I’m GREAT | LOCA 365 카드 | 삼성 iD EDU 카드 | 신한카드 Mr.Life | DA@카드의정석,KB YOU Prime 카드:대형마트·카페·가족생활 | I’m GREAT:병원·약국·보험 | LOCA 365 카드:통신·구독 | 삼성 iD EDU 카드:학원비·교재·교육 | 신한카드 Mr.Life:온라인장보기·쇼핑·외식 | DA@카드의정석:혜택 공백 일반결제,hist-persona4-UC406-008,hist-persona4-UC406-008,2026-05,2026-05-28T22:10:00,넷플릭스,구독,정기 구독,SUBSCRIPTION_MEMBERSHIP,35700,500,35200,신용카드,CARD,APPROVED,넷플릭스 결제 · 구독/멤버십 카테고리,,UC405,13,신한카드 Mr.Life,신한카드,온라인 생활비,온라인장보기·쇼핑·외식,,1055,신용카드,,300000,54000.0,,https://www.card-gorilla.com/card/detail/13,422000,980600,Y,UC405,13.0,신한카드 Mr.Life,신한카드,온라인 생활비,온라인장보기·쇼핑·외식,,신용카드,,300000.0,54000.0,422000.0,980600.0,Y,BENEFIT_RECEIVED,BENEFIT_APPLIED,500,500,0,,20%,54000.0,,,SYNTHETIC_RULE_MATCHING_V1,13-10,구독/멤버십 맞춤 혜택,구독/멤버십,44,할인,%,20.0,300000.0,,,,,,PICKA 표준 혜택 카테고리 '구독/멤버십' 시연 데이터,https://www.card-gorilla.com/card/detail/13,DISCOUNT_APPLIED,신한카드 Mr.Life | 인테이크몰 20% 할인 (전월실적 30만원 이상),500.0,KRW
ONE_TRANSACTION_PER_ROW,persona4,정은주,persona4@picka.app,45,1982-10-16,010-0756-9643,L.POINT|신세계포인트|CJ ONE|해피포인트|T 멤버십|교보문고 회원,ADULT,,여성,전업주부,서울 양천구,False,서울특별시,양천구,2,2026-07-24,"[{""order"":1,""label"":""첫째"",""birth_date"":""2009-11-18"",""exact_age"":""만 16세 8개월 6일"",""school_stage"":""고등학생""},{""order"":2,""label"":""둘째"",""birth_date"":""2013-03-07"",""exact_age"":""만 13세 4개월 17일"",""school_stage"":""중학생""}]",첫째,2009-11-18,만 16세 8개월 6일,고등학생,둘째,2013-03-07,만 13세 4개월 17일,중학생,"자녀 2명(중/고등학생), 교육비와 생활비 관리 중심",4500000,2026-05~2026-07,"학원비 자동이체 할인, 대형마트·쿠팡·컬리 적립, 병원·약국 할인, 통신비 캐시백 카드",False,False,False,False,False,False,HOMEMAKER,LGU+,CAR,False,True,NONE,LOTTE,True,True,2,ELEMENTARY_SCHOOL | MIDDLE_SCHOOL,VERIFIED,"45세 전업주부·초등학생 및 중학생 자녀 양육 가구. LGU+·자가용·하이패스·롯데 계열 이용자이며, 경차·임신출산·복지·K-패스·항공사 제휴 자격은 해당하지 않음.",6,UC401 | UC402 | UC403 | UC404 | UC405 | UC406,KB YOU Prime 카드 | I’m GREAT | LOCA 365 카드 | 삼성 iD EDU 카드 | 신한카드 Mr.Life | DA@카드의정석,KB YOU Prime 카드:대형마트·카페·가족생활 | I’m GREAT:병원·약국·보험 | LOCA 365 카드:통신·구독 | 삼성 iD EDU 카드:학원비·교재·교육 | 신한카드 Mr.Life:온라인장보기·쇼핑·외식 | DA@카드의정석:혜택 공백 일반결제,hist-persona4-UC404-008,hist-persona4-UC404-008,2026-05,2026-05-28T22:10:00,올리브영,뷰티/피트니스,뷰티 및 운동,BEAUTY_FITNESS,95100,0,95100,신용카드,CARD,APPROVED,올리브영 결제 · 뷰티/피트니스 카테고리,,UC404,2358,삼성 iD EDU 카드,삼성카드,교육비,학원비·교재·교육,,1044,신용카드,,500000,510000.0,,https://www.card-gorilla.com/card/detail/2358,481700,950900,N,UC401,2930.0,KB YOU Prime 카드,KB국민카드,가계 주사용,대형마트·카페·가족생활,가족팩,신용카드,,400000.0,1200000.0,658000.0,1306600.0,Y,WRONG_CARD_BEFORE_PICKA,BEFORE_PICKA,0,1300,1300,픽카 이용 전 다른 카드를 사용하여 받을 수 있었던 혜택을 놓침,10%,400000.0,,,SYNTHETIC_RULE_MATCHING_V1,2930-02,뷰티/피트니스 맞춤 혜택,뷰티/피트니스,19,할인,%,10.0,400000.0,50000.0,,400000.0,,,PICKA 표준 혜택 카테고리 '뷰티/피트니스' 시연 데이터,https://www.card-gorilla.com/card/detail/2930,MISSED_WRONG_CARD,"KB YOU Prime 카드 | [가족팩] 6개 영역 최대 10% 청구할인
생활요금, 온라인장보기, 일상케어, 학원, 대형마트, 카페",1300.0,KRW
ONE_TRANSACTION_PER_ROW,persona4,정은주,persona4@picka.app,45,1982-10-16,010-0756-9643,L.POINT|신세계포인트|CJ ONE|해피포인트|T 멤버십|교보문고 회원,ADULT,,여성,전업주부,서울 양천구,False,서울특별시,양천구,2,2026-07-24,"[{""order"":1,""label"":""첫째"",""birth_date"":""2009-11-18"",""exact_age"":""만 16세 8개월 6일"",""school_stage"":""고등학생""},{""order"":2,""label"":""둘째"",""birth_date"":""2013-03-07"",""exact_age"":""만 13세 4개월 17일"",""school_stage"":""중학생""}]",첫째,2009-11-18,만 16세 8개월 6일,고등학생,둘째,2013-03-07,만 13세 4개월 17일,중학생,"자녀 2명(중/고등학생), 교육비와 생활비 관리 중심",4500000,2026-05~2026-07,"학원비 자동이체 할인, 대형마트·쿠팡·컬리 적립, 병원·약국 할인, 통신비 캐시백 카드",False,False,False,False,False,False,HOMEMAKER,LGU+,CAR,False,True,NONE,LOTTE,True,True,2,ELEMENTARY_SCHOOL | MIDDLE_SCHOOL,VERIFIED,"45세 전업주부·초등학생 및 중학생 자녀 양육 가구. LGU+·자가용·하이패스·롯데 계열 이용자이며, 경차·임신출산·복지·K-패스·항공사 제휴 자격은 해당하지 않음.",6,UC401 | UC402 | UC403 | UC404 | UC405 | UC406,KB YOU Prime 카드 | I’m GREAT | LOCA 365 카드 | 삼성 iD EDU 카드 | 신한카드 Mr.Life | DA@카드의정석,KB YOU Prime 카드:대형마트·카페·가족생활 | I’m GREAT:병원·약국·보험 | LOCA 365 카드:통신·구독 | 삼성 iD EDU 카드:학원비·교재·교육 | 신한카드 Mr.Life:온라인장보기·쇼핑·외식 | DA@카드의정석:혜택 공백 일반결제,hist-persona4-UC401-008,hist-persona4-UC401-008,2026-05,2026-05-28T22:10:00,롯데월드,레저,테마파크 및 레저,THEMEPARK_LEISURE,130700,0,130700,신용카드,CARD,APPROVED,롯데월드 결제 · 테마파크/레저 카테고리,,UC401,2930,KB YOU Prime 카드,KB국민카드,가계 주사용,대형마트·카페·가족생활,가족팩,7788,신용카드,,400000,1200000.0,,https://www.card-gorilla.com/card/detail/2930,658000,1306600,Y,UC406,87.0,DA@카드의정석,우리카드,보조 카드,혜택 공백 일반결제,,신용카드,,0.0,,317400.0,363200.0,Y,WRONG_CARD_BEFORE_PICKA,BEFORE_PICKA,0,1800,1800,픽카 이용 전 다른 카드를 사용하여 받을 수 있었던 혜택을 놓침,1.3%,,,,SYNTHETIC_RULE_MATCHING_V1,87-01,테마파크/레저 맞춤 혜택,테마파크/레저,38,할인,%,1.3,,,,,,,PICKA 표준 혜택 카테고리 '테마파크/레저' 시연 데이터,https://www.card-gorilla.com/card/detail/87,MISSED_WRONG_CARD,DA@카드의정석 | 국내외 가맹점 1.3%~0.8% 청구할인,1800.0,KRW
ONE_TRANSACTION_PER_ROW,persona4,정은주,persona4@picka.app,45,1982-10-16,010-0756-9643,L.POINT|신세계포인트|CJ ONE|해피포인트|T 멤버십|교보문고 회원,ADULT,,여성,전업주부,서울 양천구,False,서울특별시,양천구,2,2026-07-24,"[{""order"":1,""label"":""첫째"",""birth_date"":""2009-11-18"",""exact_age"":""만 16세 8개월 6일"",""school_stage"":""고등학생""},{""order"":2,""label"":""둘째"",""birth_date"":""2013-03-07"",""exact_age"":""만 13세 4개월 17일"",""school_stage"":""중학생""}]",첫째,2009-11-18,만 16세 8개월 6일,고등학생,둘째,2013-03-07,만 13세 4개월 17일,중학생,"자녀 2명(중/고등학생), 교육비와 생활비 관리 중심",4500000,2026-05~2026-07,"학원비 자동이체 할인, 대형마트·쿠팡·컬리 적립, 병원·약국 할인, 통신비 캐시백 카드",False,False,False,False,False,False,HOMEMAKER,LGU+,CAR,False,True,NONE,LOTTE,True,True,2,ELEMENTARY_SCHOOL | MIDDLE_SCHOOL,VERIFIED,"45세 전업주부·초등학생 및 중학생 자녀 양육 가구. LGU+·자가용·하이패스·롯데 계열 이용자이며, 경차·임신출산·복지·K-패스·항공사 제휴 자격은 해당하지 않음.",6,UC401 | UC402 | UC403 | UC404 | UC405 | UC406,KB YOU Prime 카드 | I’m GREAT | LOCA 365 카드 | 삼성 iD EDU 카드 | 신한카드 Mr.Life | DA@카드의정석,KB YOU Prime 카드:대형마트·카페·가족생활 | I’m GREAT:병원·약국·보험 | LOCA 365 카드:통신·구독 | 삼성 iD EDU 카드:학원비·교재·교육 | 신한카드 Mr.Life:온라인장보기·쇼핑·외식 | DA@카드의정석:혜택 공백 일반결제,persona4-001,persona4-001,2026-06,2026-06-01T22:00:00,네이버페이,간편결제,온라인 간편결제,EASY_PAY,42300,600,41700,신용카드,CARD,APPROVED,네이버페이 결제 · 간편결제 카테고리,,UC405,13,신한카드 Mr.Life,신한카드,온라인 생활비,온라인장보기·쇼핑·외식,,1055,신용카드,,300000,54000.0,,https://www.card-gorilla.com/card/detail/13,980600,580700,Y,UC405,13.0,신한카드 Mr.Life,신한카드,온라인 생활비,온라인장보기·쇼핑·외식,,신용카드,,300000.0,54000.0,980600.0,580700.0,Y,BENEFIT_RECEIVED,BENEFIT_APPLIED,600,600,0,,20%,54000.0,,,SYNTHETIC_RULE_MATCHING_V1,13-10,간편결제 맞춤 혜택,간편결제,45,할인,%,20.0,300000.0,,,,,,PICKA 표준 혜택 카테고리 '간편결제' 시연 데이터,https://www.card-gorilla.com/card/detail/13,DISCOUNT_APPLIED,신한카드 Mr.Life | 인테이크몰 20% 할인 (전월실적 30만원 이상),600.0,KRW
ONE_TRANSACTION_PER_ROW,persona4,정은주,persona4@picka.app,45,1982-10-16,010-0756-9643,L.POINT|신세계포인트|CJ ONE|해피포인트|T 멤버십|교보문고 회원,ADULT,,여성,전업주부,서울 양천구,False,서울특별시,양천구,2,2026-07-24,"[{""order"":1,""label"":""첫째"",""birth_date"":""2009-11-18"",""exact_age"":""만 16세 8개월 6일"",""school_stage"":""고등학생""},{""order"":2,""label"":""둘째"",""birth_date"":""2013-03-07"",""exact_age"":""만 13세 4개월 17일"",""school_stage"":""중학생""}]",첫째,2009-11-18,만 16세 8개월 6일,고등학생,둘째,2013-03-07,만 13세 4개월 17일,중학생,"자녀 2명(중/고등학생), 교육비와 생활비 관리 중심",4500000,2026-05~2026-07,"학원비 자동이체 할인, 대형마트·쿠팡·컬리 적립, 병원·약국 할인, 통신비 캐시백 카드",False,False,False,False,False,False,HOMEMAKER,LGU+,CAR,False,True,NONE,LOTTE,True,True,2,ELEMENTARY_SCHOOL | MIDDLE_SCHOOL,VERIFIED,"45세 전업주부·초등학생 및 중학생 자녀 양육 가구. LGU+·자가용·하이패스·롯데 계열 이용자이며, 경차·임신출산·복지·K-패스·항공사 제휴 자격은 해당하지 않음.",6,UC401 | UC402 | UC403 | UC404 | UC405 | UC406,KB YOU Prime 카드 | I’m GREAT | LOCA 365 카드 | 삼성 iD EDU 카드 | 신한카드 Mr.Life | DA@카드의정석,KB YOU Prime 카드:대형마트·카페·가족생활 | I’m GREAT:병원·약국·보험 | LOCA 365 카드:통신·구독 | 삼성 iD EDU 카드:학원비·교재·교육 | 신한카드 Mr.Life:온라인장보기·쇼핑·외식 | DA@카드의정석:혜택 공백 일반결제,persona4-002,persona4-002,2026-06,2026-06-02T12:35:00,쿠팡,온라인쇼핑,가정용품·생활용품,ONLINE_SHOPPING,132400,0,132400,신용카드,CARD,APPROVED,쿠팡 결제 · 온라인쇼핑 카테고리,,UC401,2930,KB YOU Prime 카드,KB국민카드,가계 주사용,대형마트·카페·가족생활,가족팩,7788,신용카드,,400000,1200000.0,,https://www.card-gorilla.com/card/detail/2930,1306600,958800,Y,UC405,13.0,신한카드 Mr.Life,신한카드,온라인 생활비,온라인장보기·쇼핑·외식,,신용카드,,300000.0,54000.0,980600.0,580700.0,Y,WRONG_CARD_BEFORE_PICKA,BEFORE_PICKA,0,1800,1800,픽카 이용 전 다른 카드를 사용하여 받을 수 있었던 혜택을 놓침,20%,54000.0,,,SYNTHETIC_RULE_MATCHING_V1,13-10,온라인쇼핑 맞춤 혜택,온라인쇼핑,7,할인,%,20.0,300000.0,,,,,,PICKA 표준 혜택 카테고리 '온라인쇼핑' 시연 데이터,https://www.card-gorilla.com/card/detail/13,MISSED_WRONG_CARD,신한카드 Mr.Life | 인테이크몰 20% 할인 (전월실적 30만원 이상),1800.0,KRW
ONE_TRANSACTION_PER_ROW,persona4,정은주,persona4@picka.app,45,1982-10-16,010-0756-9643,L.POINT|신세계포인트|CJ ONE|해피포인트|T 멤버십|교보문고 회원,ADULT,,여성,전업주부,서울 양천구,False,서울특별시,양천구,2,2026-07-24,"[{""order"":1,""label"":""첫째"",""birth_date"":""2009-11-18"",""exact_age"":""만 16세 8개월 6일"",""school_stage"":""고등학생""},{""order"":2,""label"":""둘째"",""birth_date"":""2013-03-07"",""exact_age"":""만 13세 4개월 17일"",""school_stage"":""중학생""}]",첫째,2009-11-18,만 16세 8개월 6일,고등학생,둘째,2013-03-07,만 13세 4개월 17일,중학생,"자녀 2명(중/고등학생), 교육비와 생활비 관리 중심",4500000,2026-05~2026-07,"학원비 자동이체 할인, 대형마트·쿠팡·컬리 적립, 병원·약국 할인, 통신비 캐시백 카드",False,False,False,False,False,False,HOMEMAKER,LGU+,CAR,False,True,NONE,LOTTE,True,True,2,ELEMENTARY_SCHOOL | MIDDLE_SCHOOL,VERIFIED,"45세 전업주부·초등학생 및 중학생 자녀 양육 가구. LGU+·자가용·하이패스·롯데 계열 이용자이며, 경차·임신출산·복지·K-패스·항공사 제휴 자격은 해당하지 않음.",6,UC401 | UC402 | UC403 | UC404 | UC405 | UC406,KB YOU Prime 카드 | I’m GREAT | LOCA 365 카드 | 삼성 iD EDU 카드 | 신한카드 Mr.Life | DA@카드의정석,KB YOU Prime 카드:대형마트·카페·가족생활 | I’m GREAT:병원·약국·보험 | LOCA 365 카드:통신·구독 | 삼성 iD EDU 카드:학원비·교재·교육 | 신한카드 Mr.Life:온라인장보기·쇼핑·외식 | DA@카드의정석:혜택 공백 일반결제,persona4-003,persona4-003,2026-06,2026-06-03T10:00:00,중등 영어학원,교육/육아,교육 및 육아,EDUCATION_CHILDCARE,631600,0,631600,신용카드,CARD,APPROVED,중등 영어학원 결제 · 교육/육아 카테고리,,UC404,2358,삼성 iD EDU 카드,삼성카드,교육비,학원비·교재·교육,,1044,신용카드,,500000,510000.0,,https://www.card-gorilla.com/card/detail/2358,950900,1545100,Y,UC401,2930.0,KB YOU Prime 카드,KB국민카드,가계 주사용,대형마트·카페·가족생활,가족팩,신용카드,,400000.0,1200000.0,1306600.0,958800.0,Y,WRONG_CARD_BEFORE_PICKA,BEFORE_PICKA,0,8500,8500,픽카 이용 전 다른 카드를 사용하여 받을 수 있었던 혜택을 놓침,10%,400000.0,,,SYNTHETIC_RULE_MATCHING_V1,2930-02,교육/육아 맞춤 혜택,교육/육아,14,할인,%,10.0,400000.0,50000.0,,400000.0,,,PICKA 표준 혜택 카테고리 '교육/육아' 시연 데이터,https://www.card-gorilla.com/card/detail/2930,MISSED_WRONG_CARD,"KB YOU Prime 카드 | [가족팩] 6개 영역 최대 10% 청구할인
생활요금, 온라인장보기, 일상케어, 학원, 대형마트, 카페",8500.0,KRW
ONE_TRANSACTION_PER_ROW,persona4,정은주,persona4@picka.app,45,1982-10-16,010-0756-9643,L.POINT|신세계포인트|CJ ONE|해피포인트|T 멤버십|교보문고 회원,ADULT,,여성,전업주부,서울 양천구,False,서울특별시,양천구,2,2026-07-24,"[{""order"":1,""label"":""첫째"",""birth_date"":""2009-11-18"",""exact_age"":""만 16세 8개월 6일"",""school_stage"":""고등학생""},{""order"":2,""label"":""둘째"",""birth_date"":""2013-03-07"",""exact_age"":""만 13세 4개월 17일"",""school_stage"":""중학생""}]",첫째,2009-11-18,만 16세 8개월 6일,고등학생,둘째,2013-03-07,만 13세 4개월 17일,중학생,"자녀 2명(중/고등학생), 교육비와 생활비 관리 중심",4500000,2026-05~2026-07,"학원비 자동이체 할인, 대형마트·쿠팡·컬리 적립, 병원·약국 할인, 통신비 캐시백 카드",False,False,False,False,False,False,HOMEMAKER,LGU+,CAR,False,True,NONE,LOTTE,True,True,2,ELEMENTARY_SCHOOL | MIDDLE_SCHOOL,VERIFIED,"45세 전업주부·초등학생 및 중학생 자녀 양육 가구. LGU+·자가용·하이패스·롯데 계열 이용자이며, 경차·임신출산·복지·K-패스·항공사 제휴 자격은 해당하지 않음.",6,UC401 | UC402 | UC403 | UC404 | UC405 | UC406,KB YOU Prime 카드 | I’m GREAT | LOCA 365 카드 | 삼성 iD EDU 카드 | 신한카드 Mr.Life | DA@카드의정석,KB YOU Prime 카드:대형마트·카페·가족생활 | I’m GREAT:병원·약국·보험 | LOCA 365 카드:통신·구독 | 삼성 iD EDU 카드:학원비·교재·교육 | 신한카드 Mr.Life:온라인장보기·쇼핑·외식 | DA@카드의정석:혜택 공백 일반결제,persona4-004,persona4-004,2026-06,2026-06-03T10:05:00,고등 수학학원,교육/육아,교육 및 육아,EDUCATION_CHILDCARE,571200,0,571200,신용카드,CARD,APPROVED,고등 수학학원 결제 · 교육/육아 카테고리,,UC404,2358,삼성 iD EDU 카드,삼성카드,교육비,학원비·교재·교육,,1044,신용카드,,500000,510000.0,,https://www.card-gorilla.com/card/detail/2358,950900,1545100,Y,UC401,2930.0,KB YOU Prime 카드,KB국민카드,가계 주사용,대형마트·카페·가족생활,가족팩,신용카드,,400000.0,1200000.0,1306600.0,958800.0,Y,WRONG_CARD_BEFORE_PICKA,BEFORE_PICKA,0,7700,7700,픽카 이용 전 다른 카드를 사용하여 받을 수 있었던 혜택을 놓침,10%,400000.0,,,SYNTHETIC_RULE_MATCHING_V1,2930-02,교육/육아 맞춤 혜택,교육/육아,14,할인,%,10.0,400000.0,50000.0,,400000.0,,,PICKA 표준 혜택 카테고리 '교육/육아' 시연 데이터,https://www.card-gorilla.com/card/detail/2930,MISSED_WRONG_CARD,"KB YOU Prime 카드 | [가족팩] 6개 영역 최대 10% 청구할인
생활요금, 온라인장보기, 일상케어, 학원, 대형마트, 카페",7700.0,KRW
ONE_TRANSACTION_PER_ROW,persona4,정은주,persona4@picka.app,45,1982-10-16,010-0756-9643,L.POINT|신세계포인트|CJ ONE|해피포인트|T 멤버십|교보문고 회원,ADULT,,여성,전업주부,서울 양천구,False,서울특별시,양천구,2,2026-07-24,"[{""order"":1,""label"":""첫째"",""birth_date"":""2009-11-18"",""exact_age"":""만 16세 8개월 6일"",""school_stage"":""고등학생""},{""order"":2,""label"":""둘째"",""birth_date"":""2013-03-07"",""exact_age"":""만 13세 4개월 17일"",""school_stage"":""중학생""}]",첫째,2009-11-18,만 16세 8개월 6일,고등학생,둘째,2013-03-07,만 13세 4개월 17일,중학생,"자녀 2명(중/고등학생), 교육비와 생활비 관리 중심",4500000,2026-05~2026-07,"학원비 자동이체 할인, 대형마트·쿠팡·컬리 적립, 병원·약국 할인, 통신비 캐시백 카드",False,False,False,False,False,False,HOMEMAKER,LGU+,CAR,False,True,NONE,LOTTE,True,True,2,ELEMENTARY_SCHOOL | MIDDLE_SCHOOL,VERIFIED,"45세 전업주부·초등학생 및 중학생 자녀 양육 가구. LGU+·자가용·하이패스·롯데 계열 이용자이며, 경차·임신출산·복지·K-패스·항공사 제휴 자격은 해당하지 않음.",6,UC401 | UC402 | UC403 | UC404 | UC405 | UC406,KB YOU Prime 카드 | I’m GREAT | LOCA 365 카드 | 삼성 iD EDU 카드 | 신한카드 Mr.Life | DA@카드의정석,KB YOU Prime 카드:대형마트·카페·가족생활 | I’m GREAT:병원·약국·보험 | LOCA 365 카드:통신·구독 | 삼성 iD EDU 카드:학원비·교재·교육 | 신한카드 Mr.Life:온라인장보기·쇼핑·외식 | DA@카드의정석:혜택 공백 일반결제,persona4-005,persona4-005,2026-06,2026-06-03T10:10:00,교재비,교육/육아,교육 및 육아,EDUCATION_CHILDCARE,270500,0,270500,신용카드,CARD,APPROVED,교재비 결제 · 교육/육아 카테고리,,UC404,2358,삼성 iD EDU 카드,삼성카드,교육비,학원비·교재·교육,,1044,신용카드,,500000,510000.0,,https://www.card-gorilla.com/card/detail/2358,950900,1545100,Y,UC401,2930.0,KB YOU Prime 카드,KB국민카드,가계 주사용,대형마트·카페·가족생활,가족팩,신용카드,,400000.0,1200000.0,1306600.0,958800.0,Y,WRONG_CARD_BEFORE_PICKA,BEFORE_PICKA,0,3600,3600,픽카 이용 전 다른 카드를 사용하여 받을 수 있었던 혜택을 놓침,10%,400000.0,,,SYNTHETIC_RULE_MATCHING_V1,2930-02,교육/육아 맞춤 혜택,교육/육아,14,할인,%,10.0,400000.0,50000.0,,400000.0,,,PICKA 표준 혜택 카테고리 '교육/육아' 시연 데이터,https://www.card-gorilla.com/card/detail/2930,MISSED_WRONG_CARD,"KB YOU Prime 카드 | [가족팩] 6개 영역 최대 10% 청구할인
생활요금, 온라인장보기, 일상케어, 학원, 대형마트, 카페",3600.0,KRW
ONE_TRANSACTION_PER_ROW,persona4,정은주,persona4@picka.app,45,1982-10-16,010-0756-9643,L.POINT|신세계포인트|CJ ONE|해피포인트|T 멤버십|교보문고 회원,ADULT,,여성,전업주부,서울 양천구,False,서울특별시,양천구,2,2026-07-24,"[{""order"":1,""label"":""첫째"",""birth_date"":""2009-11-18"",""exact_age"":""만 16세 8개월 6일"",""school_stage"":""고등학생""},{""order"":2,""label"":""둘째"",""birth_date"":""2013-03-07"",""exact_age"":""만 13세 4개월 17일"",""school_stage"":""중학생""}]",첫째,2009-11-18,만 16세 8개월 6일,고등학생,둘째,2013-03-07,만 13세 4개월 17일,중학생,"자녀 2명(중/고등학생), 교육비와 생활비 관리 중심",4500000,2026-05~2026-07,"학원비 자동이체 할인, 대형마트·쿠팡·컬리 적립, 병원·약국 할인, 통신비 캐시백 카드",False,False,False,False,False,False,HOMEMAKER,LGU+,CAR,False,True,NONE,LOTTE,True,True,2,ELEMENTARY_SCHOOL | MIDDLE_SCHOOL,VERIFIED,"45세 전업주부·초등학생 및 중학생 자녀 양육 가구. LGU+·자가용·하이패스·롯데 계열 이용자이며, 경차·임신출산·복지·K-패스·항공사 제휴 자격은 해당하지 않음.",6,UC401 | UC402 | UC403 | UC404 | UC405 | UC406,KB YOU Prime 카드 | I’m GREAT | LOCA 365 카드 | 삼성 iD EDU 카드 | 신한카드 Mr.Life | DA@카드의정석,KB YOU Prime 카드:대형마트·카페·가족생활 | I’m GREAT:병원·약국·보험 | LOCA 365 카드:통신·구독 | 삼성 iD EDU 카드:학원비·교재·교육 | 신한카드 Mr.Life:온라인장보기·쇼핑·외식 | DA@카드의정석:혜택 공백 일반결제,persona4-006,persona4-006,2026-06,2026-06-04T10:30:00,가정의학과,의료,병원 및 약국,MEDICAL,27900,0,27900,신용카드,CARD,APPROVED,가정의학과 결제 · 병원/약국 카테고리,,UC402,214,I’m GREAT,롯데카드,의료·보험,병원·약국·보험,,8899,신용카드,,500000,5000.0,,https://www.card-gorilla.com/card/detail/214,538400,675100,Y,UC405,13.0,신한카드 Mr.Life,신한카드,온라인 생활비,온라인장보기·쇼핑·외식,,신용카드,,300000.0,54000.0,980600.0,580700.0,Y,WRONG_CARD_BEFORE_PICKA,BEFORE_PICKA,0,400,400,픽카 이용 전 다른 카드를 사용하여 받을 수 있었던 혜택을 놓침,10%,5000.0,,,SYNTHETIC_RULE_MATCHING_V1,13-03,병원/약국 맞춤 혜택,병원/약국,12,할인,%,10.0,300000.0,,1000.0,5000.0,,,PICKA 표준 혜택 카테고리 '병원/약국' 시연 데이터,https://www.card-gorilla.com/card/detail/13,MISSED_WRONG_CARD,신한카드 Mr.Life | 병원/약국업종 10% 할인 (전월실적 30만원 이상),400.0,KRW
ONE_TRANSACTION_PER_ROW,persona4,정은주,persona4@picka.app,45,1982-10-16,010-0756-9643,L.POINT|신세계포인트|CJ ONE|해피포인트|T 멤버십|교보문고 회원,ADULT,,여성,전업주부,서울 양천구,False,서울특별시,양천구,2,2026-07-24,"[{""order"":1,""label"":""첫째"",""birth_date"":""2009-11-18"",""exact_age"":""만 16세 8개월 6일"",""school_stage"":""고등학생""},{""order"":2,""label"":""둘째"",""birth_date"":""2013-03-07"",""exact_age"":""만 13세 4개월 17일"",""school_stage"":""중학생""}]",첫째,2009-11-18,만 16세 8개월 6일,고등학생,둘째,2013-03-07,만 13세 4개월 17일,중학생,"자녀 2명(중/고등학생), 교육비와 생활비 관리 중심",4500000,2026-05~2026-07,"학원비 자동이체 할인, 대형마트·쿠팡·컬리 적립, 병원·약국 할인, 통신비 캐시백 카드",False,False,False,False,False,False,HOMEMAKER,LGU+,CAR,False,True,NONE,LOTTE,True,True,2,ELEMENTARY_SCHOOL | MIDDLE_SCHOOL,VERIFIED,"45세 전업주부·초등학생 및 중학생 자녀 양육 가구. LGU+·자가용·하이패스·롯데 계열 이용자이며, 경차·임신출산·복지·K-패스·항공사 제휴 자격은 해당하지 않음.",6,UC401 | UC402 | UC403 | UC404 | UC405 | UC406,KB YOU Prime 카드 | I’m GREAT | LOCA 365 카드 | 삼성 iD EDU 카드 | 신한카드 Mr.Life | DA@카드의정석,KB YOU Prime 카드:대형마트·카페·가족생활 | I’m GREAT:병원·약국·보험 | LOCA 365 카드:통신·구독 | 삼성 iD EDU 카드:학원비·교재·교육 | 신한카드 Mr.Life:온라인장보기·쇼핑·외식 | DA@카드의정석:혜택 공백 일반결제,persona4-007,persona4-007,2026-06,2026-06-05T12:25:00,넷플릭스,구독,정기 구독,SUBSCRIPTION_MEMBERSHIP,13600,200,13400,신용카드,CARD,APPROVED,넷플릭스 결제 · 구독/멤버십 카테고리,,UC402,214,I’m GREAT,롯데카드,의료·보험,병원·약국·보험,,8899,신용카드,,500000,5000.0,,https://www.card-gorilla.com/card/detail/214,538400,675100,Y,UC402,214.0,I’m GREAT,롯데카드,의료·보험,병원·약국·보험,,신용카드,,500000.0,5000.0,538400.0,675100.0,Y,BENEFIT_RECEIVED,BENEFIT_APPLIED,200,200,0,,10%,5000.0,,,SYNTHETIC_RULE_MATCHING_V1,214-03,구독/멤버십 맞춤 혜택,구독/멤버십,44,할인,%,10.0,,,5000.0,,,,PICKA 표준 혜택 카테고리 '구독/멤버십' 시연 데이터,https://www.card-gorilla.com/card/detail/214,DISCOUNT_APPLIED,"I’m GREAT | 일상생활비 - 의료, 교통, 편의점 5~10% 결제일 할인",200.0,KRW
ONE_TRANSACTION_PER_ROW,persona4,정은주,persona4@picka.app,45,1982-10-16,010-0756-9643,L.POINT|신세계포인트|CJ ONE|해피포인트|T 멤버십|교보문고 회원,ADULT,,여성,전업주부,서울 양천구,False,서울특별시,양천구,2,2026-07-24,"[{""order"":1,""label"":""첫째"",""birth_date"":""2009-11-18"",""exact_age"":""만 16세 8개월 6일"",""school_stage"":""고등학생""},{""order"":2,""label"":""둘째"",""birth_date"":""2013-03-07"",""exact_age"":""만 13세 4개월 17일"",""school_stage"":""중학생""}]",첫째,2009-11-18,만 16세 8개월 6일,고등학생,둘째,2013-03-07,만 13세 4개월 17일,중학생,"자녀 2명(중/고등학생), 교육비와 생활비 관리 중심",4500000,2026-05~2026-07,"학원비 자동이체 할인, 대형마트·쿠팡·컬리 적립, 병원·약국 할인, 통신비 캐시백 카드",False,False,False,False,False,False,HOMEMAKER,LGU+,CAR,False,True,NONE,LOTTE,True,True,2,ELEMENTARY_SCHOOL | MIDDLE_SCHOOL,VERIFIED,"45세 전업주부·초등학생 및 중학생 자녀 양육 가구. LGU+·자가용·하이패스·롯데 계열 이용자이며, 경차·임신출산·복지·K-패스·항공사 제휴 자격은 해당하지 않음.",6,UC401 | UC402 | UC403 | UC404 | UC405 | UC406,KB YOU Prime 카드 | I’m GREAT | LOCA 365 카드 | 삼성 iD EDU 카드 | 신한카드 Mr.Life | DA@카드의정석,KB YOU Prime 카드:대형마트·카페·가족생활 | I’m GREAT:병원·약국·보험 | LOCA 365 카드:통신·구독 | 삼성 iD EDU 카드:학원비·교재·교육 | 신한카드 Mr.Life:온라인장보기·쇼핑·외식 | DA@카드의정석:혜택 공백 일반결제,persona4-008,persona4-008,2026-06,2026-06-05T22:10:00,이마트,마트/쇼핑,대형마트 및 쇼핑,MART_SHOPPING,91100,5700,85400,신용카드,CARD,APPROVED,이마트 결제 · 마트/쇼핑 카테고리,,UC405,13,신한카드 Mr.Life,신한카드,온라인 생활비,온라인장보기·쇼핑·외식,,1055,신용카드,,300000,54000.0,,https://www.card-gorilla.com/card/detail/13,980600,580700,Y,UC405,13.0,신한카드 Mr.Life,신한카드,온라인 생활비,온라인장보기·쇼핑·외식,,신용카드,,300000.0,54000.0,980600.0,580700.0,Y,BENEFIT_RECEIVED,BENEFIT_APPLIED,5700,5700,0,,20%,54000.0,,,SYNTHETIC_RULE_MATCHING_V1,13-10,마트/쇼핑 맞춤 혜택,마트/쇼핑,97,할인,%,20.0,300000.0,,,,,,PICKA 표준 혜택 카테고리 '마트/쇼핑' 시연 데이터,https://www.card-gorilla.com/card/detail/13,DISCOUNT_APPLIED,신한카드 Mr.Life | 인테이크몰 20% 할인 (전월실적 30만원 이상),5700.0,KRW
ONE_TRANSACTION_PER_ROW,persona4,정은주,persona4@picka.app,45,1982-10-16,010-0756-9643,L.POINT|신세계포인트|CJ ONE|해피포인트|T 멤버십|교보문고 회원,ADULT,,여성,전업주부,서울 양천구,False,서울특별시,양천구,2,2026-07-24,"[{""order"":1,""label"":""첫째"",""birth_date"":""2009-11-18"",""exact_age"":""만 16세 8개월 6일"",""school_stage"":""고등학생""},{""order"":2,""label"":""둘째"",""birth_date"":""2013-03-07"",""exact_age"":""만 13세 4개월 17일"",""school_stage"":""중학생""}]",첫째,2009-11-18,만 16세 8개월 6일,고등학생,둘째,2013-03-07,만 13세 4개월 17일,중학생,"자녀 2명(중/고등학생), 교육비와 생활비 관리 중심",4500000,2026-05~2026-07,"학원비 자동이체 할인, 대형마트·쿠팡·컬리 적립, 병원·약국 할인, 통신비 캐시백 카드",False,False,False,False,False,False,HOMEMAKER,LGU+,CAR,False,True,NONE,LOTTE,True,True,2,ELEMENTARY_SCHOOL | MIDDLE_SCHOOL,VERIFIED,"45세 전업주부·초등학생 및 중학생 자녀 양육 가구. LGU+·자가용·하이패스·롯데 계열 이용자이며, 경차·임신출산·복지·K-패스·항공사 제휴 자격은 해당하지 않음.",6,UC401 | UC402 | UC403 | UC404 | UC405 | UC406,KB YOU Prime 카드 | I’m GREAT | LOCA 365 카드 | 삼성 iD EDU 카드 | 신한카드 Mr.Life | DA@카드의정석,KB YOU Prime 카드:대형마트·카페·가족생활 | I’m GREAT:병원·약국·보험 | LOCA 365 카드:통신·구독 | 삼성 iD EDU 카드:학원비·교재·교육 | 신한카드 Mr.Life:온라인장보기·쇼핑·외식 | DA@카드의정석:혜택 공백 일반결제,persona4-009,persona4-009,2026-06,2026-06-06T14:45:00,홈플러스,마트/쇼핑,대형마트 및 쇼핑,MART_SHOPPING,118800,0,118800,신용카드,CARD,APPROVED,홈플러스 결제 · 마트/쇼핑 카테고리,,UC401,2930,KB YOU Prime 카드,KB국민카드,가계 주사용,대형마트·카페·가족생활,가족팩,7788,신용카드,,400000,1200000.0,,https://www.card-gorilla.com/card/detail/2930,1306600,958800,Y,UC405,13.0,신한카드 Mr.Life,신한카드,온라인 생활비,온라인장보기·쇼핑·외식,,신용카드,,300000.0,54000.0,980600.0,580700.0,Y,WRONG_CARD_BEFORE_PICKA,BEFORE_PICKA,0,1600,1600,픽카 이용 전 다른 카드를 사용하여 받을 수 있었던 혜택을 놓침,20%,54000.0,,,SYNTHETIC_RULE_MATCHING_V1,13-10,마트/쇼핑 맞춤 혜택,마트/쇼핑,97,할인,%,20.0,300000.0,,,,,,PICKA 표준 혜택 카테고리 '마트/쇼핑' 시연 데이터,https://www.card-gorilla.com/card/detail/13,MISSED_WRONG_CARD,신한카드 Mr.Life | 인테이크몰 20% 할인 (전월실적 30만원 이상),1600.0,KRW
ONE_TRANSACTION_PER_ROW,persona4,정은주,persona4@picka.app,45,1982-10-16,010-0756-9643,L.POINT|신세계포인트|CJ ONE|해피포인트|T 멤버십|교보문고 회원,ADULT,,여성,전업주부,서울 양천구,False,서울특별시,양천구,2,2026-07-24,"[{""order"":1,""label"":""첫째"",""birth_date"":""2009-11-18"",""exact_age"":""만 16세 8개월 6일"",""school_stage"":""고등학생""},{""order"":2,""label"":""둘째"",""birth_date"":""2013-03-07"",""exact_age"":""만 13세 4개월 17일"",""school_stage"":""중학생""}]",첫째,2009-11-18,만 16세 8개월 6일,고등학생,둘째,2013-03-07,만 13세 4개월 17일,중학생,"자녀 2명(중/고등학생), 교육비와 생활비 관리 중심",4500000,2026-05~2026-07,"학원비 자동이체 할인, 대형마트·쿠팡·컬리 적립, 병원·약국 할인, 통신비 캐시백 카드",False,False,False,False,False,False,HOMEMAKER,LGU+,CAR,False,True,NONE,LOTTE,True,True,2,ELEMENTARY_SCHOOL | MIDDLE_SCHOOL,VERIFIED,"45세 전업주부·초등학생 및 중학생 자녀 양육 가구. LGU+·자가용·하이패스·롯데 계열 이용자이며, 경차·임신출산·복지·K-패스·항공사 제휴 자격은 해당하지 않음.",6,UC401 | UC402 | UC403 | UC404 | UC405 | UC406,KB YOU Prime 카드 | I’m GREAT | LOCA 365 카드 | 삼성 iD EDU 카드 | 신한카드 Mr.Life | DA@카드의정석,KB YOU Prime 카드:대형마트·카페·가족생활 | I’m GREAT:병원·약국·보험 | LOCA 365 카드:통신·구독 | 삼성 iD EDU 카드:학원비·교재·교육 | 신한카드 Mr.Life:온라인장보기·쇼핑·외식 | DA@카드의정석:혜택 공백 일반결제,persona4-010,persona4-010,2026-06,2026-06-06T18:30:00,중등 영어학원,교육/육아,교육 및 육아,EDUCATION_CHILDCARE,177400,0,177400,신용카드,CARD,APPROVED,중등 영어학원 결제 · 교육/육아 카테고리,,UC406,87,DA@카드의정석,우리카드,보조 카드,혜택 공백 일반결제,,1066,신용카드,,0,,,https://www.card-gorilla.com/card/detail/87,363200,464000,Y,UC402,214.0,I’m GREAT,롯데카드,의료·보험,병원·약국·보험,,신용카드,,500000.0,5000.0,538400.0,675100.0,Y,WRONG_CARD_BEFORE_PICKA,BEFORE_PICKA,0,2400,2400,픽카 이용 전 다른 카드를 사용하여 받을 수 있었던 혜택을 놓침,10%,5000.0,,,SYNTHETIC_RULE_MATCHING_V1,214-03,교육/육아 맞춤 혜택,교육/육아,14,할인,%,10.0,,,5000.0,,,,PICKA 표준 혜택 카테고리 '교육/육아' 시연 데이터,https://www.card-gorilla.com/card/detail/214,MISSED_WRONG_CARD,"I’m GREAT | 일상생활비 - 의료, 교통, 편의점 5~10% 결제일 할인",2400.0,KRW
ONE_TRANSACTION_PER_ROW,persona4,정은주,persona4@picka.app,45,1982-10-16,010-0756-9643,L.POINT|신세계포인트|CJ ONE|해피포인트|T 멤버십|교보문고 회원,ADULT,,여성,전업주부,서울 양천구,False,서울특별시,양천구,2,2026-07-24,"[{""order"":1,""label"":""첫째"",""birth_date"":""2009-11-18"",""exact_age"":""만 16세 8개월 6일"",""school_stage"":""고등학생""},{""order"":2,""label"":""둘째"",""birth_date"":""2013-03-07"",""exact_age"":""만 13세 4개월 17일"",""school_stage"":""중학생""}]",첫째,2009-11-18,만 16세 8개월 6일,고등학생,둘째,2013-03-07,만 13세 4개월 17일,중학생,"자녀 2명(중/고등학생), 교육비와 생활비 관리 중심",4500000,2026-05~2026-07,"학원비 자동이체 할인, 대형마트·쿠팡·컬리 적립, 병원·약국 할인, 통신비 캐시백 카드",False,False,False,False,False,False,HOMEMAKER,LGU+,CAR,False,True,NONE,LOTTE,True,True,2,ELEMENTARY_SCHOOL | MIDDLE_SCHOOL,VERIFIED,"45세 전업주부·초등학생 및 중학생 자녀 양육 가구. LGU+·자가용·하이패스·롯데 계열 이용자이며, 경차·임신출산·복지·K-패스·항공사 제휴 자격은 해당하지 않음.",6,UC401 | UC402 | UC403 | UC404 | UC405 | UC406,KB YOU Prime 카드 | I’m GREAT | LOCA 365 카드 | 삼성 iD EDU 카드 | 신한카드 Mr.Life | DA@카드의정석,KB YOU Prime 카드:대형마트·카페·가족생활 | I’m GREAT:병원·약국·보험 | LOCA 365 카드:통신·구독 | 삼성 iD EDU 카드:학원비·교재·교육 | 신한카드 Mr.Life:온라인장보기·쇼핑·외식 | DA@카드의정석:혜택 공백 일반결제,persona4-011,persona4-011,2026-06,2026-06-07T22:10:00,SK텔레콤,통신,이동통신요금,TELECOM,73200,0,73200,신용카드,CARD,APPROVED,SK텔레콤 결제 · 통신 카테고리,,UC406,87,DA@카드의정석,우리카드,보조 카드,혜택 공백 일반결제,,1066,신용카드,,0,,,https://www.card-gorilla.com/card/detail/87,363200,464000,Y,UC405,13.0,신한카드 Mr.Life,신한카드,온라인 생활비,온라인장보기·쇼핑·외식,,신용카드,,300000.0,54000.0,980600.0,580700.0,Y,WRONG_CARD_BEFORE_PICKA,BEFORE_PICKA,0,1000,1000,픽카 이용 전 다른 카드를 사용하여 받을 수 있었던 혜택을 놓침,20%,54000.0,,,SYNTHETIC_RULE_MATCHING_V1,13-10,통신 맞춤 혜택,통신,9,할인,%,20.0,300000.0,,,,,,PICKA 표준 혜택 카테고리 '통신' 시연 데이터,https://www.card-gorilla.com/card/detail/13,MISSED_WRONG_CARD,신한카드 Mr.Life | 인테이크몰 20% 할인 (전월실적 30만원 이상),1000.0,KRW
ONE_TRANSACTION_PER_ROW,persona4,정은주,persona4@picka.app,45,1982-10-16,010-0756-9643,L.POINT|신세계포인트|CJ ONE|해피포인트|T 멤버십|교보문고 회원,ADULT,,여성,전업주부,서울 양천구,False,서울특별시,양천구,2,2026-07-24,"[{""order"":1,""label"":""첫째"",""birth_date"":""2009-11-18"",""exact_age"":""만 16세 8개월 6일"",""school_stage"":""고등학생""},{""order"":2,""label"":""둘째"",""birth_date"":""2013-03-07"",""exact_age"":""만 13세 4개월 17일"",""school_stage"":""중학생""}]",첫째,2009-11-18,만 16세 8개월 6일,고등학생,둘째,2013-03-07,만 13세 4개월 17일,중학생,"자녀 2명(중/고등학생), 교육비와 생활비 관리 중심",4500000,2026-05~2026-07,"학원비 자동이체 할인, 대형마트·쿠팡·컬리 적립, 병원·약국 할인, 통신비 캐시백 카드",False,False,False,False,False,False,HOMEMAKER,LGU+,CAR,False,True,NONE,LOTTE,True,True,2,ELEMENTARY_SCHOOL | MIDDLE_SCHOOL,VERIFIED,"45세 전업주부·초등학생 및 중학생 자녀 양육 가구. LGU+·자가용·하이패스·롯데 계열 이용자이며, 경차·임신출산·복지·K-패스·항공사 제휴 자격은 해당하지 않음.",6,UC401 | UC402 | UC403 | UC404 | UC405 | UC406,KB YOU Prime 카드 | I’m GREAT | LOCA 365 카드 | 삼성 iD EDU 카드 | 신한카드 Mr.Life | DA@카드의정석,KB YOU Prime 카드:대형마트·카페·가족생활 | I’m GREAT:병원·약국·보험 | LOCA 365 카드:통신·구독 | 삼성 iD EDU 카드:학원비·교재·교육 | 신한카드 Mr.Life:온라인장보기·쇼핑·외식 | DA@카드의정석:혜택 공백 일반결제,persona4-012,persona4-012,2026-06,2026-06-08T22:10:00,SK에너지 주유소,자동차,주유,FUEL,76000,4800,71200,신용카드,CARD,APPROVED,SK에너지 주유소 결제 · 주유 카테고리,,UC405,13,신한카드 Mr.Life,신한카드,온라인 생활비,온라인장보기·쇼핑·외식,,1055,신용카드,,300000,54000.0,,https://www.card-gorilla.com/card/detail/13,980600,580700,Y,UC405,13.0,신한카드 Mr.Life,신한카드,온라인 생활비,온라인장보기·쇼핑·외식,,신용카드,,300000.0,54000.0,980600.0,580700.0,Y,BENEFIT_RECEIVED,BENEFIT_APPLIED,4800,4800,0,,20%,54000.0,,,SYNTHETIC_RULE_MATCHING_V1,13-10,주유 맞춤 혜택,주유,17,할인,%,20.0,300000.0,,,,,,PICKA 표준 혜택 카테고리 '주유' 시연 데이터,https://www.card-gorilla.com/card/detail/13,DISCOUNT_APPLIED,신한카드 Mr.Life | 인테이크몰 20% 할인 (전월실적 30만원 이상),4800.0,KRW
ONE_TRANSACTION_PER_ROW,persona4,정은주,persona4@picka.app,45,1982-10-16,010-0756-9643,L.POINT|신세계포인트|CJ ONE|해피포인트|T 멤버십|교보문고 회원,ADULT,,여성,전업주부,서울 양천구,False,서울특별시,양천구,2,2026-07-24,"[{""order"":1,""label"":""첫째"",""birth_date"":""2009-11-18"",""exact_age"":""만 16세 8개월 6일"",""school_stage"":""고등학생""},{""order"":2,""label"":""둘째"",""birth_date"":""2013-03-07"",""exact_age"":""만 13세 4개월 17일"",""school_stage"":""중학생""}]",첫째,2009-11-18,만 16세 8개월 6일,고등학생,둘째,2013-03-07,만 13세 4개월 17일,중학생,"자녀 2명(중/고등학생), 교육비와 생활비 관리 중심",4500000,2026-05~2026-07,"학원비 자동이체 할인, 대형마트·쿠팡·컬리 적립, 병원·약국 할인, 통신비 캐시백 카드",False,False,False,False,False,False,HOMEMAKER,LGU+,CAR,False,True,NONE,LOTTE,True,True,2,ELEMENTARY_SCHOOL | MIDDLE_SCHOOL,VERIFIED,"45세 전업주부·초등학생 및 중학생 자녀 양육 가구. LGU+·자가용·하이패스·롯데 계열 이용자이며, 경차·임신출산·복지·K-패스·항공사 제휴 자격은 해당하지 않음.",6,UC401 | UC402 | UC403 | UC404 | UC405 | UC406,KB YOU Prime 카드 | I’m GREAT | LOCA 365 카드 | 삼성 iD EDU 카드 | 신한카드 Mr.Life | DA@카드의정석,KB YOU Prime 카드:대형마트·카페·가족생활 | I’m GREAT:병원·약국·보험 | LOCA 365 카드:통신·구독 | 삼성 iD EDU 카드:학원비·교재·교육 | 신한카드 Mr.Life:온라인장보기·쇼핑·외식 | DA@카드의정석:혜택 공백 일반결제,persona4-013,persona4-013,2026-06,2026-06-09T10:50:00,롯데마트,마트/쇼핑,대형마트 및 쇼핑,MART_SHOPPING,101200,0,101200,신용카드,CARD,APPROVED,롯데마트 결제 · 마트/쇼핑 카테고리,,UC401,2930,KB YOU Prime 카드,KB국민카드,가계 주사용,대형마트·카페·가족생활,가족팩,7788,신용카드,,400000,1200000.0,,https://www.card-gorilla.com/card/detail/2930,1306600,958800,Y,UC405,13.0,신한카드 Mr.Life,신한카드,온라인 생활비,온라인장보기·쇼핑·외식,,신용카드,,300000.0,54000.0,980600.0,580700.0,Y,WRONG_CARD_BEFORE_PICKA,BEFORE_PICKA,0,1400,1400,픽카 이용 전 다른 카드를 사용하여 받을 수 있었던 혜택을 놓침,20%,54000.0,,,SYNTHETIC_RULE_MATCHING_V1,13-10,마트/쇼핑 맞춤 혜택,마트/쇼핑,97,할인,%,20.0,300000.0,,,,,,PICKA 표준 혜택 카테고리 '마트/쇼핑' 시연 데이터,https://www.card-gorilla.com/card/detail/13,MISSED_WRONG_CARD,신한카드 Mr.Life | 인테이크몰 20% 할인 (전월실적 30만원 이상),1400.0,KRW
ONE_TRANSACTION_PER_ROW,persona4,정은주,persona4@picka.app,45,1982-10-16,010-0756-9643,L.POINT|신세계포인트|CJ ONE|해피포인트|T 멤버십|교보문고 회원,ADULT,,여성,전업주부,서울 양천구,False,서울특별시,양천구,2,2026-07-24,"[{""order"":1,""label"":""첫째"",""birth_date"":""2009-11-18"",""exact_age"":""만 16세 8개월 6일"",""school_stage"":""고등학생""},{""order"":2,""label"":""둘째"",""birth_date"":""2013-03-07"",""exact_age"":""만 13세 4개월 17일"",""school_stage"":""중학생""}]",첫째,2009-11-18,만 16세 8개월 6일,고등학생,둘째,2013-03-07,만 13세 4개월 17일,중학생,"자녀 2명(중/고등학생), 교육비와 생활비 관리 중심",4500000,2026-05~2026-07,"학원비 자동이체 할인, 대형마트·쿠팡·컬리 적립, 병원·약국 할인, 통신비 캐시백 카드",False,False,False,False,False,False,HOMEMAKER,LGU+,CAR,False,True,NONE,LOTTE,True,True,2,ELEMENTARY_SCHOOL | MIDDLE_SCHOOL,VERIFIED,"45세 전업주부·초등학생 및 중학생 자녀 양육 가구. LGU+·자가용·하이패스·롯데 계열 이용자이며, 경차·임신출산·복지·K-패스·항공사 제휴 자격은 해당하지 않음.",6,UC401 | UC402 | UC403 | UC404 | UC405 | UC406,KB YOU Prime 카드 | I’m GREAT | LOCA 365 카드 | 삼성 iD EDU 카드 | 신한카드 Mr.Life | DA@카드의정석,KB YOU Prime 카드:대형마트·카페·가족생활 | I’m GREAT:병원·약국·보험 | LOCA 365 카드:통신·구독 | 삼성 iD EDU 카드:학원비·교재·교육 | 신한카드 Mr.Life:온라인장보기·쇼핑·외식 | DA@카드의정석:혜택 공백 일반결제,persona4-014,persona4-014,2026-06,2026-06-10T14:20:00,고등 수학학원,교육/육아,교육 및 육아,EDUCATION_CHILDCARE,71800,0,71800,신용카드,CARD,APPROVED,고등 수학학원 결제 · 교육/육아 카테고리,,UC404,2358,삼성 iD EDU 카드,삼성카드,교육비,학원비·교재·교육,,1044,신용카드,,500000,510000.0,,https://www.card-gorilla.com/card/detail/2358,950900,1545100,Y,UC403,2330.0,LOCA 365 카드,롯데카드,고정비,통신·구독,,신용카드,,500000.0,,210300.0,276300.0,N,WRONG_CARD_BEFORE_PICKA,BEFORE_PICKA,0,1000,1000,픽카 이용 전 다른 카드를 사용하여 받을 수 있었던 혜택을 놓침,10%,,,,SYNTHETIC_RULE_MATCHING_V1,2330-07,교육/육아 맞춤 혜택,교육/육아,14,할인,%,10.0,,20000.0,,,,,PICKA 표준 혜택 카테고리 '교육/육아' 시연 데이터,https://www.card-gorilla.com/card/detail/2330,MISSED_WRONG_CARD,LOCA 365 카드 | [생활업종]학습지 10% 할인,1000.0,KRW
ONE_TRANSACTION_PER_ROW,persona4,정은주,persona4@picka.app,45,1982-10-16,010-0756-9643,L.POINT|신세계포인트|CJ ONE|해피포인트|T 멤버십|교보문고 회원,ADULT,,여성,전업주부,서울 양천구,False,서울특별시,양천구,2,2026-07-24,"[{""order"":1,""label"":""첫째"",""birth_date"":""2009-11-18"",""exact_age"":""만 16세 8개월 6일"",""school_stage"":""고등학생""},{""order"":2,""label"":""둘째"",""birth_date"":""2013-03-07"",""exact_age"":""만 13세 4개월 17일"",""school_stage"":""중학생""}]",첫째,2009-11-18,만 16세 8개월 6일,고등학생,둘째,2013-03-07,만 13세 4개월 17일,중학생,"자녀 2명(중/고등학생), 교육비와 생활비 관리 중심",4500000,2026-05~2026-07,"학원비 자동이체 할인, 대형마트·쿠팡·컬리 적립, 병원·약국 할인, 통신비 캐시백 카드",False,False,False,False,False,False,HOMEMAKER,LGU+,CAR,False,True,NONE,LOTTE,True,True,2,ELEMENTARY_SCHOOL | MIDDLE_SCHOOL,VERIFIED,"45세 전업주부·초등학생 및 중학생 자녀 양육 가구. LGU+·자가용·하이패스·롯데 계열 이용자이며, 경차·임신출산·복지·K-패스·항공사 제휴 자격은 해당하지 않음.",6,UC401 | UC402 | UC403 | UC404 | UC405 | UC406,KB YOU Prime 카드 | I’m GREAT | LOCA 365 카드 | 삼성 iD EDU 카드 | 신한카드 Mr.Life | DA@카드의정석,KB YOU Prime 카드:대형마트·카페·가족생활 | I’m GREAT:병원·약국·보험 | LOCA 365 카드:통신·구독 | 삼성 iD EDU 카드:학원비·교재·교육 | 신한카드 Mr.Life:온라인장보기·쇼핑·외식 | DA@카드의정석:혜택 공백 일반결제,persona4-015,persona4-015,2026-06,2026-06-11T10:30:00,티머니,교통,대중교통·택시,TRANSIT,18800,0,18800,신용카드,CARD,APPROVED,티머니 결제 · 교통 카테고리,,UC402,214,I’m GREAT,롯데카드,의료·보험,병원·약국·보험,,8899,신용카드,,500000,5000.0,,https://www.card-gorilla.com/card/detail/214,538400,675100,Y,UC405,13.0,신한카드 Mr.Life,신한카드,온라인 생활비,온라인장보기·쇼핑·외식,,신용카드,,300000.0,54000.0,980600.0,580700.0,Y,WRONG_CARD_BEFORE_PICKA,BEFORE_PICKA,0,300,300,픽카 이용 전 다른 카드를 사용하여 받을 수 있었던 혜택을 놓침,10%,5000.0,,,SYNTHETIC_RULE_MATCHING_V1,13-03,교통 맞춤 혜택,교통,20,할인,%,10.0,300000.0,,1000.0,5000.0,,,PICKA 표준 혜택 카테고리 '교통' 시연 데이터,https://www.card-gorilla.com/card/detail/13,MISSED_WRONG_CARD,신한카드 Mr.Life | 병원/약국업종 10% 할인 (전월실적 30만원 이상),300.0,KRW
ONE_TRANSACTION_PER_ROW,persona4,정은주,persona4@picka.app,45,1982-10-16,010-0756-9643,L.POINT|신세계포인트|CJ ONE|해피포인트|T 멤버십|교보문고 회원,ADULT,,여성,전업주부,서울 양천구,False,서울특별시,양천구,2,2026-07-24,"[{""order"":1,""label"":""첫째"",""birth_date"":""2009-11-18"",""exact_age"":""만 16세 8개월 6일"",""school_stage"":""고등학생""},{""order"":2,""label"":""둘째"",""birth_date"":""2013-03-07"",""exact_age"":""만 13세 4개월 17일"",""school_stage"":""중학생""}]",첫째,2009-11-18,만 16세 8개월 6일,고등학생,둘째,2013-03-07,만 13세 4개월 17일,중학생,"자녀 2명(중/고등학생), 교육비와 생활비 관리 중심",4500000,2026-05~2026-07,"학원비 자동이체 할인, 대형마트·쿠팡·컬리 적립, 병원·약국 할인, 통신비 캐시백 카드",False,False,False,False,False,False,HOMEMAKER,LGU+,CAR,False,True,NONE,LOTTE,True,True,2,ELEMENTARY_SCHOOL | MIDDLE_SCHOOL,VERIFIED,"45세 전업주부·초등학생 및 중학생 자녀 양육 가구. LGU+·자가용·하이패스·롯데 계열 이용자이며, 경차·임신출산·복지·K-패스·항공사 제휴 자격은 해당하지 않음.",6,UC401 | UC402 | UC403 | UC404 | UC405 | UC406,KB YOU Prime 카드 | I’m GREAT | LOCA 365 카드 | 삼성 iD EDU 카드 | 신한카드 Mr.Life | DA@카드의정석,KB YOU Prime 카드:대형마트·카페·가족생활 | I’m GREAT:병원·약국·보험 | LOCA 365 카드:통신·구독 | 삼성 iD EDU 카드:학원비·교재·교육 | 신한카드 Mr.Life:온라인장보기·쇼핑·외식 | DA@카드의정석:혜택 공백 일반결제,persona4-016,persona4-016,2026-06,2026-06-12T11:50:00,스타벅스,카페,카페 및 디저트,CAFE_DESSERT,8600,100,8500,신용카드,CARD,APPROVED,스타벅스 결제 · 카페/디저트 카테고리,,UC402,214,I’m GREAT,롯데카드,의료·보험,병원·약국·보험,,8899,신용카드,,500000,5000.0,,https://www.card-gorilla.com/card/detail/214,538400,675100,Y,UC402,214.0,I’m GREAT,롯데카드,의료·보험,병원·약국·보험,,신용카드,,500000.0,5000.0,538400.0,675100.0,Y,BENEFIT_RECEIVED,BENEFIT_APPLIED,100,100,0,,10%,5000.0,,,SYNTHETIC_RULE_MATCHING_V1,214-03,카페/디저트 맞춤 혜택,카페/디저트,45,할인,%,10.0,,,5000.0,,,,PICKA 표준 혜택 카테고리 '카페/디저트' 시연 데이터,https://www.card-gorilla.com/card/detail/214,DISCOUNT_APPLIED,"I’m GREAT | 일상생활비 - 의료, 교통, 편의점 5~10% 결제일 할인",100.0,KRW
ONE_TRANSACTION_PER_ROW,persona4,정은주,persona4@picka.app,45,1982-10-16,010-0756-9643,L.POINT|신세계포인트|CJ ONE|해피포인트|T 멤버십|교보문고 회원,ADULT,,여성,전업주부,서울 양천구,False,서울특별시,양천구,2,2026-07-24,"[{""order"":1,""label"":""첫째"",""birth_date"":""2009-11-18"",""exact_age"":""만 16세 8개월 6일"",""school_stage"":""고등학생""},{""order"":2,""label"":""둘째"",""birth_date"":""2013-03-07"",""exact_age"":""만 13세 4개월 17일"",""school_stage"":""중학생""}]",첫째,2009-11-18,만 16세 8개월 6일,고등학생,둘째,2013-03-07,만 13세 4개월 17일,중학생,"자녀 2명(중/고등학생), 교육비와 생활비 관리 중심",4500000,2026-05~2026-07,"학원비 자동이체 할인, 대형마트·쿠팡·컬리 적립, 병원·약국 할인, 통신비 캐시백 카드",False,False,False,False,False,False,HOMEMAKER,LGU+,CAR,False,True,NONE,LOTTE,True,True,2,ELEMENTARY_SCHOOL | MIDDLE_SCHOOL,VERIFIED,"45세 전업주부·초등학생 및 중학생 자녀 양육 가구. LGU+·자가용·하이패스·롯데 계열 이용자이며, 경차·임신출산·복지·K-패스·항공사 제휴 자격은 해당하지 않음.",6,UC401 | UC402 | UC403 | UC404 | UC405 | UC406,KB YOU Prime 카드 | I’m GREAT | LOCA 365 카드 | 삼성 iD EDU 카드 | 신한카드 Mr.Life | DA@카드의정석,KB YOU Prime 카드:대형마트·카페·가족생활 | I’m GREAT:병원·약국·보험 | LOCA 365 카드:통신·구독 | 삼성 iD EDU 카드:학원비·교재·교육 | 신한카드 Mr.Life:온라인장보기·쇼핑·외식 | DA@카드의정석:혜택 공백 일반결제,persona4-017,persona4-017,2026-06,2026-06-12T23:55:00,쿠팡,온라인쇼핑,온라인 종합몰,ONLINE_SHOPPING,74800,4700,70100,신용카드,CARD,APPROVED,쿠팡 결제 · 온라인쇼핑 카테고리,,UC405,13,신한카드 Mr.Life,신한카드,온라인 생활비,온라인장보기·쇼핑·외식,,1055,신용카드,,300000,54000.0,,https://www.card-gorilla.com/card/detail/13,980600,580700,Y,UC405,13.0,신한카드 Mr.Life,신한카드,온라인 생활비,온라인장보기·쇼핑·외식,,신용카드,,300000.0,54000.0,980600.0,580700.0,Y,BENEFIT_RECEIVED,BENEFIT_APPLIED,4700,4700,0,,20%,54000.0,,,SYNTHETIC_RULE_MATCHING_V1,13-10,온라인쇼핑 맞춤 혜택,온라인쇼핑,7,할인,%,20.0,300000.0,,,,,,PICKA 표준 혜택 카테고리 '온라인쇼핑' 시연 데이터,https://www.card-gorilla.com/card/detail/13,DISCOUNT_APPLIED,신한카드 Mr.Life | 인테이크몰 20% 할인 (전월실적 30만원 이상),4700.0,KRW
ONE_TRANSACTION_PER_ROW,persona4,정은주,persona4@picka.app,45,1982-10-16,010-0756-9643,L.POINT|신세계포인트|CJ ONE|해피포인트|T 멤버십|교보문고 회원,ADULT,,여성,전업주부,서울 양천구,False,서울특별시,양천구,2,2026-07-24,"[{""order"":1,""label"":""첫째"",""birth_date"":""2009-11-18"",""exact_age"":""만 16세 8개월 6일"",""school_stage"":""고등학생""},{""order"":2,""label"":""둘째"",""birth_date"":""2013-03-07"",""exact_age"":""만 13세 4개월 17일"",""school_stage"":""중학생""}]",첫째,2009-11-18,만 16세 8개월 6일,고등학생,둘째,2013-03-07,만 13세 4개월 17일,중학생,"자녀 2명(중/고등학생), 교육비와 생활비 관리 중심",4500000,2026-05~2026-07,"학원비 자동이체 할인, 대형마트·쿠팡·컬리 적립, 병원·약국 할인, 통신비 캐시백 카드",False,False,False,False,False,False,HOMEMAKER,LGU+,CAR,False,True,NONE,LOTTE,True,True,2,ELEMENTARY_SCHOOL | MIDDLE_SCHOOL,VERIFIED,"45세 전업주부·초등학생 및 중학생 자녀 양육 가구. LGU+·자가용·하이패스·롯데 계열 이용자이며, 경차·임신출산·복지·K-패스·항공사 제휴 자격은 해당하지 않음.",6,UC401 | UC402 | UC403 | UC404 | UC405 | UC406,KB YOU Prime 카드 | I’m GREAT | LOCA 365 카드 | 삼성 iD EDU 카드 | 신한카드 Mr.Life | DA@카드의정석,KB YOU Prime 카드:대형마트·카페·가족생활 | I’m GREAT:병원·약국·보험 | LOCA 365 카드:통신·구독 | 삼성 iD EDU 카드:학원비·교재·교육 | 신한카드 Mr.Life:온라인장보기·쇼핑·외식 | DA@카드의정석:혜택 공백 일반결제,persona4-018,persona4-018,2026-06,2026-06-13T11:10:00,코스트코,마트/쇼핑,대형마트 및 쇼핑,MART_SHOPPING,87000,0,87000,신용카드,CARD,APPROVED,코스트코 결제 · 마트/쇼핑 카테고리,,UC401,2930,KB YOU Prime 카드,KB국민카드,가계 주사용,대형마트·카페·가족생활,가족팩,7788,신용카드,,400000,1200000.0,,https://www.card-gorilla.com/card/detail/2930,1306600,958800,Y,UC405,13.0,신한카드 Mr.Life,신한카드,온라인 생활비,온라인장보기·쇼핑·외식,,신용카드,,300000.0,54000.0,980600.0,580700.0,Y,WRONG_CARD_BEFORE_PICKA,BEFORE_PICKA,0,1200,1200,픽카 이용 전 다른 카드를 사용하여 받을 수 있었던 혜택을 놓침,20%,54000.0,,,SYNTHETIC_RULE_MATCHING_V1,13-10,마트/쇼핑 맞춤 혜택,마트/쇼핑,97,할인,%,20.0,300000.0,,,,,,PICKA 표준 혜택 카테고리 '마트/쇼핑' 시연 데이터,https://www.card-gorilla.com/card/detail/13,MISSED_WRONG_CARD,신한카드 Mr.Life | 인테이크몰 20% 할인 (전월실적 30만원 이상),1200.0,KRW
ONE_TRANSACTION_PER_ROW,persona4,정은주,persona4@picka.app,45,1982-10-16,010-0756-9643,L.POINT|신세계포인트|CJ ONE|해피포인트|T 멤버십|교보문고 회원,ADULT,,여성,전업주부,서울 양천구,False,서울특별시,양천구,2,2026-07-24,"[{""order"":1,""label"":""첫째"",""birth_date"":""2009-11-18"",""exact_age"":""만 16세 8개월 6일"",""school_stage"":""고등학생""},{""order"":2,""label"":""둘째"",""birth_date"":""2013-03-07"",""exact_age"":""만 13세 4개월 17일"",""school_stage"":""중학생""}]",첫째,2009-11-18,만 16세 8개월 6일,고등학생,둘째,2013-03-07,만 13세 4개월 17일,중학생,"자녀 2명(중/고등학생), 교육비와 생활비 관리 중심",4500000,2026-05~2026-07,"학원비 자동이체 할인, 대형마트·쿠팡·컬리 적립, 병원·약국 할인, 통신비 캐시백 카드",False,False,False,False,False,False,HOMEMAKER,LGU+,CAR,False,True,NONE,LOTTE,True,True,2,ELEMENTARY_SCHOOL | MIDDLE_SCHOOL,VERIFIED,"45세 전업주부·초등학생 및 중학생 자녀 양육 가구. LGU+·자가용·하이패스·롯데 계열 이용자이며, 경차·임신출산·복지·K-패스·항공사 제휴 자격은 해당하지 않음.",6,UC401 | UC402 | UC403 | UC404 | UC405 | UC406,KB YOU Prime 카드 | I’m GREAT | LOCA 365 카드 | 삼성 iD EDU 카드 | 신한카드 Mr.Life | DA@카드의정석,KB YOU Prime 카드:대형마트·카페·가족생활 | I’m GREAT:병원·약국·보험 | LOCA 365 카드:통신·구독 | 삼성 iD EDU 카드:학원비·교재·교육 | 신한카드 Mr.Life:온라인장보기·쇼핑·외식 | DA@카드의정석:혜택 공백 일반결제,persona4-019,persona4-019,2026-06,2026-06-14T12:10:00,다이소,생활,생활용품,LIVING,40700,0,40700,신용카드,CARD,APPROVED,다이소 결제 · 생활 카테고리,,UC406,87,DA@카드의정석,우리카드,보조 카드,혜택 공백 일반결제,,1066,신용카드,,0,,,https://www.card-gorilla.com/card/detail/87,363200,464000,Y,UC402,214.0,I’m GREAT,롯데카드,의료·보험,병원·약국·보험,,신용카드,,500000.0,5000.0,538400.0,675100.0,Y,WRONG_CARD_BEFORE_PICKA,BEFORE_PICKA,0,600,600,픽카 이용 전 다른 카드를 사용하여 받을 수 있었던 혜택을 놓침,10%,5000.0,,,SYNTHETIC_RULE_MATCHING_V1,214-03,생활 맞춤 혜택,생활,22,할인,%,10.0,,,5000.0,,,,PICKA 표준 혜택 카테고리 '생활' 시연 데이터,https://www.card-gorilla.com/card/detail/214,MISSED_WRONG_CARD,"I’m GREAT | 일상생활비 - 의료, 교통, 편의점 5~10% 결제일 할인",600.0,KRW
ONE_TRANSACTION_PER_ROW,persona4,정은주,persona4@picka.app,45,1982-10-16,010-0756-9643,L.POINT|신세계포인트|CJ ONE|해피포인트|T 멤버십|교보문고 회원,ADULT,,여성,전업주부,서울 양천구,False,서울특별시,양천구,2,2026-07-24,"[{""order"":1,""label"":""첫째"",""birth_date"":""2009-11-18"",""exact_age"":""만 16세 8개월 6일"",""school_stage"":""고등학생""},{""order"":2,""label"":""둘째"",""birth_date"":""2013-03-07"",""exact_age"":""만 13세 4개월 17일"",""school_stage"":""중학생""}]",첫째,2009-11-18,만 16세 8개월 6일,고등학생,둘째,2013-03-07,만 13세 4개월 17일,중학생,"자녀 2명(중/고등학생), 교육비와 생활비 관리 중심",4500000,2026-05~2026-07,"학원비 자동이체 할인, 대형마트·쿠팡·컬리 적립, 병원·약국 할인, 통신비 캐시백 카드",False,False,False,False,False,False,HOMEMAKER,LGU+,CAR,False,True,NONE,LOTTE,True,True,2,ELEMENTARY_SCHOOL | MIDDLE_SCHOOL,VERIFIED,"45세 전업주부·초등학생 및 중학생 자녀 양육 가구. LGU+·자가용·하이패스·롯데 계열 이용자이며, 경차·임신출산·복지·K-패스·항공사 제휴 자격은 해당하지 않음.",6,UC401 | UC402 | UC403 | UC404 | UC405 | UC406,KB YOU Prime 카드 | I’m GREAT | LOCA 365 카드 | 삼성 iD EDU 카드 | 신한카드 Mr.Life | DA@카드의정석,KB YOU Prime 카드:대형마트·카페·가족생활 | I’m GREAT:병원·약국·보험 | LOCA 365 카드:통신·구독 | 삼성 iD EDU 카드:학원비·교재·교육 | 신한카드 Mr.Life:온라인장보기·쇼핑·외식 | DA@카드의정석:혜택 공백 일반결제,persona4-020,persona4-020,2026-06,2026-06-15T09:00:00,한국전력공사,공과금,생활요금,UTILITIES,228600,0,228600,신용카드,CARD,APPROVED,한국전력공사 결제 · 공과금/생활요금 카테고리,,UC402,214,I’m GREAT,롯데카드,의료·보험,병원·약국·보험,,8899,신용카드,,500000,5000.0,,https://www.card-gorilla.com/card/detail/214,538400,675100,Y,UC403,2330.0,LOCA 365 카드,롯데카드,고정비,통신·구독,,신용카드,,500000.0,,210300.0,276300.0,N,WRONG_CARD_BEFORE_PICKA,BEFORE_PICKA,0,3100,3100,픽카 이용 전 다른 카드를 사용하여 받을 수 있었던 혜택을 놓침,10%,,,,SYNTHETIC_RULE_MATCHING_V1,2330-01,공과금/생활요금 맞춤 혜택,공과금/생활요금,3,할인,%,10.0,,20000.0,,,,,PICKA 표준 혜택 카테고리 '공과금/생활요금' 시연 데이터,https://www.card-gorilla.com/card/detail/2330,MISSED_WRONG_CARD,LOCA 365 카드 | [생활업종]아파트관리비 10% 할인,3100.0,KRW
ONE_TRANSACTION_PER_ROW,persona4,정은주,persona4@picka.app,45,1982-10-16,010-0756-9643,L.POINT|신세계포인트|CJ ONE|해피포인트|T 멤버십|교보문고 회원,ADULT,,여성,전업주부,서울 양천구,False,서울특별시,양천구,2,2026-07-24,"[{""order"":1,""label"":""첫째"",""birth_date"":""2009-11-18"",""exact_age"":""만 16세 8개월 6일"",""school_stage"":""고등학생""},{""order"":2,""label"":""둘째"",""birth_date"":""2013-03-07"",""exact_age"":""만 13세 4개월 17일"",""school_stage"":""중학생""}]",첫째,2009-11-18,만 16세 8개월 6일,고등학생,둘째,2013-03-07,만 13세 4개월 17일,중학생,"자녀 2명(중/고등학생), 교육비와 생활비 관리 중심",4500000,2026-05~2026-07,"학원비 자동이체 할인, 대형마트·쿠팡·컬리 적립, 병원·약국 할인, 통신비 캐시백 카드",False,False,False,False,False,False,HOMEMAKER,LGU+,CAR,False,True,NONE,LOTTE,True,True,2,ELEMENTARY_SCHOOL | MIDDLE_SCHOOL,VERIFIED,"45세 전업주부·초등학생 및 중학생 자녀 양육 가구. LGU+·자가용·하이패스·롯데 계열 이용자이며, 경차·임신출산·복지·K-패스·항공사 제휴 자격은 해당하지 않음.",6,UC401 | UC402 | UC403 | UC404 | UC405 | UC406,KB YOU Prime 카드 | I’m GREAT | LOCA 365 카드 | 삼성 iD EDU 카드 | 신한카드 Mr.Life | DA@카드의정석,KB YOU Prime 카드:대형마트·카페·가족생활 | I’m GREAT:병원·약국·보험 | LOCA 365 카드:통신·구독 | 삼성 iD EDU 카드:학원비·교재·교육 | 신한카드 Mr.Life:온라인장보기·쇼핑·외식 | DA@카드의정석:혜택 공백 일반결제,persona4-021,persona4-021,2026-06,2026-06-15T09:05:00,서울도시가스,공과금,생활요금,UTILITIES,252700,0,252700,신용카드,CARD,APPROVED,서울도시가스 결제 · 공과금/생활요금 카테고리,,UC402,214,I’m GREAT,롯데카드,의료·보험,병원·약국·보험,,8899,신용카드,,500000,5000.0,,https://www.card-gorilla.com/card/detail/214,538400,675100,Y,UC403,2330.0,LOCA 365 카드,롯데카드,고정비,통신·구독,,신용카드,,500000.0,,210300.0,276300.0,N,WRONG_CARD_BEFORE_PICKA,BEFORE_PICKA,0,3400,3400,픽카 이용 전 다른 카드를 사용하여 받을 수 있었던 혜택을 놓침,10%,,,,SYNTHETIC_RULE_MATCHING_V1,2330-01,공과금/생활요금 맞춤 혜택,공과금/생활요금,3,할인,%,10.0,,20000.0,,,,,PICKA 표준 혜택 카테고리 '공과금/생활요금' 시연 데이터,https://www.card-gorilla.com/card/detail/2330,MISSED_WRONG_CARD,LOCA 365 카드 | [생활업종]아파트관리비 10% 할인,3400.0,KRW
ONE_TRANSACTION_PER_ROW,persona4,정은주,persona4@picka.app,45,1982-10-16,010-0756-9643,L.POINT|신세계포인트|CJ ONE|해피포인트|T 멤버십|교보문고 회원,ADULT,,여성,전업주부,서울 양천구,False,서울특별시,양천구,2,2026-07-24,"[{""order"":1,""label"":""첫째"",""birth_date"":""2009-11-18"",""exact_age"":""만 16세 8개월 6일"",""school_stage"":""고등학생""},{""order"":2,""label"":""둘째"",""birth_date"":""2013-03-07"",""exact_age"":""만 13세 4개월 17일"",""school_stage"":""중학생""}]",첫째,2009-11-18,만 16세 8개월 6일,고등학생,둘째,2013-03-07,만 13세 4개월 17일,중학생,"자녀 2명(중/고등학생), 교육비와 생활비 관리 중심",4500000,2026-05~2026-07,"학원비 자동이체 할인, 대형마트·쿠팡·컬리 적립, 병원·약국 할인, 통신비 캐시백 카드",False,False,False,False,False,False,HOMEMAKER,LGU+,CAR,False,True,NONE,LOTTE,True,True,2,ELEMENTARY_SCHOOL | MIDDLE_SCHOOL,VERIFIED,"45세 전업주부·초등학생 및 중학생 자녀 양육 가구. LGU+·자가용·하이패스·롯데 계열 이용자이며, 경차·임신출산·복지·K-패스·항공사 제휴 자격은 해당하지 않음.",6,UC401 | UC402 | UC403 | UC404 | UC405 | UC406,KB YOU Prime 카드 | I’m GREAT | LOCA 365 카드 | 삼성 iD EDU 카드 | 신한카드 Mr.Life | DA@카드의정석,KB YOU Prime 카드:대형마트·카페·가족생활 | I’m GREAT:병원·약국·보험 | LOCA 365 카드:통신·구독 | 삼성 iD EDU 카드:학원비·교재·교육 | 신한카드 Mr.Life:온라인장보기·쇼핑·외식 | DA@카드의정석:혜택 공백 일반결제,persona4-022,persona4-022,2026-06,2026-06-15T23:00:00,배달의민족,배달,배달앱,DELIVERY,50700,3200,47500,신용카드,CARD,APPROVED,배달의민족 결제 · 배달앱 카테고리,,UC405,13,신한카드 Mr.Life,신한카드,온라인 생활비,온라인장보기·쇼핑·외식,,1055,신용카드,,300000,54000.0,,https://www.card-gorilla.com/card/detail/13,980600,580700,Y,UC405,13.0,신한카드 Mr.Life,신한카드,온라인 생활비,온라인장보기·쇼핑·외식,,신용카드,,300000.0,54000.0,980600.0,580700.0,Y,BENEFIT_RECEIVED,BENEFIT_APPLIED,3200,3200,0,,20%,54000.0,,,SYNTHETIC_RULE_MATCHING_V1,13-10,배달앱 맞춤 혜택,배달앱,19,할인,%,20.0,300000.0,,,,,,PICKA 표준 혜택 카테고리 '배달앱' 시연 데이터,https://www.card-gorilla.com/card/detail/13,DISCOUNT_APPLIED,신한카드 Mr.Life | 인테이크몰 20% 할인 (전월실적 30만원 이상),3200.0,KRW
ONE_TRANSACTION_PER_ROW,persona4,정은주,persona4@picka.app,45,1982-10-16,010-0756-9643,L.POINT|신세계포인트|CJ ONE|해피포인트|T 멤버십|교보문고 회원,ADULT,,여성,전업주부,서울 양천구,False,서울특별시,양천구,2,2026-07-24,"[{""order"":1,""label"":""첫째"",""birth_date"":""2009-11-18"",""exact_age"":""만 16세 8개월 6일"",""school_stage"":""고등학생""},{""order"":2,""label"":""둘째"",""birth_date"":""2013-03-07"",""exact_age"":""만 13세 4개월 17일"",""school_stage"":""중학생""}]",첫째,2009-11-18,만 16세 8개월 6일,고등학생,둘째,2013-03-07,만 13세 4개월 17일,중학생,"자녀 2명(중/고등학생), 교육비와 생활비 관리 중심",4500000,2026-05~2026-07,"학원비 자동이체 할인, 대형마트·쿠팡·컬리 적립, 병원·약국 할인, 통신비 캐시백 카드",False,False,False,False,False,False,HOMEMAKER,LGU+,CAR,False,True,NONE,LOTTE,True,True,2,ELEMENTARY_SCHOOL | MIDDLE_SCHOOL,VERIFIED,"45세 전업주부·초등학생 및 중학생 자녀 양육 가구. LGU+·자가용·하이패스·롯데 계열 이용자이며, 경차·임신출산·복지·K-패스·항공사 제휴 자격은 해당하지 않음.",6,UC401 | UC402 | UC403 | UC404 | UC405 | UC406,KB YOU Prime 카드 | I’m GREAT | LOCA 365 카드 | 삼성 iD EDU 카드 | 신한카드 Mr.Life | DA@카드의정석,KB YOU Prime 카드:대형마트·카페·가족생활 | I’m GREAT:병원·약국·보험 | LOCA 365 카드:통신·구독 | 삼성 iD EDU 카드:학원비·교재·교육 | 신한카드 Mr.Life:온라인장보기·쇼핑·외식 | DA@카드의정석:혜택 공백 일반결제,persona4-023,persona4-023,2026-06,2026-06-16T11:55:00,GS칼텍스,자동차,주유,FUEL,90100,0,90100,신용카드,CARD,APPROVED,GS칼텍스 결제 · 주유 카테고리,,UC401,2930,KB YOU Prime 카드,KB국민카드,가계 주사용,대형마트·카페·가족생활,가족팩,7788,신용카드,,400000,1200000.0,,https://www.card-gorilla.com/card/detail/2930,1306600,958800,Y,UC405,13.0,신한카드 Mr.Life,신한카드,온라인 생활비,온라인장보기·쇼핑·외식,,신용카드,,300000.0,54000.0,980600.0,580700.0,Y,WRONG_CARD_BEFORE_PICKA,BEFORE_PICKA,0,1200,1200,픽카 이용 전 다른 카드를 사용하여 받을 수 있었던 혜택을 놓침,20%,54000.0,,,SYNTHETIC_RULE_MATCHING_V1,13-10,주유 맞춤 혜택,주유,17,할인,%,20.0,300000.0,,,,,,PICKA 표준 혜택 카테고리 '주유' 시연 데이터,https://www.card-gorilla.com/card/detail/13,MISSED_WRONG_CARD,신한카드 Mr.Life | 인테이크몰 20% 할인 (전월실적 30만원 이상),1200.0,KRW
ONE_TRANSACTION_PER_ROW,persona4,정은주,persona4@picka.app,45,1982-10-16,010-0756-9643,L.POINT|신세계포인트|CJ ONE|해피포인트|T 멤버십|교보문고 회원,ADULT,,여성,전업주부,서울 양천구,False,서울특별시,양천구,2,2026-07-24,"[{""order"":1,""label"":""첫째"",""birth_date"":""2009-11-18"",""exact_age"":""만 16세 8개월 6일"",""school_stage"":""고등학생""},{""order"":2,""label"":""둘째"",""birth_date"":""2013-03-07"",""exact_age"":""만 13세 4개월 17일"",""school_stage"":""중학생""}]",첫째,2009-11-18,만 16세 8개월 6일,고등학생,둘째,2013-03-07,만 13세 4개월 17일,중학생,"자녀 2명(중/고등학생), 교육비와 생활비 관리 중심",4500000,2026-05~2026-07,"학원비 자동이체 할인, 대형마트·쿠팡·컬리 적립, 병원·약국 할인, 통신비 캐시백 카드",False,False,False,False,False,False,HOMEMAKER,LGU+,CAR,False,True,NONE,LOTTE,True,True,2,ELEMENTARY_SCHOOL | MIDDLE_SCHOOL,VERIFIED,"45세 전업주부·초등학생 및 중학생 자녀 양육 가구. LGU+·자가용·하이패스·롯데 계열 이용자이며, 경차·임신출산·복지·K-패스·항공사 제휴 자격은 해당하지 않음.",6,UC401 | UC402 | UC403 | UC404 | UC405 | UC406,KB YOU Prime 카드 | I’m GREAT | LOCA 365 카드 | 삼성 iD EDU 카드 | 신한카드 Mr.Life | DA@카드의정석,KB YOU Prime 카드:대형마트·카페·가족생활 | I’m GREAT:병원·약국·보험 | LOCA 365 카드:통신·구독 | 삼성 iD EDU 카드:학원비·교재·교육 | 신한카드 Mr.Life:온라인장보기·쇼핑·외식 | DA@카드의정석:혜택 공백 일반결제,persona4-024,persona4-024,2026-06,2026-06-17T15:40:00,카카오 T,교통,대중교통·택시,TRANSIT,8900,100,8800,신용카드,CARD,APPROVED,카카오 T 결제 · 교통 카테고리,,UC405,13,신한카드 Mr.Life,신한카드,온라인 생활비,온라인장보기·쇼핑·외식,,1055,신용카드,,300000,54000.0,,https://www.card-gorilla.com/card/detail/13,980600,580700,Y,UC405,13.0,신한카드 Mr.Life,신한카드,온라인 생활비,온라인장보기·쇼핑·외식,,신용카드,,300000.0,54000.0,980600.0,580700.0,Y,BENEFIT_RECEIVED,BENEFIT_APPLIED,100,100,0,,10%,5000.0,5000.0,4900.0,SYNTHETIC_RULE_MATCHING_V1,13-03,교통 맞춤 혜택,교통,20,할인,%,10.0,300000.0,,1000.0,5000.0,,,PICKA 표준 혜택 카테고리 '교통' 시연 데이터,https://www.card-gorilla.com/card/detail/13,DISCOUNT_APPLIED,신한카드 Mr.Life | 병원/약국업종 10% 할인 (전월실적 30만원 이상),100.0,KRW
ONE_TRANSACTION_PER_ROW,persona4,정은주,persona4@picka.app,45,1982-10-16,010-0756-9643,L.POINT|신세계포인트|CJ ONE|해피포인트|T 멤버십|교보문고 회원,ADULT,,여성,전업주부,서울 양천구,False,서울특별시,양천구,2,2026-07-24,"[{""order"":1,""label"":""첫째"",""birth_date"":""2009-11-18"",""exact_age"":""만 16세 8개월 6일"",""school_stage"":""고등학생""},{""order"":2,""label"":""둘째"",""birth_date"":""2013-03-07"",""exact_age"":""만 13세 4개월 17일"",""school_stage"":""중학생""}]",첫째,2009-11-18,만 16세 8개월 6일,고등학생,둘째,2013-03-07,만 13세 4개월 17일,중학생,"자녀 2명(중/고등학생), 교육비와 생활비 관리 중심",4500000,2026-05~2026-07,"학원비 자동이체 할인, 대형마트·쿠팡·컬리 적립, 병원·약국 할인, 통신비 캐시백 카드",False,False,False,False,False,False,HOMEMAKER,LGU+,CAR,False,True,NONE,LOTTE,True,True,2,ELEMENTARY_SCHOOL | MIDDLE_SCHOOL,VERIFIED,"45세 전업주부·초등학생 및 중학생 자녀 양육 가구. LGU+·자가용·하이패스·롯데 계열 이용자이며, 경차·임신출산·복지·K-패스·항공사 제휴 자격은 해당하지 않음.",6,UC401 | UC402 | UC403 | UC404 | UC405 | UC406,KB YOU Prime 카드 | I’m GREAT | LOCA 365 카드 | 삼성 iD EDU 카드 | 신한카드 Mr.Life | DA@카드의정석,KB YOU Prime 카드:대형마트·카페·가족생활 | I’m GREAT:병원·약국·보험 | LOCA 365 카드:통신·구독 | 삼성 iD EDU 카드:학원비·교재·교육 | 신한카드 Mr.Life:온라인장보기·쇼핑·외식 | DA@카드의정석:혜택 공백 일반결제,persona4-025,persona4-025,2026-06,2026-06-17T16:00:00,한식당,외식,음식점,FOOD_DINING,14200,200,14000,신용카드,CARD,APPROVED,한식당 결제 · 푸드/외식 카테고리,,UC405,13,신한카드 Mr.Life,신한카드,온라인 생활비,온라인장보기·쇼핑·외식,,1055,신용카드,,300000,54000.0,,https://www.card-gorilla.com/card/detail/13,980600,580700,Y,UC405,13.0,신한카드 Mr.Life,신한카드,온라인 생활비,온라인장보기·쇼핑·외식,,신용카드,,300000.0,54000.0,980600.0,580700.0,Y,BENEFIT_RECEIVED,BENEFIT_APPLIED,200,200,0,,10%,5000.0,4900.0,4700.0,SYNTHETIC_RULE_MATCHING_V1,13-03,푸드/외식 맞춤 혜택,푸드/외식,57,할인,%,10.0,300000.0,,1000.0,5000.0,,,PICKA 표준 혜택 카테고리 '푸드/외식' 시연 데이터,https://www.card-gorilla.com/card/detail/13,DISCOUNT_APPLIED,신한카드 Mr.Life | 병원/약국업종 10% 할인 (전월실적 30만원 이상),200.0,KRW
ONE_TRANSACTION_PER_ROW,persona4,정은주,persona4@picka.app,45,1982-10-16,010-0756-9643,L.POINT|신세계포인트|CJ ONE|해피포인트|T 멤버십|교보문고 회원,ADULT,,여성,전업주부,서울 양천구,False,서울특별시,양천구,2,2026-07-24,"[{""order"":1,""label"":""첫째"",""birth_date"":""2009-11-18"",""exact_age"":""만 16세 8개월 6일"",""school_stage"":""고등학생""},{""order"":2,""label"":""둘째"",""birth_date"":""2013-03-07"",""exact_age"":""만 13세 4개월 17일"",""school_stage"":""중학생""}]",첫째,2009-11-18,만 16세 8개월 6일,고등학생,둘째,2013-03-07,만 13세 4개월 17일,중학생,"자녀 2명(중/고등학생), 교육비와 생활비 관리 중심",4500000,2026-05~2026-07,"학원비 자동이체 할인, 대형마트·쿠팡·컬리 적립, 병원·약국 할인, 통신비 캐시백 카드",False,False,False,False,False,False,HOMEMAKER,LGU+,CAR,False,True,NONE,LOTTE,True,True,2,ELEMENTARY_SCHOOL | MIDDLE_SCHOOL,VERIFIED,"45세 전업주부·초등학생 및 중학생 자녀 양육 가구. LGU+·자가용·하이패스·롯데 계열 이용자이며, 경차·임신출산·복지·K-패스·항공사 제휴 자격은 해당하지 않음.",6,UC401 | UC402 | UC403 | UC404 | UC405 | UC406,KB YOU Prime 카드 | I’m GREAT | LOCA 365 카드 | 삼성 iD EDU 카드 | 신한카드 Mr.Life | DA@카드의정석,KB YOU Prime 카드:대형마트·카페·가족생활 | I’m GREAT:병원·약국·보험 | LOCA 365 카드:통신·구독 | 삼성 iD EDU 카드:학원비·교재·교육 | 신한카드 Mr.Life:온라인장보기·쇼핑·외식 | DA@카드의정석:혜택 공백 일반결제,persona4-026,persona4-026,2026-06,2026-06-18T00:05:00,카카오페이,간편결제,온라인 간편결제,EASY_PAY,11900,800,11100,신용카드,CARD,APPROVED,카카오페이 결제 · 간편결제 카테고리,,UC403,2330,LOCA 365 카드,롯데카드,고정비,통신·구독,,9900,신용카드,,500000,,,https://www.card-gorilla.com/card/detail/2330,210300,276300,N,UC403,2330.0,LOCA 365 카드,롯데카드,고정비,통신·구독,,신용카드,,500000.0,,210300.0,276300.0,N,BENEFIT_RECEIVED,BENEFIT_APPLIED,800,800,0,,1500원,,,,SYNTHETIC_RULE_MATCHING_V1,2330-08,간편결제 맞춤 혜택,간편결제,45,할인,원,1500.0,,,,,,,PICKA 표준 혜택 카테고리 '간편결제' 시연 데이터,https://www.card-gorilla.com/card/detail/2330,DISCOUNT_APPLIED,"LOCA 365 카드 | [생활업종]넷플릭스, 유튜브, 왓챠, 멜론, 지니뮤직, 디즈니 플러스 1,500원 할인",800.0,KRW
ONE_TRANSACTION_PER_ROW,persona4,정은주,persona4@picka.app,45,1982-10-16,010-0756-9643,L.POINT|신세계포인트|CJ ONE|해피포인트|T 멤버십|교보문고 회원,ADULT,,여성,전업주부,서울 양천구,False,서울특별시,양천구,2,2026-07-24,"[{""order"":1,""label"":""첫째"",""birth_date"":""2009-11-18"",""exact_age"":""만 16세 8개월 6일"",""school_stage"":""고등학생""},{""order"":2,""label"":""둘째"",""birth_date"":""2013-03-07"",""exact_age"":""만 13세 4개월 17일"",""school_stage"":""중학생""}]",첫째,2009-11-18,만 16세 8개월 6일,고등학생,둘째,2013-03-07,만 13세 4개월 17일,중학생,"자녀 2명(중/고등학생), 교육비와 생활비 관리 중심",4500000,2026-05~2026-07,"학원비 자동이체 할인, 대형마트·쿠팡·컬리 적립, 병원·약국 할인, 통신비 캐시백 카드",False,False,False,False,False,False,HOMEMAKER,LGU+,CAR,False,True,NONE,LOTTE,True,True,2,ELEMENTARY_SCHOOL | MIDDLE_SCHOOL,VERIFIED,"45세 전업주부·초등학생 및 중학생 자녀 양육 가구. LGU+·자가용·하이패스·롯데 계열 이용자이며, 경차·임신출산·복지·K-패스·항공사 제휴 자격은 해당하지 않음.",6,UC401 | UC402 | UC403 | UC404 | UC405 | UC406,KB YOU Prime 카드 | I’m GREAT | LOCA 365 카드 | 삼성 iD EDU 카드 | 신한카드 Mr.Life | DA@카드의정석,KB YOU Prime 카드:대형마트·카페·가족생활 | I’m GREAT:병원·약국·보험 | LOCA 365 카드:통신·구독 | 삼성 iD EDU 카드:학원비·교재·교육 | 신한카드 Mr.Life:온라인장보기·쇼핑·외식 | DA@카드의정석:혜택 공백 일반결제,persona4-027,persona4-027,2026-06,2026-06-19T12:40:00,CU,편의점,편의점,CONVENIENCE,9600,100,9500,신용카드,CARD,APPROVED,CU 결제 · 편의점 카테고리,,UC402,214,I’m GREAT,롯데카드,의료·보험,병원·약국·보험,,8899,신용카드,,500000,5000.0,,https://www.card-gorilla.com/card/detail/214,538400,675100,Y,UC402,214.0,I’m GREAT,롯데카드,의료·보험,병원·약국·보험,,신용카드,,500000.0,5000.0,538400.0,675100.0,Y,BENEFIT_RECEIVED,BENEFIT_APPLIED,100,100,0,,10%,5000.0,,,SYNTHETIC_RULE_MATCHING_V1,214-03,편의점 맞춤 혜택,편의점,21,할인,%,10.0,,,5000.0,,,,PICKA 표준 혜택 카테고리 '편의점' 시연 데이터,https://www.card-gorilla.com/card/detail/214,DISCOUNT_APPLIED,"I’m GREAT | 일상생활비 - 의료, 교통, 편의점 5~10% 결제일 할인",100.0,KRW
ONE_TRANSACTION_PER_ROW,persona4,정은주,persona4@picka.app,45,1982-10-16,010-0756-9643,L.POINT|신세계포인트|CJ ONE|해피포인트|T 멤버십|교보문고 회원,ADULT,,여성,전업주부,서울 양천구,False,서울특별시,양천구,2,2026-07-24,"[{""order"":1,""label"":""첫째"",""birth_date"":""2009-11-18"",""exact_age"":""만 16세 8개월 6일"",""school_stage"":""고등학생""},{""order"":2,""label"":""둘째"",""birth_date"":""2013-03-07"",""exact_age"":""만 13세 4개월 17일"",""school_stage"":""중학생""}]",첫째,2009-11-18,만 16세 8개월 6일,고등학생,둘째,2013-03-07,만 13세 4개월 17일,중학생,"자녀 2명(중/고등학생), 교육비와 생활비 관리 중심",4500000,2026-05~2026-07,"학원비 자동이체 할인, 대형마트·쿠팡·컬리 적립, 병원·약국 할인, 통신비 캐시백 카드",False,False,False,False,False,False,HOMEMAKER,LGU+,CAR,False,True,NONE,LOTTE,True,True,2,ELEMENTARY_SCHOOL | MIDDLE_SCHOOL,VERIFIED,"45세 전업주부·초등학생 및 중학생 자녀 양육 가구. LGU+·자가용·하이패스·롯데 계열 이용자이며, 경차·임신출산·복지·K-패스·항공사 제휴 자격은 해당하지 않음.",6,UC401 | UC402 | UC403 | UC404 | UC405 | UC406,KB YOU Prime 카드 | I’m GREAT | LOCA 365 카드 | 삼성 iD EDU 카드 | 신한카드 Mr.Life | DA@카드의정석,KB YOU Prime 카드:대형마트·카페·가족생활 | I’m GREAT:병원·약국·보험 | LOCA 365 카드:통신·구독 | 삼성 iD EDU 카드:학원비·교재·교육 | 신한카드 Mr.Life:온라인장보기·쇼핑·외식 | DA@카드의정석:혜택 공백 일반결제,persona4-028,persona4-028,2026-06,2026-06-19T21:55:00,김밥전문점,외식,음식점,FOOD_DINING,53600,3400,50200,신용카드,CARD,APPROVED,김밥전문점 결제 · 푸드/외식 카테고리,,UC405,13,신한카드 Mr.Life,신한카드,온라인 생활비,온라인장보기·쇼핑·외식,,1055,신용카드,,300000,54000.0,,https://www.card-gorilla.com/card/detail/13,980600,580700,Y,UC405,13.0,신한카드 Mr.Life,신한카드,온라인 생활비,온라인장보기·쇼핑·외식,,신용카드,,300000.0,54000.0,980600.0,580700.0,Y,BENEFIT_RECEIVED,BENEFIT_APPLIED,3400,3400,0,,20%,54000.0,,,SYNTHETIC_RULE_MATCHING_V1,13-10,푸드/외식 맞춤 혜택,푸드/외식,57,할인,%,20.0,300000.0,,,,,,PICKA 표준 혜택 카테고리 '푸드/외식' 시연 데이터,https://www.card-gorilla.com/card/detail/13,DISCOUNT_APPLIED,신한카드 Mr.Life | 인테이크몰 20% 할인 (전월실적 30만원 이상),3400.0,KRW
ONE_TRANSACTION_PER_ROW,persona4,정은주,persona4@picka.app,45,1982-10-16,010-0756-9643,L.POINT|신세계포인트|CJ ONE|해피포인트|T 멤버십|교보문고 회원,ADULT,,여성,전업주부,서울 양천구,False,서울특별시,양천구,2,2026-07-24,"[{""order"":1,""label"":""첫째"",""birth_date"":""2009-11-18"",""exact_age"":""만 16세 8개월 6일"",""school_stage"":""고등학생""},{""order"":2,""label"":""둘째"",""birth_date"":""2013-03-07"",""exact_age"":""만 13세 4개월 17일"",""school_stage"":""중학생""}]",첫째,2009-11-18,만 16세 8개월 6일,고등학생,둘째,2013-03-07,만 13세 4개월 17일,중학생,"자녀 2명(중/고등학생), 교육비와 생활비 관리 중심",4500000,2026-05~2026-07,"학원비 자동이체 할인, 대형마트·쿠팡·컬리 적립, 병원·약국 할인, 통신비 캐시백 카드",False,False,False,False,False,False,HOMEMAKER,LGU+,CAR,False,True,NONE,LOTTE,True,True,2,ELEMENTARY_SCHOOL | MIDDLE_SCHOOL,VERIFIED,"45세 전업주부·초등학생 및 중학생 자녀 양육 가구. LGU+·자가용·하이패스·롯데 계열 이용자이며, 경차·임신출산·복지·K-패스·항공사 제휴 자격은 해당하지 않음.",6,UC401 | UC402 | UC403 | UC404 | UC405 | UC406,KB YOU Prime 카드 | I’m GREAT | LOCA 365 카드 | 삼성 iD EDU 카드 | 신한카드 Mr.Life | DA@카드의정석,KB YOU Prime 카드:대형마트·카페·가족생활 | I’m GREAT:병원·약국·보험 | LOCA 365 카드:통신·구독 | 삼성 iD EDU 카드:학원비·교재·교육 | 신한카드 Mr.Life:온라인장보기·쇼핑·외식 | DA@카드의정석:혜택 공백 일반결제,persona4-029,persona4-029,2026-06,2026-06-20T14:20:00,아파트아이 관리비,공과금,생활요금,UTILITIES,94400,0,94400,신용카드,CARD,APPROVED,아파트아이 관리비 결제 · 공과금/생활요금 카테고리,,UC401,2930,KB YOU Prime 카드,KB국민카드,가계 주사용,대형마트·카페·가족생활,가족팩,7788,신용카드,,400000,1200000.0,,https://www.card-gorilla.com/card/detail/2930,1306600,958800,Y,UC405,13.0,신한카드 Mr.Life,신한카드,온라인 생활비,온라인장보기·쇼핑·외식,,신용카드,,300000.0,54000.0,980600.0,580700.0,Y,WRONG_CARD_BEFORE_PICKA,BEFORE_PICKA,0,1300,1300,픽카 이용 전 다른 카드를 사용하여 받을 수 있었던 혜택을 놓침,20%,54000.0,,,SYNTHETIC_RULE_MATCHING_V1,13-10,공과금/생활요금 맞춤 혜택,공과금/생활요금,3,할인,%,20.0,300000.0,,,,,,PICKA 표준 혜택 카테고리 '공과금/생활요금' 시연 데이터,https://www.card-gorilla.com/card/detail/13,MISSED_WRONG_CARD,신한카드 Mr.Life | 인테이크몰 20% 할인 (전월실적 30만원 이상),1300.0,KRW
ONE_TRANSACTION_PER_ROW,persona4,정은주,persona4@picka.app,45,1982-10-16,010-0756-9643,L.POINT|신세계포인트|CJ ONE|해피포인트|T 멤버십|교보문고 회원,ADULT,,여성,전업주부,서울 양천구,False,서울특별시,양천구,2,2026-07-24,"[{""order"":1,""label"":""첫째"",""birth_date"":""2009-11-18"",""exact_age"":""만 16세 8개월 6일"",""school_stage"":""고등학생""},{""order"":2,""label"":""둘째"",""birth_date"":""2013-03-07"",""exact_age"":""만 13세 4개월 17일"",""school_stage"":""중학생""}]",첫째,2009-11-18,만 16세 8개월 6일,고등학생,둘째,2013-03-07,만 13세 4개월 17일,중학생,"자녀 2명(중/고등학생), 교육비와 생활비 관리 중심",4500000,2026-05~2026-07,"학원비 자동이체 할인, 대형마트·쿠팡·컬리 적립, 병원·약국 할인, 통신비 캐시백 카드",False,False,False,False,False,False,HOMEMAKER,LGU+,CAR,False,True,NONE,LOTTE,True,True,2,ELEMENTARY_SCHOOL | MIDDLE_SCHOOL,VERIFIED,"45세 전업주부·초등학생 및 중학생 자녀 양육 가구. LGU+·자가용·하이패스·롯데 계열 이용자이며, 경차·임신출산·복지·K-패스·항공사 제휴 자격은 해당하지 않음.",6,UC401 | UC402 | UC403 | UC404 | UC405 | UC406,KB YOU Prime 카드 | I’m GREAT | LOCA 365 카드 | 삼성 iD EDU 카드 | 신한카드 Mr.Life | DA@카드의정석,KB YOU Prime 카드:대형마트·카페·가족생활 | I’m GREAT:병원·약국·보험 | LOCA 365 카드:통신·구독 | 삼성 iD EDU 카드:학원비·교재·교육 | 신한카드 Mr.Life:온라인장보기·쇼핑·외식 | DA@카드의정석:혜택 공백 일반결제,persona4-030,persona4-030,2026-06,2026-06-20T18:00:00,무인양품,생활,생활용품,LIVING,34600,0,34600,신용카드,CARD,APPROVED,무인양품 결제 · 생활 카테고리,,UC406,87,DA@카드의정석,우리카드,보조 카드,혜택 공백 일반결제,,1066,신용카드,,0,,,https://www.card-gorilla.com/card/detail/87,363200,464000,Y,UC402,214.0,I’m GREAT,롯데카드,의료·보험,병원·약국·보험,,신용카드,,500000.0,5000.0,538400.0,675100.0,Y,WRONG_CARD_BEFORE_PICKA,BEFORE_PICKA,0,500,500,픽카 이용 전 다른 카드를 사용하여 받을 수 있었던 혜택을 놓침,10%,5000.0,,,SYNTHETIC_RULE_MATCHING_V1,214-03,생활 맞춤 혜택,생활,22,할인,%,10.0,,,5000.0,,,,PICKA 표준 혜택 카테고리 '생활' 시연 데이터,https://www.card-gorilla.com/card/detail/214,MISSED_WRONG_CARD,"I’m GREAT | 일상생활비 - 의료, 교통, 편의점 5~10% 결제일 할인",500.0,KRW
ONE_TRANSACTION_PER_ROW,persona4,정은주,persona4@picka.app,45,1982-10-16,010-0756-9643,L.POINT|신세계포인트|CJ ONE|해피포인트|T 멤버십|교보문고 회원,ADULT,,여성,전업주부,서울 양천구,False,서울특별시,양천구,2,2026-07-24,"[{""order"":1,""label"":""첫째"",""birth_date"":""2009-11-18"",""exact_age"":""만 16세 8개월 6일"",""school_stage"":""고등학생""},{""order"":2,""label"":""둘째"",""birth_date"":""2013-03-07"",""exact_age"":""만 13세 4개월 17일"",""school_stage"":""중학생""}]",첫째,2009-11-18,만 16세 8개월 6일,고등학생,둘째,2013-03-07,만 13세 4개월 17일,중학생,"자녀 2명(중/고등학생), 교육비와 생활비 관리 중심",4500000,2026-05~2026-07,"학원비 자동이체 할인, 대형마트·쿠팡·컬리 적립, 병원·약국 할인, 통신비 캐시백 카드",False,False,False,False,False,False,HOMEMAKER,LGU+,CAR,False,True,NONE,LOTTE,True,True,2,ELEMENTARY_SCHOOL | MIDDLE_SCHOOL,VERIFIED,"45세 전업주부·초등학생 및 중학생 자녀 양육 가구. LGU+·자가용·하이패스·롯데 계열 이용자이며, 경차·임신출산·복지·K-패스·항공사 제휴 자격은 해당하지 않음.",6,UC401 | UC402 | UC403 | UC404 | UC405 | UC406,KB YOU Prime 카드 | I’m GREAT | LOCA 365 카드 | 삼성 iD EDU 카드 | 신한카드 Mr.Life | DA@카드의정석,KB YOU Prime 카드:대형마트·카페·가족생활 | I’m GREAT:병원·약국·보험 | LOCA 365 카드:통신·구독 | 삼성 iD EDU 카드:학원비·교재·교육 | 신한카드 Mr.Life:온라인장보기·쇼핑·외식 | DA@카드의정석:혜택 공백 일반결제,persona4-031,persona4-031,2026-06,2026-06-21T22:30:00,11번가,온라인쇼핑,온라인 종합몰,ONLINE_SHOPPING,89900,5700,84200,신용카드,CARD,APPROVED,11번가 결제 · 온라인쇼핑 카테고리,,UC406,87,DA@카드의정석,우리카드,보조 카드,혜택 공백 일반결제,,1066,신용카드,,0,,,https://www.card-gorilla.com/card/detail/87,363200,464000,Y,UC406,87.0,DA@카드의정석,우리카드,보조 카드,혜택 공백 일반결제,,신용카드,,0.0,,363200.0,464000.0,Y,BENEFIT_RECEIVED,BENEFIT_APPLIED,5700,5700,0,,1.3%,,,,SYNTHETIC_RULE_MATCHING_V1,87-01,온라인쇼핑 맞춤 혜택,온라인쇼핑,7,할인,%,1.3,,,,,,,PICKA 표준 혜택 카테고리 '온라인쇼핑' 시연 데이터,https://www.card-gorilla.com/card/detail/87,DISCOUNT_APPLIED,DA@카드의정석 | 국내외 가맹점 1.3%~0.8% 청구할인,5700.0,KRW
ONE_TRANSACTION_PER_ROW,persona4,정은주,persona4@picka.app,45,1982-10-16,010-0756-9643,L.POINT|신세계포인트|CJ ONE|해피포인트|T 멤버십|교보문고 회원,ADULT,,여성,전업주부,서울 양천구,False,서울특별시,양천구,2,2026-07-24,"[{""order"":1,""label"":""첫째"",""birth_date"":""2009-11-18"",""exact_age"":""만 16세 8개월 6일"",""school_stage"":""고등학생""},{""order"":2,""label"":""둘째"",""birth_date"":""2013-03-07"",""exact_age"":""만 13세 4개월 17일"",""school_stage"":""중학생""}]",첫째,2009-11-18,만 16세 8개월 6일,고등학생,둘째,2013-03-07,만 13세 4개월 17일,중학생,"자녀 2명(중/고등학생), 교육비와 생활비 관리 중심",4500000,2026-05~2026-07,"학원비 자동이체 할인, 대형마트·쿠팡·컬리 적립, 병원·약국 할인, 통신비 캐시백 카드",False,False,False,False,False,False,HOMEMAKER,LGU+,CAR,False,True,NONE,LOTTE,True,True,2,ELEMENTARY_SCHOOL | MIDDLE_SCHOOL,VERIFIED,"45세 전업주부·초등학생 및 중학생 자녀 양육 가구. LGU+·자가용·하이패스·롯데 계열 이용자이며, 경차·임신출산·복지·K-패스·항공사 제휴 자격은 해당하지 않음.",6,UC401 | UC402 | UC403 | UC404 | UC405 | UC406,KB YOU Prime 카드 | I’m GREAT | LOCA 365 카드 | 삼성 iD EDU 카드 | 신한카드 Mr.Life | DA@카드의정석,KB YOU Prime 카드:대형마트·카페·가족생활 | I’m GREAT:병원·약국·보험 | LOCA 365 카드:통신·구독 | 삼성 iD EDU 카드:학원비·교재·교육 | 신한카드 Mr.Life:온라인장보기·쇼핑·외식 | DA@카드의정석:혜택 공백 일반결제,persona4-032,persona4-032,2026-06,2026-06-22T23:00:00,이마트,마트/쇼핑,대형마트 및 쇼핑,MART_SHOPPING,70500,1000,69500,신용카드,CARD,APPROVED,이마트 결제 · 마트/쇼핑 카테고리,,UC405,13,신한카드 Mr.Life,신한카드,온라인 생활비,온라인장보기·쇼핑·외식,,1055,신용카드,,300000,54000.0,,https://www.card-gorilla.com/card/detail/13,980600,580700,Y,UC405,13.0,신한카드 Mr.Life,신한카드,온라인 생활비,온라인장보기·쇼핑·외식,,신용카드,,300000.0,54000.0,980600.0,580700.0,Y,BENEFIT_RECEIVED,BENEFIT_APPLIED,1000,1000,0,,20%,54000.0,,,SYNTHETIC_RULE_MATCHING_V1,13-10,마트/쇼핑 맞춤 혜택,마트/쇼핑,97,할인,%,20.0,300000.0,,,,,,PICKA 표준 혜택 카테고리 '마트/쇼핑' 시연 데이터,https://www.card-gorilla.com/card/detail/13,DISCOUNT_APPLIED,신한카드 Mr.Life | 인테이크몰 20% 할인 (전월실적 30만원 이상),1000.0,KRW
ONE_TRANSACTION_PER_ROW,persona4,정은주,persona4@picka.app,45,1982-10-16,010-0756-9643,L.POINT|신세계포인트|CJ ONE|해피포인트|T 멤버십|교보문고 회원,ADULT,,여성,전업주부,서울 양천구,False,서울특별시,양천구,2,2026-07-24,"[{""order"":1,""label"":""첫째"",""birth_date"":""2009-11-18"",""exact_age"":""만 16세 8개월 6일"",""school_stage"":""고등학생""},{""order"":2,""label"":""둘째"",""birth_date"":""2013-03-07"",""exact_age"":""만 13세 4개월 17일"",""school_stage"":""중학생""}]",첫째,2009-11-18,만 16세 8개월 6일,고등학생,둘째,2013-03-07,만 13세 4개월 17일,중학생,"자녀 2명(중/고등학생), 교육비와 생활비 관리 중심",4500000,2026-05~2026-07,"학원비 자동이체 할인, 대형마트·쿠팡·컬리 적립, 병원·약국 할인, 통신비 캐시백 카드",False,False,False,False,False,False,HOMEMAKER,LGU+,CAR,False,True,NONE,LOTTE,True,True,2,ELEMENTARY_SCHOOL | MIDDLE_SCHOOL,VERIFIED,"45세 전업주부·초등학생 및 중학생 자녀 양육 가구. LGU+·자가용·하이패스·롯데 계열 이용자이며, 경차·임신출산·복지·K-패스·항공사 제휴 자격은 해당하지 않음.",6,UC401 | UC402 | UC403 | UC404 | UC405 | UC406,KB YOU Prime 카드 | I’m GREAT | LOCA 365 카드 | 삼성 iD EDU 카드 | 신한카드 Mr.Life | DA@카드의정석,KB YOU Prime 카드:대형마트·카페·가족생활 | I’m GREAT:병원·약국·보험 | LOCA 365 카드:통신·구독 | 삼성 iD EDU 카드:학원비·교재·교육 | 신한카드 Mr.Life:온라인장보기·쇼핑·외식 | DA@카드의정석:혜택 공백 일반결제,persona4-033,persona4-033,2026-06,2026-06-23T15:15:00,교재비,교육/육아,교육 및 육아,EDUCATION_CHILDCARE,126800,0,126800,신용카드,CARD,APPROVED,교재비 결제 · 교육/육아 카테고리,,UC401,2930,KB YOU Prime 카드,KB국민카드,가계 주사용,대형마트·카페·가족생활,가족팩,7788,신용카드,,400000,1200000.0,,https://www.card-gorilla.com/card/detail/2930,1306600,958800,Y,UC405,13.0,신한카드 Mr.Life,신한카드,온라인 생활비,온라인장보기·쇼핑·외식,,신용카드,,300000.0,54000.0,980600.0,580700.0,Y,WRONG_CARD_BEFORE_PICKA,BEFORE_PICKA,0,1700,1700,픽카 이용 전 다른 카드를 사용하여 받을 수 있었던 혜택을 놓침,20%,54000.0,,,SYNTHETIC_RULE_MATCHING_V1,13-10,교육/육아 맞춤 혜택,교육/육아,14,할인,%,20.0,300000.0,,,,,,PICKA 표준 혜택 카테고리 '교육/육아' 시연 데이터,https://www.card-gorilla.com/card/detail/13,MISSED_WRONG_CARD,신한카드 Mr.Life | 인테이크몰 20% 할인 (전월실적 30만원 이상),1700.0,KRW
ONE_TRANSACTION_PER_ROW,persona4,정은주,persona4@picka.app,45,1982-10-16,010-0756-9643,L.POINT|신세계포인트|CJ ONE|해피포인트|T 멤버십|교보문고 회원,ADULT,,여성,전업주부,서울 양천구,False,서울특별시,양천구,2,2026-07-24,"[{""order"":1,""label"":""첫째"",""birth_date"":""2009-11-18"",""exact_age"":""만 16세 8개월 6일"",""school_stage"":""고등학생""},{""order"":2,""label"":""둘째"",""birth_date"":""2013-03-07"",""exact_age"":""만 13세 4개월 17일"",""school_stage"":""중학생""}]",첫째,2009-11-18,만 16세 8개월 6일,고등학생,둘째,2013-03-07,만 13세 4개월 17일,중학생,"자녀 2명(중/고등학생), 교육비와 생활비 관리 중심",4500000,2026-05~2026-07,"학원비 자동이체 할인, 대형마트·쿠팡·컬리 적립, 병원·약국 할인, 통신비 캐시백 카드",False,False,False,False,False,False,HOMEMAKER,LGU+,CAR,False,True,NONE,LOTTE,True,True,2,ELEMENTARY_SCHOOL | MIDDLE_SCHOOL,VERIFIED,"45세 전업주부·초등학생 및 중학생 자녀 양육 가구. LGU+·자가용·하이패스·롯데 계열 이용자이며, 경차·임신출산·복지·K-패스·항공사 제휴 자격은 해당하지 않음.",6,UC401 | UC402 | UC403 | UC404 | UC405 | UC406,KB YOU Prime 카드 | I’m GREAT | LOCA 365 카드 | 삼성 iD EDU 카드 | 신한카드 Mr.Life | DA@카드의정석,KB YOU Prime 카드:대형마트·카페·가족생활 | I’m GREAT:병원·약국·보험 | LOCA 365 카드:통신·구독 | 삼성 iD EDU 카드:학원비·교재·교육 | 신한카드 Mr.Life:온라인장보기·쇼핑·외식 | DA@카드의정석:혜택 공백 일반결제,persona4-034,persona4-034,2026-06,2026-06-24T09:50:00,온누리약국,의료,병원 및 약국,MEDICAL,100700,0,100700,신용카드,CARD,APPROVED,온누리약국 결제 · 병원/약국 카테고리,,UC402,214,I’m GREAT,롯데카드,의료·보험,병원·약국·보험,,8899,신용카드,,500000,5000.0,,https://www.card-gorilla.com/card/detail/214,538400,675100,Y,UC405,13.0,신한카드 Mr.Life,신한카드,온라인 생활비,온라인장보기·쇼핑·외식,,신용카드,,300000.0,54000.0,980600.0,580700.0,Y,WRONG_CARD_BEFORE_PICKA,BEFORE_PICKA,0,1400,1400,픽카 이용 전 다른 카드를 사용하여 받을 수 있었던 혜택을 놓침,10%,5000.0,,,SYNTHETIC_RULE_MATCHING_V1,13-03,병원/약국 맞춤 혜택,병원/약국,12,할인,%,10.0,300000.0,,1000.0,5000.0,,,PICKA 표준 혜택 카테고리 '병원/약국' 시연 데이터,https://www.card-gorilla.com/card/detail/13,MISSED_WRONG_CARD,신한카드 Mr.Life | 병원/약국업종 10% 할인 (전월실적 30만원 이상),1400.0,KRW
ONE_TRANSACTION_PER_ROW,persona4,정은주,persona4@picka.app,45,1982-10-16,010-0756-9643,L.POINT|신세계포인트|CJ ONE|해피포인트|T 멤버십|교보문고 회원,ADULT,,여성,전업주부,서울 양천구,False,서울특별시,양천구,2,2026-07-24,"[{""order"":1,""label"":""첫째"",""birth_date"":""2009-11-18"",""exact_age"":""만 16세 8개월 6일"",""school_stage"":""고등학생""},{""order"":2,""label"":""둘째"",""birth_date"":""2013-03-07"",""exact_age"":""만 13세 4개월 17일"",""school_stage"":""중학생""}]",첫째,2009-11-18,만 16세 8개월 6일,고등학생,둘째,2013-03-07,만 13세 4개월 17일,중학생,"자녀 2명(중/고등학생), 교육비와 생활비 관리 중심",4500000,2026-05~2026-07,"학원비 자동이체 할인, 대형마트·쿠팡·컬리 적립, 병원·약국 할인, 통신비 캐시백 카드",False,False,False,False,False,False,HOMEMAKER,LGU+,CAR,False,True,NONE,LOTTE,True,True,2,ELEMENTARY_SCHOOL | MIDDLE_SCHOOL,VERIFIED,"45세 전업주부·초등학생 및 중학생 자녀 양육 가구. LGU+·자가용·하이패스·롯데 계열 이용자이며, 경차·임신출산·복지·K-패스·항공사 제휴 자격은 해당하지 않음.",6,UC401 | UC402 | UC403 | UC404 | UC405 | UC406,KB YOU Prime 카드 | I’m GREAT | LOCA 365 카드 | 삼성 iD EDU 카드 | 신한카드 Mr.Life | DA@카드의정석,KB YOU Prime 카드:대형마트·카페·가족생활 | I’m GREAT:병원·약국·보험 | LOCA 365 카드:통신·구독 | 삼성 iD EDU 카드:학원비·교재·교육 | 신한카드 Mr.Life:온라인장보기·쇼핑·외식 | DA@카드의정석:혜택 공백 일반결제,persona4-035,persona4-035,2026-06,2026-06-25T00:10:00,롯데백화점,쇼핑,백화점,DEPARTMENT_STORE,264400,16600,247800,신용카드,CARD,APPROVED,롯데백화점 결제 · 백화점 카테고리,,UC403,2330,LOCA 365 카드,롯데카드,고정비,통신·구독,,9900,신용카드,,500000,,,https://www.card-gorilla.com/card/detail/2330,210300,276300,N,UC403,2330.0,LOCA 365 카드,롯데카드,고정비,통신·구독,,신용카드,,500000.0,,210300.0,276300.0,N,BENEFIT_RECEIVED,BENEFIT_APPLIED,16600,16600,0,,10%,,,,SYNTHETIC_RULE_MATCHING_V1,2330-01,백화점 맞춤 혜택,백화점,3,할인,%,10.0,,20000.0,,,,,PICKA 표준 혜택 카테고리 '백화점' 시연 데이터,https://www.card-gorilla.com/card/detail/2330,DISCOUNT_APPLIED,LOCA 365 카드 | [생활업종]아파트관리비 10% 할인,16600.0,KRW
ONE_TRANSACTION_PER_ROW,persona4,정은주,persona4@picka.app,45,1982-10-16,010-0756-9643,L.POINT|신세계포인트|CJ ONE|해피포인트|T 멤버십|교보문고 회원,ADULT,,여성,전업주부,서울 양천구,False,서울특별시,양천구,2,2026-07-24,"[{""order"":1,""label"":""첫째"",""birth_date"":""2009-11-18"",""exact_age"":""만 16세 8개월 6일"",""school_stage"":""고등학생""},{""order"":2,""label"":""둘째"",""birth_date"":""2013-03-07"",""exact_age"":""만 13세 4개월 17일"",""school_stage"":""중학생""}]",첫째,2009-11-18,만 16세 8개월 6일,고등학생,둘째,2013-03-07,만 13세 4개월 17일,중학생,"자녀 2명(중/고등학생), 교육비와 생활비 관리 중심",4500000,2026-05~2026-07,"학원비 자동이체 할인, 대형마트·쿠팡·컬리 적립, 병원·약국 할인, 통신비 캐시백 카드",False,False,False,False,False,False,HOMEMAKER,LGU+,CAR,False,True,NONE,LOTTE,True,True,2,ELEMENTARY_SCHOOL | MIDDLE_SCHOOL,VERIFIED,"45세 전업주부·초등학생 및 중학생 자녀 양육 가구. LGU+·자가용·하이패스·롯데 계열 이용자이며, 경차·임신출산·복지·K-패스·항공사 제휴 자격은 해당하지 않음.",6,UC401 | UC402 | UC403 | UC404 | UC405 | UC406,KB YOU Prime 카드 | I’m GREAT | LOCA 365 카드 | 삼성 iD EDU 카드 | 신한카드 Mr.Life | DA@카드의정석,KB YOU Prime 카드:대형마트·카페·가족생활 | I’m GREAT:병원·약국·보험 | LOCA 365 카드:통신·구독 | 삼성 iD EDU 카드:학원비·교재·교육 | 신한카드 Mr.Life:온라인장보기·쇼핑·외식 | DA@카드의정석:혜택 공백 일반결제,persona4-036,persona4-036,2026-06,2026-06-26T11:10:00,캐시백 대상 일반가맹점,캐시백,일반 캐시백,CASHBACK,14600,200,14400,신용카드,CARD,APPROVED,캐시백 대상 일반가맹점 결제 · 캐시백 카테고리,,UC402,214,I’m GREAT,롯데카드,의료·보험,병원·약국·보험,,8899,신용카드,,500000,5000.0,,https://www.card-gorilla.com/card/detail/214,538400,675100,Y,UC402,214.0,I’m GREAT,롯데카드,의료·보험,병원·약국·보험,,신용카드,,500000.0,5000.0,538400.0,675100.0,Y,BENEFIT_RECEIVED,BENEFIT_APPLIED,200,200,0,,10%,5000.0,,,SYNTHETIC_RULE_MATCHING_V1,214-03,캐시백 맞춤 혜택,캐시백,7,할인,%,10.0,,,5000.0,,,,PICKA 표준 혜택 카테고리 '캐시백' 시연 데이터,https://www.card-gorilla.com/card/detail/214,DISCOUNT_APPLIED,"I’m GREAT | 일상생활비 - 의료, 교통, 편의점 5~10% 결제일 할인",200.0,KRW
ONE_TRANSACTION_PER_ROW,persona4,정은주,persona4@picka.app,45,1982-10-16,010-0756-9643,L.POINT|신세계포인트|CJ ONE|해피포인트|T 멤버십|교보문고 회원,ADULT,,여성,전업주부,서울 양천구,False,서울특별시,양천구,2,2026-07-24,"[{""order"":1,""label"":""첫째"",""birth_date"":""2009-11-18"",""exact_age"":""만 16세 8개월 6일"",""school_stage"":""고등학생""},{""order"":2,""label"":""둘째"",""birth_date"":""2013-03-07"",""exact_age"":""만 13세 4개월 17일"",""school_stage"":""중학생""}]",첫째,2009-11-18,만 16세 8개월 6일,고등학생,둘째,2013-03-07,만 13세 4개월 17일,중학생,"자녀 2명(중/고등학생), 교육비와 생활비 관리 중심",4500000,2026-05~2026-07,"학원비 자동이체 할인, 대형마트·쿠팡·컬리 적립, 병원·약국 할인, 통신비 캐시백 카드",False,False,False,False,False,False,HOMEMAKER,LGU+,CAR,False,True,NONE,LOTTE,True,True,2,ELEMENTARY_SCHOOL | MIDDLE_SCHOOL,VERIFIED,"45세 전업주부·초등학생 및 중학생 자녀 양육 가구. LGU+·자가용·하이패스·롯데 계열 이용자이며, 경차·임신출산·복지·K-패스·항공사 제휴 자격은 해당하지 않음.",6,UC401 | UC402 | UC403 | UC404 | UC405 | UC406,KB YOU Prime 카드 | I’m GREAT | LOCA 365 카드 | 삼성 iD EDU 카드 | 신한카드 Mr.Life | DA@카드의정석,KB YOU Prime 카드:대형마트·카페·가족생활 | I’m GREAT:병원·약국·보험 | LOCA 365 카드:통신·구독 | 삼성 iD EDU 카드:학원비·교재·교육 | 신한카드 Mr.Life:온라인장보기·쇼핑·외식 | DA@카드의정석:혜택 공백 일반결제,persona4-037,persona4-037,2026-06,2026-06-26T23:40:00,세탁특공대,생활,생활용품,LIVING,53300,700,52600,신용카드,CARD,APPROVED,세탁특공대 결제 · 생활 카테고리,,UC405,13,신한카드 Mr.Life,신한카드,온라인 생활비,온라인장보기·쇼핑·외식,,1055,신용카드,,300000,54000.0,,https://www.card-gorilla.com/card/detail/13,980600,580700,Y,UC405,13.0,신한카드 Mr.Life,신한카드,온라인 생활비,온라인장보기·쇼핑·외식,,신용카드,,300000.0,54000.0,980600.0,580700.0,Y,BENEFIT_RECEIVED,BENEFIT_APPLIED,700,700,0,,20%,54000.0,,,SYNTHETIC_RULE_MATCHING_V1,13-10,생활 맞춤 혜택,생활,22,할인,%,20.0,300000.0,,,,,,PICKA 표준 혜택 카테고리 '생활' 시연 데이터,https://www.card-gorilla.com/card/detail/13,DISCOUNT_APPLIED,신한카드 Mr.Life | 인테이크몰 20% 할인 (전월실적 30만원 이상),700.0,KRW
ONE_TRANSACTION_PER_ROW,persona4,정은주,persona4@picka.app,45,1982-10-16,010-0756-9643,L.POINT|신세계포인트|CJ ONE|해피포인트|T 멤버십|교보문고 회원,ADULT,,여성,전업주부,서울 양천구,False,서울특별시,양천구,2,2026-07-24,"[{""order"":1,""label"":""첫째"",""birth_date"":""2009-11-18"",""exact_age"":""만 16세 8개월 6일"",""school_stage"":""고등학생""},{""order"":2,""label"":""둘째"",""birth_date"":""2013-03-07"",""exact_age"":""만 13세 4개월 17일"",""school_stage"":""중학생""}]",첫째,2009-11-18,만 16세 8개월 6일,고등학생,둘째,2013-03-07,만 13세 4개월 17일,중학생,"자녀 2명(중/고등학생), 교육비와 생활비 관리 중심",4500000,2026-05~2026-07,"학원비 자동이체 할인, 대형마트·쿠팡·컬리 적립, 병원·약국 할인, 통신비 캐시백 카드",False,False,False,False,False,False,HOMEMAKER,LGU+,CAR,False,True,NONE,LOTTE,True,True,2,ELEMENTARY_SCHOOL | MIDDLE_SCHOOL,VERIFIED,"45세 전업주부·초등학생 및 중학생 자녀 양육 가구. LGU+·자가용·하이패스·롯데 계열 이용자이며, 경차·임신출산·복지·K-패스·항공사 제휴 자격은 해당하지 않음.",6,UC401 | UC402 | UC403 | UC404 | UC405 | UC406,KB YOU Prime 카드 | I’m GREAT | LOCA 365 카드 | 삼성 iD EDU 카드 | 신한카드 Mr.Life | DA@카드의정석,KB YOU Prime 카드:대형마트·카페·가족생활 | I’m GREAT:병원·약국·보험 | LOCA 365 카드:통신·구독 | 삼성 iD EDU 카드:학원비·교재·교육 | 신한카드 Mr.Life:온라인장보기·쇼핑·외식 | DA@카드의정석:혜택 공백 일반결제,persona4-038,persona4-038,2026-06,2026-06-27T14:40:00,홈플러스,마트/쇼핑,대형마트 및 쇼핑,MART_SHOPPING,97400,0,97400,신용카드,CARD,APPROVED,홈플러스 결제 · 마트/쇼핑 카테고리,,UC401,2930,KB YOU Prime 카드,KB국민카드,가계 주사용,대형마트·카페·가족생활,가족팩,7788,신용카드,,400000,1200000.0,,https://www.card-gorilla.com/card/detail/2930,1306600,958800,Y,UC405,13.0,신한카드 Mr.Life,신한카드,온라인 생활비,온라인장보기·쇼핑·외식,,신용카드,,300000.0,54000.0,980600.0,580700.0,Y,WRONG_CARD_BEFORE_PICKA,BEFORE_PICKA,0,1300,1300,픽카 이용 전 다른 카드를 사용하여 받을 수 있었던 혜택을 놓침,20%,54000.0,,,SYNTHETIC_RULE_MATCHING_V1,13-10,마트/쇼핑 맞춤 혜택,마트/쇼핑,97,할인,%,20.0,300000.0,,,,,,PICKA 표준 혜택 카테고리 '마트/쇼핑' 시연 데이터,https://www.card-gorilla.com/card/detail/13,MISSED_WRONG_CARD,신한카드 Mr.Life | 인테이크몰 20% 할인 (전월실적 30만원 이상),1300.0,KRW
ONE_TRANSACTION_PER_ROW,persona4,정은주,persona4@picka.app,45,1982-10-16,010-0756-9643,L.POINT|신세계포인트|CJ ONE|해피포인트|T 멤버십|교보문고 회원,ADULT,,여성,전업주부,서울 양천구,False,서울특별시,양천구,2,2026-07-24,"[{""order"":1,""label"":""첫째"",""birth_date"":""2009-11-18"",""exact_age"":""만 16세 8개월 6일"",""school_stage"":""고등학생""},{""order"":2,""label"":""둘째"",""birth_date"":""2013-03-07"",""exact_age"":""만 13세 4개월 17일"",""school_stage"":""중학생""}]",첫째,2009-11-18,만 16세 8개월 6일,고등학생,둘째,2013-03-07,만 13세 4개월 17일,중학생,"자녀 2명(중/고등학생), 교육비와 생활비 관리 중심",4500000,2026-05~2026-07,"학원비 자동이체 할인, 대형마트·쿠팡·컬리 적립, 병원·약국 할인, 통신비 캐시백 카드",False,False,False,False,False,False,HOMEMAKER,LGU+,CAR,False,True,NONE,LOTTE,True,True,2,ELEMENTARY_SCHOOL | MIDDLE_SCHOOL,VERIFIED,"45세 전업주부·초등학생 및 중학생 자녀 양육 가구. LGU+·자가용·하이패스·롯데 계열 이용자이며, 경차·임신출산·복지·K-패스·항공사 제휴 자격은 해당하지 않음.",6,UC401 | UC402 | UC403 | UC404 | UC405 | UC406,KB YOU Prime 카드 | I’m GREAT | LOCA 365 카드 | 삼성 iD EDU 카드 | 신한카드 Mr.Life | DA@카드의정석,KB YOU Prime 카드:대형마트·카페·가족생활 | I’m GREAT:병원·약국·보험 | LOCA 365 카드:통신·구독 | 삼성 iD EDU 카드:학원비·교재·교육 | 신한카드 Mr.Life:온라인장보기·쇼핑·외식 | DA@카드의정석:혜택 공백 일반결제,persona4-039,persona4-039,2026-06,2026-06-28T12:30:00,생활용품점,생활,생활용품,LIVING,48200,0,48200,신용카드,CARD,APPROVED,생활용품점 결제 · 생활 카테고리,,UC406,87,DA@카드의정석,우리카드,보조 카드,혜택 공백 일반결제,,1066,신용카드,,0,,,https://www.card-gorilla.com/card/detail/87,363200,464000,Y,UC402,214.0,I’m GREAT,롯데카드,의료·보험,병원·약국·보험,,신용카드,,500000.0,5000.0,538400.0,675100.0,Y,WRONG_CARD_BEFORE_PICKA,BEFORE_PICKA,0,700,700,픽카 이용 전 다른 카드를 사용하여 받을 수 있었던 혜택을 놓침,10%,5000.0,,,SYNTHETIC_RULE_MATCHING_V1,214-03,생활 맞춤 혜택,생활,22,할인,%,10.0,,,5000.0,,,,PICKA 표준 혜택 카테고리 '생활' 시연 데이터,https://www.card-gorilla.com/card/detail/214,MISSED_WRONG_CARD,"I’m GREAT | 일상생활비 - 의료, 교통, 편의점 5~10% 결제일 할인",700.0,KRW
ONE_TRANSACTION_PER_ROW,persona4,정은주,persona4@picka.app,45,1982-10-16,010-0756-9643,L.POINT|신세계포인트|CJ ONE|해피포인트|T 멤버십|교보문고 회원,ADULT,,여성,전업주부,서울 양천구,False,서울특별시,양천구,2,2026-07-24,"[{""order"":1,""label"":""첫째"",""birth_date"":""2009-11-18"",""exact_age"":""만 16세 8개월 6일"",""school_stage"":""고등학생""},{""order"":2,""label"":""둘째"",""birth_date"":""2013-03-07"",""exact_age"":""만 13세 4개월 17일"",""school_stage"":""중학생""}]",첫째,2009-11-18,만 16세 8개월 6일,고등학생,둘째,2013-03-07,만 13세 4개월 17일,중학생,"자녀 2명(중/고등학생), 교육비와 생활비 관리 중심",4500000,2026-05~2026-07,"학원비 자동이체 할인, 대형마트·쿠팡·컬리 적립, 병원·약국 할인, 통신비 캐시백 카드",False,False,False,False,False,False,HOMEMAKER,LGU+,CAR,False,True,NONE,LOTTE,True,True,2,ELEMENTARY_SCHOOL | MIDDLE_SCHOOL,VERIFIED,"45세 전업주부·초등학생 및 중학생 자녀 양육 가구. LGU+·자가용·하이패스·롯데 계열 이용자이며, 경차·임신출산·복지·K-패스·항공사 제휴 자격은 해당하지 않음.",6,UC401 | UC402 | UC403 | UC404 | UC405 | UC406,KB YOU Prime 카드 | I’m GREAT | LOCA 365 카드 | 삼성 iD EDU 카드 | 신한카드 Mr.Life | DA@카드의정석,KB YOU Prime 카드:대형마트·카페·가족생활 | I’m GREAT:병원·약국·보험 | LOCA 365 카드:통신·구독 | 삼성 iD EDU 카드:학원비·교재·교육 | 신한카드 Mr.Life:온라인장보기·쇼핑·외식 | DA@카드의정석:혜택 공백 일반결제,persona4-040,persona4-040,2026-06,2026-06-29T22:10:00,이탈리안 레스토랑,외식,음식점,FOOD_DINING,45300,2900,42400,신용카드,CARD,APPROVED,이탈리안 레스토랑 결제 · 푸드/외식 카테고리,,UC405,13,신한카드 Mr.Life,신한카드,온라인 생활비,온라인장보기·쇼핑·외식,,1055,신용카드,,300000,54000.0,,https://www.card-gorilla.com/card/detail/13,980600,580700,Y,UC405,13.0,신한카드 Mr.Life,신한카드,온라인 생활비,온라인장보기·쇼핑·외식,,신용카드,,300000.0,54000.0,980600.0,580700.0,Y,BENEFIT_RECEIVED,BENEFIT_APPLIED,2900,2900,0,,20%,54000.0,,,SYNTHETIC_RULE_MATCHING_V1,13-10,푸드/외식 맞춤 혜택,푸드/외식,57,할인,%,20.0,300000.0,,,,,,PICKA 표준 혜택 카테고리 '푸드/외식' 시연 데이터,https://www.card-gorilla.com/card/detail/13,DISCOUNT_APPLIED,신한카드 Mr.Life | 인테이크몰 20% 할인 (전월실적 30만원 이상),2900.0,KRW
ONE_TRANSACTION_PER_ROW,persona4,정은주,persona4@picka.app,45,1982-10-16,010-0756-9643,L.POINT|신세계포인트|CJ ONE|해피포인트|T 멤버십|교보문고 회원,ADULT,,여성,전업주부,서울 양천구,False,서울특별시,양천구,2,2026-07-24,"[{""order"":1,""label"":""첫째"",""birth_date"":""2009-11-18"",""exact_age"":""만 16세 8개월 6일"",""school_stage"":""고등학생""},{""order"":2,""label"":""둘째"",""birth_date"":""2013-03-07"",""exact_age"":""만 13세 4개월 17일"",""school_stage"":""중학생""}]",첫째,2009-11-18,만 16세 8개월 6일,고등학생,둘째,2013-03-07,만 13세 4개월 17일,중학생,"자녀 2명(중/고등학생), 교육비와 생활비 관리 중심",4500000,2026-05~2026-07,"학원비 자동이체 할인, 대형마트·쿠팡·컬리 적립, 병원·약국 할인, 통신비 캐시백 카드",False,False,False,False,False,False,HOMEMAKER,LGU+,CAR,False,True,NONE,LOTTE,True,True,2,ELEMENTARY_SCHOOL | MIDDLE_SCHOOL,VERIFIED,"45세 전업주부·초등학생 및 중학생 자녀 양육 가구. LGU+·자가용·하이패스·롯데 계열 이용자이며, 경차·임신출산·복지·K-패스·항공사 제휴 자격은 해당하지 않음.",6,UC401 | UC402 | UC403 | UC404 | UC405 | UC406,KB YOU Prime 카드 | I’m GREAT | LOCA 365 카드 | 삼성 iD EDU 카드 | 신한카드 Mr.Life | DA@카드의정석,KB YOU Prime 카드:대형마트·카페·가족생활 | I’m GREAT:병원·약국·보험 | LOCA 365 카드:통신·구독 | 삼성 iD EDU 카드:학원비·교재·교육 | 신한카드 Mr.Life:온라인장보기·쇼핑·외식 | DA@카드의정석:혜택 공백 일반결제,persona4-041,persona4-041,2026-06,2026-06-30T10:05:00,롯데마트,마트/쇼핑,대형마트 및 쇼핑,MART_SHOPPING,110700,0,110700,신용카드,CARD,APPROVED,롯데마트 결제 · 마트/쇼핑 카테고리,,UC401,2930,KB YOU Prime 카드,KB국민카드,가계 주사용,대형마트·카페·가족생활,가족팩,7788,신용카드,,400000,1200000.0,,https://www.card-gorilla.com/card/detail/2930,1306600,958800,Y,UC405,13.0,신한카드 Mr.Life,신한카드,온라인 생활비,온라인장보기·쇼핑·외식,,신용카드,,300000.0,54000.0,980600.0,580700.0,Y,WRONG_CARD_BEFORE_PICKA,BEFORE_PICKA,0,1500,1500,픽카 이용 전 다른 카드를 사용하여 받을 수 있었던 혜택을 놓침,20%,54000.0,,,SYNTHETIC_RULE_MATCHING_V1,13-10,마트/쇼핑 맞춤 혜택,마트/쇼핑,97,할인,%,20.0,300000.0,,,,,,PICKA 표준 혜택 카테고리 '마트/쇼핑' 시연 데이터,https://www.card-gorilla.com/card/detail/13,MISSED_WRONG_CARD,신한카드 Mr.Life | 인테이크몰 20% 할인 (전월실적 30만원 이상),1500.0,KRW
ONE_TRANSACTION_PER_ROW,persona4,정은주,persona4@picka.app,45,1982-10-16,010-0756-9643,L.POINT|신세계포인트|CJ ONE|해피포인트|T 멤버십|교보문고 회원,ADULT,,여성,전업주부,서울 양천구,False,서울특별시,양천구,2,2026-07-24,"[{""order"":1,""label"":""첫째"",""birth_date"":""2009-11-18"",""exact_age"":""만 16세 8개월 6일"",""school_stage"":""고등학생""},{""order"":2,""label"":""둘째"",""birth_date"":""2013-03-07"",""exact_age"":""만 13세 4개월 17일"",""school_stage"":""중학생""}]",첫째,2009-11-18,만 16세 8개월 6일,고등학생,둘째,2013-03-07,만 13세 4개월 17일,중학생,"자녀 2명(중/고등학생), 교육비와 생활비 관리 중심",4500000,2026-05~2026-07,"학원비 자동이체 할인, 대형마트·쿠팡·컬리 적립, 병원·약국 할인, 통신비 캐시백 카드",False,False,False,False,False,False,HOMEMAKER,LGU+,CAR,False,True,NONE,LOTTE,True,True,2,ELEMENTARY_SCHOOL | MIDDLE_SCHOOL,VERIFIED,"45세 전업주부·초등학생 및 중학생 자녀 양육 가구. LGU+·자가용·하이패스·롯데 계열 이용자이며, 경차·임신출산·복지·K-패스·항공사 제휴 자격은 해당하지 않음.",6,UC401 | UC402 | UC403 | UC404 | UC405 | UC406,KB YOU Prime 카드 | I’m GREAT | LOCA 365 카드 | 삼성 iD EDU 카드 | 신한카드 Mr.Life | DA@카드의정석,KB YOU Prime 카드:대형마트·카페·가족생활 | I’m GREAT:병원·약국·보험 | LOCA 365 카드:통신·구독 | 삼성 iD EDU 카드:학원비·교재·교육 | 신한카드 Mr.Life:온라인장보기·쇼핑·외식 | DA@카드의정석:혜택 공백 일반결제,july26-persona4-0011,july26-persona4-0011,2026-07,2026-07-01T22:00:00,다이소,생활,생활용품,LIVING,93200,4900,88300,신용카드,CARD,APPROVED,다이소 결제 · 생활 카테고리,,UC406,87,DA@카드의정석,우리카드,보조 카드,혜택 공백 일반결제,,1066,신용카드,,0,,,https://www.card-gorilla.com/card/detail/87,464000,155900,Y,UC406,87.0,DA@카드의정석,우리카드,보조 카드,혜택 공백 일반결제,,신용카드,,0.0,,464000.0,155900.0,Y,BENEFIT_RECEIVED,BENEFIT_APPLIED,4900,4900,0,,1.3%,,,,SYNTHETIC_RULE_MATCHING_V1,87-01,생활 맞춤 혜택,생활,22,할인,%,1.3,,,,,,,PICKA 표준 혜택 카테고리 '생활' 시연 데이터,https://www.card-gorilla.com/card/detail/87,DISCOUNT_APPLIED,DA@카드의정석 | 국내외 가맹점 1.3%~0.8% 청구할인,4900.0,KRW
ONE_TRANSACTION_PER_ROW,persona4,정은주,persona4@picka.app,45,1982-10-16,010-0756-9643,L.POINT|신세계포인트|CJ ONE|해피포인트|T 멤버십|교보문고 회원,ADULT,,여성,전업주부,서울 양천구,False,서울특별시,양천구,2,2026-07-24,"[{""order"":1,""label"":""첫째"",""birth_date"":""2009-11-18"",""exact_age"":""만 16세 8개월 6일"",""school_stage"":""고등학생""},{""order"":2,""label"":""둘째"",""birth_date"":""2013-03-07"",""exact_age"":""만 13세 4개월 17일"",""school_stage"":""중학생""}]",첫째,2009-11-18,만 16세 8개월 6일,고등학생,둘째,2013-03-07,만 13세 4개월 17일,중학생,"자녀 2명(중/고등학생), 교육비와 생활비 관리 중심",4500000,2026-05~2026-07,"학원비 자동이체 할인, 대형마트·쿠팡·컬리 적립, 병원·약국 할인, 통신비 캐시백 카드",False,False,False,False,False,False,HOMEMAKER,LGU+,CAR,False,True,NONE,LOTTE,True,True,2,ELEMENTARY_SCHOOL | MIDDLE_SCHOOL,VERIFIED,"45세 전업주부·초등학생 및 중학생 자녀 양육 가구. LGU+·자가용·하이패스·롯데 계열 이용자이며, 경차·임신출산·복지·K-패스·항공사 제휴 자격은 해당하지 않음.",6,UC401 | UC402 | UC403 | UC404 | UC405 | UC406,KB YOU Prime 카드 | I’m GREAT | LOCA 365 카드 | 삼성 iD EDU 카드 | 신한카드 Mr.Life | DA@카드의정석,KB YOU Prime 카드:대형마트·카페·가족생활 | I’m GREAT:병원·약국·보험 | LOCA 365 카드:통신·구독 | 삼성 iD EDU 카드:학원비·교재·교육 | 신한카드 Mr.Life:온라인장보기·쇼핑·외식 | DA@카드의정석:혜택 공백 일반결제,july26-persona4-0042,july26-persona4-0042,2026-07,2026-07-02T08:10:00,네이버페이,간편결제,온라인 간편결제,EASY_PAY,48200,0,48200,신용카드,CARD,APPROVED,네이버페이 결제 · 간편결제 카테고리,,UC401,2930,KB YOU Prime 카드,KB국민카드,가계 주사용,대형마트·카페·가족생활,가족팩,7788,신용카드,,400000,1200000.0,,https://www.card-gorilla.com/card/detail/2930,958800,2376700,Y,UC406,87.0,DA@카드의정석,우리카드,보조 카드,혜택 공백 일반결제,,신용카드,,0.0,,464000.0,155900.0,Y,WRONG_CARD_BEFORE_PICKA,BEFORE_PICKA,0,2500,2500,픽카 이용 전 다른 카드를 사용하여 받을 수 있었던 혜택을 놓침,1.3%,,,,SYNTHETIC_RULE_MATCHING_V1,87-01,간편결제 맞춤 혜택,간편결제,45,할인,%,1.3,,,,,,,PICKA 표준 혜택 카테고리 '간편결제' 시연 데이터,https://www.card-gorilla.com/card/detail/87,MISSED_WRONG_CARD,DA@카드의정석 | 국내외 가맹점 1.3%~0.8% 청구할인,2500.0,KRW
ONE_TRANSACTION_PER_ROW,persona4,정은주,persona4@picka.app,45,1982-10-16,010-0756-9643,L.POINT|신세계포인트|CJ ONE|해피포인트|T 멤버십|교보문고 회원,ADULT,,여성,전업주부,서울 양천구,False,서울특별시,양천구,2,2026-07-24,"[{""order"":1,""label"":""첫째"",""birth_date"":""2009-11-18"",""exact_age"":""만 16세 8개월 6일"",""school_stage"":""고등학생""},{""order"":2,""label"":""둘째"",""birth_date"":""2013-03-07"",""exact_age"":""만 13세 4개월 17일"",""school_stage"":""중학생""}]",첫째,2009-11-18,만 16세 8개월 6일,고등학생,둘째,2013-03-07,만 13세 4개월 17일,중학생,"자녀 2명(중/고등학생), 교육비와 생활비 관리 중심",4500000,2026-05~2026-07,"학원비 자동이체 할인, 대형마트·쿠팡·컬리 적립, 병원·약국 할인, 통신비 캐시백 카드",False,False,False,False,False,False,HOMEMAKER,LGU+,CAR,False,True,NONE,LOTTE,True,True,2,ELEMENTARY_SCHOOL | MIDDLE_SCHOOL,VERIFIED,"45세 전업주부·초등학생 및 중학생 자녀 양육 가구. LGU+·자가용·하이패스·롯데 계열 이용자이며, 경차·임신출산·복지·K-패스·항공사 제휴 자격은 해당하지 않음.",6,UC401 | UC402 | UC403 | UC404 | UC405 | UC406,KB YOU Prime 카드 | I’m GREAT | LOCA 365 카드 | 삼성 iD EDU 카드 | 신한카드 Mr.Life | DA@카드의정석,KB YOU Prime 카드:대형마트·카페·가족생활 | I’m GREAT:병원·약국·보험 | LOCA 365 카드:통신·구독 | 삼성 iD EDU 카드:학원비·교재·교육 | 신한카드 Mr.Life:온라인장보기·쇼핑·외식 | DA@카드의정석:혜택 공백 일반결제,july26-persona4-0030,july26-persona4-0030,2026-07,2026-07-02T14:50:00,SK텔레콤,통신,이동통신요금,TELECOM,107500,0,107500,신용카드,CARD,APPROVED,SK텔레콤 결제 · 통신 카테고리,,UC404,2358,삼성 iD EDU 카드,삼성카드,교육비,학원비·교재·교육,,1044,신용카드,,500000,510000.0,,https://www.card-gorilla.com/card/detail/2358,1545100,1261200,Y,UC406,87.0,DA@카드의정석,우리카드,보조 카드,혜택 공백 일반결제,,신용카드,,0.0,,464000.0,155900.0,Y,WRONG_CARD_BEFORE_PICKA,BEFORE_PICKA,0,1500,1500,픽카 이용 전 다른 카드를 사용하여 받을 수 있었던 혜택을 놓침,1.3%,,,,SYNTHETIC_RULE_MATCHING_V1,87-01,통신 맞춤 혜택,통신,9,할인,%,1.3,,,,,,,PICKA 표준 혜택 카테고리 '통신' 시연 데이터,https://www.card-gorilla.com/card/detail/87,MISSED_WRONG_CARD,DA@카드의정석 | 국내외 가맹점 1.3%~0.8% 청구할인,1500.0,KRW
ONE_TRANSACTION_PER_ROW,persona4,정은주,persona4@picka.app,45,1982-10-16,010-0756-9643,L.POINT|신세계포인트|CJ ONE|해피포인트|T 멤버십|교보문고 회원,ADULT,,여성,전업주부,서울 양천구,False,서울특별시,양천구,2,2026-07-24,"[{""order"":1,""label"":""첫째"",""birth_date"":""2009-11-18"",""exact_age"":""만 16세 8개월 6일"",""school_stage"":""고등학생""},{""order"":2,""label"":""둘째"",""birth_date"":""2013-03-07"",""exact_age"":""만 13세 4개월 17일"",""school_stage"":""중학생""}]",첫째,2009-11-18,만 16세 8개월 6일,고등학생,둘째,2013-03-07,만 13세 4개월 17일,중학생,"자녀 2명(중/고등학생), 교육비와 생활비 관리 중심",4500000,2026-05~2026-07,"학원비 자동이체 할인, 대형마트·쿠팡·컬리 적립, 병원·약국 할인, 통신비 캐시백 카드",False,False,False,False,False,False,HOMEMAKER,LGU+,CAR,False,True,NONE,LOTTE,True,True,2,ELEMENTARY_SCHOOL | MIDDLE_SCHOOL,VERIFIED,"45세 전업주부·초등학생 및 중학생 자녀 양육 가구. LGU+·자가용·하이패스·롯데 계열 이용자이며, 경차·임신출산·복지·K-패스·항공사 제휴 자격은 해당하지 않음.",6,UC401 | UC402 | UC403 | UC404 | UC405 | UC406,KB YOU Prime 카드 | I’m GREAT | LOCA 365 카드 | 삼성 iD EDU 카드 | 신한카드 Mr.Life | DA@카드의정석,KB YOU Prime 카드:대형마트·카페·가족생활 | I’m GREAT:병원·약국·보험 | LOCA 365 카드:통신·구독 | 삼성 iD EDU 카드:학원비·교재·교육 | 신한카드 Mr.Life:온라인장보기·쇼핑·외식 | DA@카드의정석:혜택 공백 일반결제,july26-persona4-0020,july26-persona4-0020,2026-07,2026-07-02T18:35:00,이마트,마트/쇼핑,대형마트 및 쇼핑,MART_SHOPPING,110300,0,110300,신용카드,CARD,APPROVED,이마트 결제 · 마트/쇼핑 카테고리,,UC404,2358,삼성 iD EDU 카드,삼성카드,교육비,학원비·교재·교육,,1044,신용카드,,500000,510000.0,,https://www.card-gorilla.com/card/detail/2358,1545100,1261200,Y,UC406,87.0,DA@카드의정석,우리카드,보조 카드,혜택 공백 일반결제,,신용카드,,0.0,,464000.0,155900.0,Y,WRONG_CARD_BEFORE_PICKA,BEFORE_PICKA,0,1600,1600,픽카 이용 전 다른 카드를 사용하여 받을 수 있었던 혜택을 놓침,1.3%,,,,SYNTHETIC_RULE_MATCHING_V1,87-01,마트/쇼핑 맞춤 혜택,마트/쇼핑,97,할인,%,1.3,,,,,,,PICKA 표준 혜택 카테고리 '마트/쇼핑' 시연 데이터,https://www.card-gorilla.com/card/detail/87,MISSED_WRONG_CARD,DA@카드의정석 | 국내외 가맹점 1.3%~0.8% 청구할인,1600.0,KRW
ONE_TRANSACTION_PER_ROW,persona4,정은주,persona4@picka.app,45,1982-10-16,010-0756-9643,L.POINT|신세계포인트|CJ ONE|해피포인트|T 멤버십|교보문고 회원,ADULT,,여성,전업주부,서울 양천구,False,서울특별시,양천구,2,2026-07-24,"[{""order"":1,""label"":""첫째"",""birth_date"":""2009-11-18"",""exact_age"":""만 16세 8개월 6일"",""school_stage"":""고등학생""},{""order"":2,""label"":""둘째"",""birth_date"":""2013-03-07"",""exact_age"":""만 13세 4개월 17일"",""school_stage"":""중학생""}]",첫째,2009-11-18,만 16세 8개월 6일,고등학생,둘째,2013-03-07,만 13세 4개월 17일,중학생,"자녀 2명(중/고등학생), 교육비와 생활비 관리 중심",4500000,2026-05~2026-07,"학원비 자동이체 할인, 대형마트·쿠팡·컬리 적립, 병원·약국 할인, 통신비 캐시백 카드",False,False,False,False,False,False,HOMEMAKER,LGU+,CAR,False,True,NONE,LOTTE,True,True,2,ELEMENTARY_SCHOOL | MIDDLE_SCHOOL,VERIFIED,"45세 전업주부·초등학생 및 중학생 자녀 양육 가구. LGU+·자가용·하이패스·롯데 계열 이용자이며, 경차·임신출산·복지·K-패스·항공사 제휴 자격은 해당하지 않음.",6,UC401 | UC402 | UC403 | UC404 | UC405 | UC406,KB YOU Prime 카드 | I’m GREAT | LOCA 365 카드 | 삼성 iD EDU 카드 | 신한카드 Mr.Life | DA@카드의정석,KB YOU Prime 카드:대형마트·카페·가족생활 | I’m GREAT:병원·약국·보험 | LOCA 365 카드:통신·구독 | 삼성 iD EDU 카드:학원비·교재·교육 | 신한카드 Mr.Life:온라인장보기·쇼핑·외식 | DA@카드의정석:혜택 공백 일반결제,july26-persona4-0016,july26-persona4-0016,2026-07,2026-07-03T10:50:00,CU,편의점,편의점,CONVENIENCE,9200,0,9200,신용카드,CARD,APPROVED,CU 결제 · 편의점 카테고리,,UC404,2358,삼성 iD EDU 카드,삼성카드,교육비,학원비·교재·교육,,1044,신용카드,,500000,510000.0,,https://www.card-gorilla.com/card/detail/2358,1545100,1261200,Y,UC406,87.0,DA@카드의정석,우리카드,보조 카드,혜택 공백 일반결제,,신용카드,,0.0,,464000.0,155900.0,Y,WRONG_CARD_BEFORE_PICKA,BEFORE_PICKA,0,100,100,픽카 이용 전 다른 카드를 사용하여 받을 수 있었던 혜택을 놓침,1.3%,,,,SYNTHETIC_RULE_MATCHING_V1,87-01,편의점 맞춤 혜택,편의점,21,할인,%,1.3,,,,,,,PICKA 표준 혜택 카테고리 '편의점' 시연 데이터,https://www.card-gorilla.com/card/detail/87,MISSED_WRONG_CARD,DA@카드의정석 | 국내외 가맹점 1.3%~0.8% 청구할인,100.0,KRW
ONE_TRANSACTION_PER_ROW,persona4,정은주,persona4@picka.app,45,1982-10-16,010-0756-9643,L.POINT|신세계포인트|CJ ONE|해피포인트|T 멤버십|교보문고 회원,ADULT,,여성,전업주부,서울 양천구,False,서울특별시,양천구,2,2026-07-24,"[{""order"":1,""label"":""첫째"",""birth_date"":""2009-11-18"",""exact_age"":""만 16세 8개월 6일"",""school_stage"":""고등학생""},{""order"":2,""label"":""둘째"",""birth_date"":""2013-03-07"",""exact_age"":""만 13세 4개월 17일"",""school_stage"":""중학생""}]",첫째,2009-11-18,만 16세 8개월 6일,고등학생,둘째,2013-03-07,만 13세 4개월 17일,중학생,"자녀 2명(중/고등학생), 교육비와 생활비 관리 중심",4500000,2026-05~2026-07,"학원비 자동이체 할인, 대형마트·쿠팡·컬리 적립, 병원·약국 할인, 통신비 캐시백 카드",False,False,False,False,False,False,HOMEMAKER,LGU+,CAR,False,True,NONE,LOTTE,True,True,2,ELEMENTARY_SCHOOL | MIDDLE_SCHOOL,VERIFIED,"45세 전업주부·초등학생 및 중학생 자녀 양육 가구. LGU+·자가용·하이패스·롯데 계열 이용자이며, 경차·임신출산·복지·K-패스·항공사 제휴 자격은 해당하지 않음.",6,UC401 | UC402 | UC403 | UC404 | UC405 | UC406,KB YOU Prime 카드 | I’m GREAT | LOCA 365 카드 | 삼성 iD EDU 카드 | 신한카드 Mr.Life | DA@카드의정석,KB YOU Prime 카드:대형마트·카페·가족생활 | I’m GREAT:병원·약국·보험 | LOCA 365 카드:통신·구독 | 삼성 iD EDU 카드:학원비·교재·교육 | 신한카드 Mr.Life:온라인장보기·쇼핑·외식 | DA@카드의정석:혜택 공백 일반결제,july26-persona4-0034,july26-persona4-0034,2026-07,2026-07-03T13:05:00,무인양품,생활,생활용품,LIVING,62700,3300,59400,신용카드,CARD,APPROVED,무인양품 결제 · 생활 카테고리,,UC406,87,DA@카드의정석,우리카드,보조 카드,혜택 공백 일반결제,,1066,신용카드,,0,,,https://www.card-gorilla.com/card/detail/87,464000,155900,Y,UC406,87.0,DA@카드의정석,우리카드,보조 카드,혜택 공백 일반결제,,신용카드,,0.0,,464000.0,155900.0,Y,BENEFIT_RECEIVED,BENEFIT_APPLIED,3300,3300,0,,1.3%,,,,SYNTHETIC_RULE_MATCHING_V1,87-01,생활 맞춤 혜택,생활,22,할인,%,1.3,,,,,,,PICKA 표준 혜택 카테고리 '생활' 시연 데이터,https://www.card-gorilla.com/card/detail/87,DISCOUNT_APPLIED,DA@카드의정석 | 국내외 가맹점 1.3%~0.8% 청구할인,3300.0,KRW
ONE_TRANSACTION_PER_ROW,persona4,정은주,persona4@picka.app,45,1982-10-16,010-0756-9643,L.POINT|신세계포인트|CJ ONE|해피포인트|T 멤버십|교보문고 회원,ADULT,,여성,전업주부,서울 양천구,False,서울특별시,양천구,2,2026-07-24,"[{""order"":1,""label"":""첫째"",""birth_date"":""2009-11-18"",""exact_age"":""만 16세 8개월 6일"",""school_stage"":""고등학생""},{""order"":2,""label"":""둘째"",""birth_date"":""2013-03-07"",""exact_age"":""만 13세 4개월 17일"",""school_stage"":""중학생""}]",첫째,2009-11-18,만 16세 8개월 6일,고등학생,둘째,2013-03-07,만 13세 4개월 17일,중학생,"자녀 2명(중/고등학생), 교육비와 생활비 관리 중심",4500000,2026-05~2026-07,"학원비 자동이체 할인, 대형마트·쿠팡·컬리 적립, 병원·약국 할인, 통신비 캐시백 카드",False,False,False,False,False,False,HOMEMAKER,LGU+,CAR,False,True,NONE,LOTTE,True,True,2,ELEMENTARY_SCHOOL | MIDDLE_SCHOOL,VERIFIED,"45세 전업주부·초등학생 및 중학생 자녀 양육 가구. LGU+·자가용·하이패스·롯데 계열 이용자이며, 경차·임신출산·복지·K-패스·항공사 제휴 자격은 해당하지 않음.",6,UC401 | UC402 | UC403 | UC404 | UC405 | UC406,KB YOU Prime 카드 | I’m GREAT | LOCA 365 카드 | 삼성 iD EDU 카드 | 신한카드 Mr.Life | DA@카드의정석,KB YOU Prime 카드:대형마트·카페·가족생활 | I’m GREAT:병원·약국·보험 | LOCA 365 카드:통신·구독 | 삼성 iD EDU 카드:학원비·교재·교육 | 신한카드 Mr.Life:온라인장보기·쇼핑·외식 | DA@카드의정석:혜택 공백 일반결제,july26-persona4-0015,july26-persona4-0015,2026-07,2026-07-05T11:10:00,한식당,외식,음식점,FOOD_DINING,39800,0,39800,신용카드,CARD,APPROVED,한식당 결제 · 푸드/외식 카테고리,,UC401,2930,KB YOU Prime 카드,KB국민카드,가계 주사용,대형마트·카페·가족생활,가족팩,7788,신용카드,,400000,1200000.0,,https://www.card-gorilla.com/card/detail/2930,958800,2376700,Y,UC406,87.0,DA@카드의정석,우리카드,보조 카드,혜택 공백 일반결제,,신용카드,,0.0,,464000.0,155900.0,Y,WRONG_CARD_BEFORE_PICKA,BEFORE_PICKA,0,2100,2100,픽카 이용 전 다른 카드를 사용하여 받을 수 있었던 혜택을 놓침,1.3%,,,,SYNTHETIC_RULE_MATCHING_V1,87-01,푸드/외식 맞춤 혜택,푸드/외식,57,할인,%,1.3,,,,,,,PICKA 표준 혜택 카테고리 '푸드/외식' 시연 데이터,https://www.card-gorilla.com/card/detail/87,MISSED_WRONG_CARD,DA@카드의정석 | 국내외 가맹점 1.3%~0.8% 청구할인,2100.0,KRW
ONE_TRANSACTION_PER_ROW,persona4,정은주,persona4@picka.app,45,1982-10-16,010-0756-9643,L.POINT|신세계포인트|CJ ONE|해피포인트|T 멤버십|교보문고 회원,ADULT,,여성,전업주부,서울 양천구,False,서울특별시,양천구,2,2026-07-24,"[{""order"":1,""label"":""첫째"",""birth_date"":""2009-11-18"",""exact_age"":""만 16세 8개월 6일"",""school_stage"":""고등학생""},{""order"":2,""label"":""둘째"",""birth_date"":""2013-03-07"",""exact_age"":""만 13세 4개월 17일"",""school_stage"":""중학생""}]",첫째,2009-11-18,만 16세 8개월 6일,고등학생,둘째,2013-03-07,만 13세 4개월 17일,중학생,"자녀 2명(중/고등학생), 교육비와 생활비 관리 중심",4500000,2026-05~2026-07,"학원비 자동이체 할인, 대형마트·쿠팡·컬리 적립, 병원·약국 할인, 통신비 캐시백 카드",False,False,False,False,False,False,HOMEMAKER,LGU+,CAR,False,True,NONE,LOTTE,True,True,2,ELEMENTARY_SCHOOL | MIDDLE_SCHOOL,VERIFIED,"45세 전업주부·초등학생 및 중학생 자녀 양육 가구. LGU+·자가용·하이패스·롯데 계열 이용자이며, 경차·임신출산·복지·K-패스·항공사 제휴 자격은 해당하지 않음.",6,UC401 | UC402 | UC403 | UC404 | UC405 | UC406,KB YOU Prime 카드 | I’m GREAT | LOCA 365 카드 | 삼성 iD EDU 카드 | 신한카드 Mr.Life | DA@카드의정석,KB YOU Prime 카드:대형마트·카페·가족생활 | I’m GREAT:병원·약국·보험 | LOCA 365 카드:통신·구독 | 삼성 iD EDU 카드:학원비·교재·교육 | 신한카드 Mr.Life:온라인장보기·쇼핑·외식 | DA@카드의정석:혜택 공백 일반결제,july26-persona4-0033,july26-persona4-0033,2026-07,2026-07-05T12:25:00,카카오페이,간편결제,온라인 간편결제,EASY_PAY,5300,0,5300,신용카드,CARD,APPROVED,카카오페이 결제 · 간편결제 카테고리,,UC401,2930,KB YOU Prime 카드,KB국민카드,가계 주사용,대형마트·카페·가족생활,가족팩,7788,신용카드,,400000,1200000.0,,https://www.card-gorilla.com/card/detail/2930,958800,2376700,Y,UC406,87.0,DA@카드의정석,우리카드,보조 카드,혜택 공백 일반결제,,신용카드,,0.0,,464000.0,155900.0,Y,WRONG_CARD_BEFORE_PICKA,BEFORE_PICKA,0,100,100,픽카 이용 전 다른 카드를 사용하여 받을 수 있었던 혜택을 놓침,1.3%,,,,SYNTHETIC_RULE_MATCHING_V1,87-01,간편결제 맞춤 혜택,간편결제,45,할인,%,1.3,,,,,,,PICKA 표준 혜택 카테고리 '간편결제' 시연 데이터,https://www.card-gorilla.com/card/detail/87,MISSED_WRONG_CARD,DA@카드의정석 | 국내외 가맹점 1.3%~0.8% 청구할인,100.0,KRW
ONE_TRANSACTION_PER_ROW,persona4,정은주,persona4@picka.app,45,1982-10-16,010-0756-9643,L.POINT|신세계포인트|CJ ONE|해피포인트|T 멤버십|교보문고 회원,ADULT,,여성,전업주부,서울 양천구,False,서울특별시,양천구,2,2026-07-24,"[{""order"":1,""label"":""첫째"",""birth_date"":""2009-11-18"",""exact_age"":""만 16세 8개월 6일"",""school_stage"":""고등학생""},{""order"":2,""label"":""둘째"",""birth_date"":""2013-03-07"",""exact_age"":""만 13세 4개월 17일"",""school_stage"":""중학생""}]",첫째,2009-11-18,만 16세 8개월 6일,고등학생,둘째,2013-03-07,만 13세 4개월 17일,중학생,"자녀 2명(중/고등학생), 교육비와 생활비 관리 중심",4500000,2026-05~2026-07,"학원비 자동이체 할인, 대형마트·쿠팡·컬리 적립, 병원·약국 할인, 통신비 캐시백 카드",False,False,False,False,False,False,HOMEMAKER,LGU+,CAR,False,True,NONE,LOTTE,True,True,2,ELEMENTARY_SCHOOL | MIDDLE_SCHOOL,VERIFIED,"45세 전업주부·초등학생 및 중학생 자녀 양육 가구. LGU+·자가용·하이패스·롯데 계열 이용자이며, 경차·임신출산·복지·K-패스·항공사 제휴 자격은 해당하지 않음.",6,UC401 | UC402 | UC403 | UC404 | UC405 | UC406,KB YOU Prime 카드 | I’m GREAT | LOCA 365 카드 | 삼성 iD EDU 카드 | 신한카드 Mr.Life | DA@카드의정석,KB YOU Prime 카드:대형마트·카페·가족생활 | I’m GREAT:병원·약국·보험 | LOCA 365 카드:통신·구독 | 삼성 iD EDU 카드:학원비·교재·교육 | 신한카드 Mr.Life:온라인장보기·쇼핑·외식 | DA@카드의정석:혜택 공백 일반결제,july26-persona4-0005,july26-persona4-0005,2026-07,2026-07-05T17:10:00,티머니,교통,대중교통·택시,TRANSIT,23800,0,23800,신용카드,CARD,APPROVED,티머니 결제 · 교통 카테고리,,UC401,2930,KB YOU Prime 카드,KB국민카드,가계 주사용,대형마트·카페·가족생활,가족팩,7788,신용카드,,400000,1200000.0,,https://www.card-gorilla.com/card/detail/2930,958800,2376700,Y,UC406,87.0,DA@카드의정석,우리카드,보조 카드,혜택 공백 일반결제,,신용카드,,0.0,,464000.0,155900.0,Y,WRONG_CARD_BEFORE_PICKA,BEFORE_PICKA,0,1300,1300,픽카 이용 전 다른 카드를 사용하여 받을 수 있었던 혜택을 놓침,1.3%,,,,SYNTHETIC_RULE_MATCHING_V1,87-01,교통 맞춤 혜택,교통,20,할인,%,1.3,,,,,,,PICKA 표준 혜택 카테고리 '교통' 시연 데이터,https://www.card-gorilla.com/card/detail/87,MISSED_WRONG_CARD,DA@카드의정석 | 국내외 가맹점 1.3%~0.8% 청구할인,1300.0,KRW
ONE_TRANSACTION_PER_ROW,persona4,정은주,persona4@picka.app,45,1982-10-16,010-0756-9643,L.POINT|신세계포인트|CJ ONE|해피포인트|T 멤버십|교보문고 회원,ADULT,,여성,전업주부,서울 양천구,False,서울특별시,양천구,2,2026-07-24,"[{""order"":1,""label"":""첫째"",""birth_date"":""2009-11-18"",""exact_age"":""만 16세 8개월 6일"",""school_stage"":""고등학생""},{""order"":2,""label"":""둘째"",""birth_date"":""2013-03-07"",""exact_age"":""만 13세 4개월 17일"",""school_stage"":""중학생""}]",첫째,2009-11-18,만 16세 8개월 6일,고등학생,둘째,2013-03-07,만 13세 4개월 17일,중학생,"자녀 2명(중/고등학생), 교육비와 생활비 관리 중심",4500000,2026-05~2026-07,"학원비 자동이체 할인, 대형마트·쿠팡·컬리 적립, 병원·약국 할인, 통신비 캐시백 카드",False,False,False,False,False,False,HOMEMAKER,LGU+,CAR,False,True,NONE,LOTTE,True,True,2,ELEMENTARY_SCHOOL | MIDDLE_SCHOOL,VERIFIED,"45세 전업주부·초등학생 및 중학생 자녀 양육 가구. LGU+·자가용·하이패스·롯데 계열 이용자이며, 경차·임신출산·복지·K-패스·항공사 제휴 자격은 해당하지 않음.",6,UC401 | UC402 | UC403 | UC404 | UC405 | UC406,KB YOU Prime 카드 | I’m GREAT | LOCA 365 카드 | 삼성 iD EDU 카드 | 신한카드 Mr.Life | DA@카드의정석,KB YOU Prime 카드:대형마트·카페·가족생활 | I’m GREAT:병원·약국·보험 | LOCA 365 카드:통신·구독 | 삼성 iD EDU 카드:학원비·교재·교육 | 신한카드 Mr.Life:온라인장보기·쇼핑·외식 | DA@카드의정석:혜택 공백 일반결제,july26-persona4-0007,july26-persona4-0007,2026-07,2026-07-06T12:05:00,김밥전문점,외식,음식점,FOOD_DINING,50100,0,50100,신용카드,CARD,APPROVED,김밥전문점 결제 · 푸드/외식 카테고리,,UC401,2930,KB YOU Prime 카드,KB국민카드,가계 주사용,대형마트·카페·가족생활,가족팩,7788,신용카드,,400000,1200000.0,,https://www.card-gorilla.com/card/detail/2930,958800,2376700,Y,UC406,87.0,DA@카드의정석,우리카드,보조 카드,혜택 공백 일반결제,,신용카드,,0.0,,464000.0,155900.0,Y,WRONG_CARD_BEFORE_PICKA,BEFORE_PICKA,0,700,700,픽카 이용 전 다른 카드를 사용하여 받을 수 있었던 혜택을 놓침,1.3%,,,,SYNTHETIC_RULE_MATCHING_V1,87-01,푸드/외식 맞춤 혜택,푸드/외식,57,할인,%,1.3,,,,,,,PICKA 표준 혜택 카테고리 '푸드/외식' 시연 데이터,https://www.card-gorilla.com/card/detail/87,MISSED_WRONG_CARD,DA@카드의정석 | 국내외 가맹점 1.3%~0.8% 청구할인,700.0,KRW
ONE_TRANSACTION_PER_ROW,persona4,정은주,persona4@picka.app,45,1982-10-16,010-0756-9643,L.POINT|신세계포인트|CJ ONE|해피포인트|T 멤버십|교보문고 회원,ADULT,,여성,전업주부,서울 양천구,False,서울특별시,양천구,2,2026-07-24,"[{""order"":1,""label"":""첫째"",""birth_date"":""2009-11-18"",""exact_age"":""만 16세 8개월 6일"",""school_stage"":""고등학생""},{""order"":2,""label"":""둘째"",""birth_date"":""2013-03-07"",""exact_age"":""만 13세 4개월 17일"",""school_stage"":""중학생""}]",첫째,2009-11-18,만 16세 8개월 6일,고등학생,둘째,2013-03-07,만 13세 4개월 17일,중학생,"자녀 2명(중/고등학생), 교육비와 생활비 관리 중심",4500000,2026-05~2026-07,"학원비 자동이체 할인, 대형마트·쿠팡·컬리 적립, 병원·약국 할인, 통신비 캐시백 카드",False,False,False,False,False,False,HOMEMAKER,LGU+,CAR,False,True,NONE,LOTTE,True,True,2,ELEMENTARY_SCHOOL | MIDDLE_SCHOOL,VERIFIED,"45세 전업주부·초등학생 및 중학생 자녀 양육 가구. LGU+·자가용·하이패스·롯데 계열 이용자이며, 경차·임신출산·복지·K-패스·항공사 제휴 자격은 해당하지 않음.",6,UC401 | UC402 | UC403 | UC404 | UC405 | UC406,KB YOU Prime 카드 | I’m GREAT | LOCA 365 카드 | 삼성 iD EDU 카드 | 신한카드 Mr.Life | DA@카드의정석,KB YOU Prime 카드:대형마트·카페·가족생활 | I’m GREAT:병원·약국·보험 | LOCA 365 카드:통신·구독 | 삼성 iD EDU 카드:학원비·교재·교육 | 신한카드 Mr.Life:온라인장보기·쇼핑·외식 | DA@카드의정석:혜택 공백 일반결제,july26-persona4-0035,july26-persona4-0035,2026-07,2026-07-07T07:00:00,가정의학과,의료,병원 및 약국,MEDICAL,101000,0,101000,신용카드,CARD,APPROVED,가정의학과 결제 · 병원/약국 카테고리,,UC403,2330,LOCA 365 카드,롯데카드,고정비,통신·구독,,9900,신용카드,,500000,,,https://www.card-gorilla.com/card/detail/2330,276300,509000,N,UC406,87.0,DA@카드의정석,우리카드,보조 카드,혜택 공백 일반결제,,신용카드,,0.0,,464000.0,155900.0,Y,WRONG_CARD_BEFORE_PICKA,BEFORE_PICKA,0,1400,1400,픽카 이용 전 다른 카드를 사용하여 받을 수 있었던 혜택을 놓침,1.3%,,,,SYNTHETIC_RULE_MATCHING_V1,87-01,병원/약국 맞춤 혜택,병원/약국,12,할인,%,1.3,,,,,,,PICKA 표준 혜택 카테고리 '병원/약국' 시연 데이터,https://www.card-gorilla.com/card/detail/87,MISSED_WRONG_CARD,DA@카드의정석 | 국내외 가맹점 1.3%~0.8% 청구할인,1400.0,KRW
ONE_TRANSACTION_PER_ROW,persona4,정은주,persona4@picka.app,45,1982-10-16,010-0756-9643,L.POINT|신세계포인트|CJ ONE|해피포인트|T 멤버십|교보문고 회원,ADULT,,여성,전업주부,서울 양천구,False,서울특별시,양천구,2,2026-07-24,"[{""order"":1,""label"":""첫째"",""birth_date"":""2009-11-18"",""exact_age"":""만 16세 8개월 6일"",""school_stage"":""고등학생""},{""order"":2,""label"":""둘째"",""birth_date"":""2013-03-07"",""exact_age"":""만 13세 4개월 17일"",""school_stage"":""중학생""}]",첫째,2009-11-18,만 16세 8개월 6일,고등학생,둘째,2013-03-07,만 13세 4개월 17일,중학생,"자녀 2명(중/고등학생), 교육비와 생활비 관리 중심",4500000,2026-05~2026-07,"학원비 자동이체 할인, 대형마트·쿠팡·컬리 적립, 병원·약국 할인, 통신비 캐시백 카드",False,False,False,False,False,False,HOMEMAKER,LGU+,CAR,False,True,NONE,LOTTE,True,True,2,ELEMENTARY_SCHOOL | MIDDLE_SCHOOL,VERIFIED,"45세 전업주부·초등학생 및 중학생 자녀 양육 가구. LGU+·자가용·하이패스·롯데 계열 이용자이며, 경차·임신출산·복지·K-패스·항공사 제휴 자격은 해당하지 않음.",6,UC401 | UC402 | UC403 | UC404 | UC405 | UC406,KB YOU Prime 카드 | I’m GREAT | LOCA 365 카드 | 삼성 iD EDU 카드 | 신한카드 Mr.Life | DA@카드의정석,KB YOU Prime 카드:대형마트·카페·가족생활 | I’m GREAT:병원·약국·보험 | LOCA 365 카드:통신·구독 | 삼성 iD EDU 카드:학원비·교재·교육 | 신한카드 Mr.Life:온라인장보기·쇼핑·외식 | DA@카드의정석:혜택 공백 일반결제,july26-persona4-0008,july26-persona4-0008,2026-07,2026-07-08T07:30:00,홈플러스,마트/쇼핑,대형마트 및 쇼핑,MART_SHOPPING,105700,0,105700,신용카드,CARD,APPROVED,홈플러스 결제 · 마트/쇼핑 카테고리,,UC404,2358,삼성 iD EDU 카드,삼성카드,교육비,학원비·교재·교육,,1044,신용카드,,500000,510000.0,,https://www.card-gorilla.com/card/detail/2358,1545100,1261200,Y,UC406,87.0,DA@카드의정석,우리카드,보조 카드,혜택 공백 일반결제,,신용카드,,0.0,,464000.0,155900.0,Y,WRONG_CARD_BEFORE_PICKA,BEFORE_PICKA,0,1500,1500,픽카 이용 전 다른 카드를 사용하여 받을 수 있었던 혜택을 놓침,1.3%,,,,SYNTHETIC_RULE_MATCHING_V1,87-01,마트/쇼핑 맞춤 혜택,마트/쇼핑,97,할인,%,1.3,,,,,,,PICKA 표준 혜택 카테고리 '마트/쇼핑' 시연 데이터,https://www.card-gorilla.com/card/detail/87,MISSED_WRONG_CARD,DA@카드의정석 | 국내외 가맹점 1.3%~0.8% 청구할인,1500.0,KRW
ONE_TRANSACTION_PER_ROW,persona4,정은주,persona4@picka.app,45,1982-10-16,010-0756-9643,L.POINT|신세계포인트|CJ ONE|해피포인트|T 멤버십|교보문고 회원,ADULT,,여성,전업주부,서울 양천구,False,서울특별시,양천구,2,2026-07-24,"[{""order"":1,""label"":""첫째"",""birth_date"":""2009-11-18"",""exact_age"":""만 16세 8개월 6일"",""school_stage"":""고등학생""},{""order"":2,""label"":""둘째"",""birth_date"":""2013-03-07"",""exact_age"":""만 13세 4개월 17일"",""school_stage"":""중학생""}]",첫째,2009-11-18,만 16세 8개월 6일,고등학생,둘째,2013-03-07,만 13세 4개월 17일,중학생,"자녀 2명(중/고등학생), 교육비와 생활비 관리 중심",4500000,2026-05~2026-07,"학원비 자동이체 할인, 대형마트·쿠팡·컬리 적립, 병원·약국 할인, 통신비 캐시백 카드",False,False,False,False,False,False,HOMEMAKER,LGU+,CAR,False,True,NONE,LOTTE,True,True,2,ELEMENTARY_SCHOOL | MIDDLE_SCHOOL,VERIFIED,"45세 전업주부·초등학생 및 중학생 자녀 양육 가구. LGU+·자가용·하이패스·롯데 계열 이용자이며, 경차·임신출산·복지·K-패스·항공사 제휴 자격은 해당하지 않음.",6,UC401 | UC402 | UC403 | UC404 | UC405 | UC406,KB YOU Prime 카드 | I’m GREAT | LOCA 365 카드 | 삼성 iD EDU 카드 | 신한카드 Mr.Life | DA@카드의정석,KB YOU Prime 카드:대형마트·카페·가족생활 | I’m GREAT:병원·약국·보험 | LOCA 365 카드:통신·구독 | 삼성 iD EDU 카드:학원비·교재·교육 | 신한카드 Mr.Life:온라인장보기·쇼핑·외식 | DA@카드의정석:혜택 공백 일반결제,july26-persona4-0001,july26-persona4-0001,2026-07,2026-07-08T18:15:00,스피드메이트,자동차,차량정비 및 세차,AUTO_MAINTENANCE,233600,0,233600,신용카드,CARD,APPROVED,스피드메이트 결제 · 자동차/정비 카테고리,,UC401,2930,KB YOU Prime 카드,KB국민카드,가계 주사용,대형마트·카페·가족생활,가족팩,7788,신용카드,,400000,1200000.0,,https://www.card-gorilla.com/card/detail/2930,958800,2376700,Y,UC404,2358.0,삼성 iD EDU 카드,삼성카드,교육비,학원비·교재·교육,,신용카드,,500000.0,510000.0,1545100.0,1261200.0,Y,WRONG_CARD_BEFORE_PICKA,BEFORE_PICKA,0,3400,3400,픽카 이용 전 다른 카드를 사용하여 받을 수 있었던 혜택을 놓침,1.5%,510000.0,,,SYNTHETIC_RULE_MATCHING_V1,2358-05,자동차/정비 맞춤 혜택,자동차/정비,10,할인,%,1.5,,,,,,,PICKA 표준 혜택 카테고리 '자동차/정비' 시연 데이터,https://www.card-gorilla.com/card/detail/2358,MISSED_WRONG_CARD,삼성 iD EDU 카드 | 해외 1.5% 결제일 할인,3400.0,KRW
ONE_TRANSACTION_PER_ROW,persona4,정은주,persona4@picka.app,45,1982-10-16,010-0756-9643,L.POINT|신세계포인트|CJ ONE|해피포인트|T 멤버십|교보문고 회원,ADULT,,여성,전업주부,서울 양천구,False,서울특별시,양천구,2,2026-07-24,"[{""order"":1,""label"":""첫째"",""birth_date"":""2009-11-18"",""exact_age"":""만 16세 8개월 6일"",""school_stage"":""고등학생""},{""order"":2,""label"":""둘째"",""birth_date"":""2013-03-07"",""exact_age"":""만 13세 4개월 17일"",""school_stage"":""중학생""}]",첫째,2009-11-18,만 16세 8개월 6일,고등학생,둘째,2013-03-07,만 13세 4개월 17일,중학생,"자녀 2명(중/고등학생), 교육비와 생활비 관리 중심",4500000,2026-05~2026-07,"학원비 자동이체 할인, 대형마트·쿠팡·컬리 적립, 병원·약국 할인, 통신비 캐시백 카드",False,False,False,False,False,False,HOMEMAKER,LGU+,CAR,False,True,NONE,LOTTE,True,True,2,ELEMENTARY_SCHOOL | MIDDLE_SCHOOL,VERIFIED,"45세 전업주부·초등학생 및 중학생 자녀 양육 가구. LGU+·자가용·하이패스·롯데 계열 이용자이며, 경차·임신출산·복지·K-패스·항공사 제휴 자격은 해당하지 않음.",6,UC401 | UC402 | UC403 | UC404 | UC405 | UC406,KB YOU Prime 카드 | I’m GREAT | LOCA 365 카드 | 삼성 iD EDU 카드 | 신한카드 Mr.Life | DA@카드의정석,KB YOU Prime 카드:대형마트·카페·가족생활 | I’m GREAT:병원·약국·보험 | LOCA 365 카드:통신·구독 | 삼성 iD EDU 카드:학원비·교재·교육 | 신한카드 Mr.Life:온라인장보기·쇼핑·외식 | DA@카드의정석:혜택 공백 일반결제,july26-persona4-0019,july26-persona4-0019,2026-07,2026-07-08T20:50:00,세탁특공대,생활,생활용품,LIVING,57100,0,57100,신용카드,CARD,APPROVED,세탁특공대 결제 · 생활 카테고리,,UC401,2930,KB YOU Prime 카드,KB국민카드,가계 주사용,대형마트·카페·가족생활,가족팩,7788,신용카드,,400000,1200000.0,,https://www.card-gorilla.com/card/detail/2930,958800,2376700,Y,UC406,87.0,DA@카드의정석,우리카드,보조 카드,혜택 공백 일반결제,,신용카드,,0.0,,464000.0,155900.0,Y,WRONG_CARD_BEFORE_PICKA,BEFORE_PICKA,0,800,800,픽카 이용 전 다른 카드를 사용하여 받을 수 있었던 혜택을 놓침,1.3%,,,,SYNTHETIC_RULE_MATCHING_V1,87-01,생활 맞춤 혜택,생활,22,할인,%,1.3,,,,,,,PICKA 표준 혜택 카테고리 '생활' 시연 데이터,https://www.card-gorilla.com/card/detail/87,MISSED_WRONG_CARD,DA@카드의정석 | 국내외 가맹점 1.3%~0.8% 청구할인,800.0,KRW
ONE_TRANSACTION_PER_ROW,persona4,정은주,persona4@picka.app,45,1982-10-16,010-0756-9643,L.POINT|신세계포인트|CJ ONE|해피포인트|T 멤버십|교보문고 회원,ADULT,,여성,전업주부,서울 양천구,False,서울특별시,양천구,2,2026-07-24,"[{""order"":1,""label"":""첫째"",""birth_date"":""2009-11-18"",""exact_age"":""만 16세 8개월 6일"",""school_stage"":""고등학생""},{""order"":2,""label"":""둘째"",""birth_date"":""2013-03-07"",""exact_age"":""만 13세 4개월 17일"",""school_stage"":""중학생""}]",첫째,2009-11-18,만 16세 8개월 6일,고등학생,둘째,2013-03-07,만 13세 4개월 17일,중학생,"자녀 2명(중/고등학생), 교육비와 생활비 관리 중심",4500000,2026-05~2026-07,"학원비 자동이체 할인, 대형마트·쿠팡·컬리 적립, 병원·약국 할인, 통신비 캐시백 카드",False,False,False,False,False,False,HOMEMAKER,LGU+,CAR,False,True,NONE,LOTTE,True,True,2,ELEMENTARY_SCHOOL | MIDDLE_SCHOOL,VERIFIED,"45세 전업주부·초등학생 및 중학생 자녀 양육 가구. LGU+·자가용·하이패스·롯데 계열 이용자이며, 경차·임신출산·복지·K-패스·항공사 제휴 자격은 해당하지 않음.",6,UC401 | UC402 | UC403 | UC404 | UC405 | UC406,KB YOU Prime 카드 | I’m GREAT | LOCA 365 카드 | 삼성 iD EDU 카드 | 신한카드 Mr.Life | DA@카드의정석,KB YOU Prime 카드:대형마트·카페·가족생활 | I’m GREAT:병원·약국·보험 | LOCA 365 카드:통신·구독 | 삼성 iD EDU 카드:학원비·교재·교육 | 신한카드 Mr.Life:온라인장보기·쇼핑·외식 | DA@카드의정석:혜택 공백 일반결제,july26-persona4-0037,july26-persona4-0037,2026-07,2026-07-10T19:55:00,쿠팡,온라인쇼핑,온라인 종합몰,ONLINE_SHOPPING,103600,0,103600,신용카드,CARD,APPROVED,쿠팡 결제 · 온라인쇼핑 카테고리,,UC403,2330,LOCA 365 카드,롯데카드,고정비,통신·구독,,9900,신용카드,,500000,,,https://www.card-gorilla.com/card/detail/2330,276300,509000,N,UC406,87.0,DA@카드의정석,우리카드,보조 카드,혜택 공백 일반결제,,신용카드,,0.0,,464000.0,155900.0,Y,WRONG_CARD_BEFORE_PICKA,BEFORE_PICKA,0,1500,1500,픽카 이용 전 다른 카드를 사용하여 받을 수 있었던 혜택을 놓침,1.3%,,,,SYNTHETIC_RULE_MATCHING_V1,87-01,온라인쇼핑 맞춤 혜택,온라인쇼핑,7,할인,%,1.3,,,,,,,PICKA 표준 혜택 카테고리 '온라인쇼핑' 시연 데이터,https://www.card-gorilla.com/card/detail/87,MISSED_WRONG_CARD,DA@카드의정석 | 국내외 가맹점 1.3%~0.8% 청구할인,1500.0,KRW
ONE_TRANSACTION_PER_ROW,persona4,정은주,persona4@picka.app,45,1982-10-16,010-0756-9643,L.POINT|신세계포인트|CJ ONE|해피포인트|T 멤버십|교보문고 회원,ADULT,,여성,전업주부,서울 양천구,False,서울특별시,양천구,2,2026-07-24,"[{""order"":1,""label"":""첫째"",""birth_date"":""2009-11-18"",""exact_age"":""만 16세 8개월 6일"",""school_stage"":""고등학생""},{""order"":2,""label"":""둘째"",""birth_date"":""2013-03-07"",""exact_age"":""만 13세 4개월 17일"",""school_stage"":""중학생""}]",첫째,2009-11-18,만 16세 8개월 6일,고등학생,둘째,2013-03-07,만 13세 4개월 17일,중학생,"자녀 2명(중/고등학생), 교육비와 생활비 관리 중심",4500000,2026-05~2026-07,"학원비 자동이체 할인, 대형마트·쿠팡·컬리 적립, 병원·약국 할인, 통신비 캐시백 카드",False,False,False,False,False,False,HOMEMAKER,LGU+,CAR,False,True,NONE,LOTTE,True,True,2,ELEMENTARY_SCHOOL | MIDDLE_SCHOOL,VERIFIED,"45세 전업주부·초등학생 및 중학생 자녀 양육 가구. LGU+·자가용·하이패스·롯데 계열 이용자이며, 경차·임신출산·복지·K-패스·항공사 제휴 자격은 해당하지 않음.",6,UC401 | UC402 | UC403 | UC404 | UC405 | UC406,KB YOU Prime 카드 | I’m GREAT | LOCA 365 카드 | 삼성 iD EDU 카드 | 신한카드 Mr.Life | DA@카드의정석,KB YOU Prime 카드:대형마트·카페·가족생활 | I’m GREAT:병원·약국·보험 | LOCA 365 카드:통신·구독 | 삼성 iD EDU 카드:학원비·교재·교육 | 신한카드 Mr.Life:온라인장보기·쇼핑·외식 | DA@카드의정석:혜택 공백 일반결제,july26-persona4-0009,july26-persona4-0009,2026-07,2026-07-11T18:15:00,온누리약국,의료,병원 및 약국,MEDICAL,91700,1300,90400,신용카드,CARD,APPROVED,온누리약국 결제 · 병원/약국 카테고리,,UC404,2358,삼성 iD EDU 카드,삼성카드,교육비,학원비·교재·교육,,1044,신용카드,,500000,510000.0,,https://www.card-gorilla.com/card/detail/2358,1545100,1261200,Y,UC404,2358.0,삼성 iD EDU 카드,삼성카드,교육비,학원비·교재·교육,,신용카드,,500000.0,510000.0,1545100.0,1261200.0,Y,BENEFIT_RECEIVED,BENEFIT_APPLIED,1300,1300,0,,10%,500000.0,500000.0,498700.0,SYNTHETIC_RULE_MATCHING_V1,2358-01,병원/약국 맞춤 혜택,병원/약국,12,할인,%,10.0,,,,500000.0,,,PICKA 표준 혜택 카테고리 '병원/약국' 시연 데이터,https://www.card-gorilla.com/card/detail/2358,DISCOUNT_APPLIED,삼성 iD EDU 카드 | 교육 10% 결제일할인,1300.0,KRW
ONE_TRANSACTION_PER_ROW,persona4,정은주,persona4@picka.app,45,1982-10-16,010-0756-9643,L.POINT|신세계포인트|CJ ONE|해피포인트|T 멤버십|교보문고 회원,ADULT,,여성,전업주부,서울 양천구,False,서울특별시,양천구,2,2026-07-24,"[{""order"":1,""label"":""첫째"",""birth_date"":""2009-11-18"",""exact_age"":""만 16세 8개월 6일"",""school_stage"":""고등학생""},{""order"":2,""label"":""둘째"",""birth_date"":""2013-03-07"",""exact_age"":""만 13세 4개월 17일"",""school_stage"":""중학생""}]",첫째,2009-11-18,만 16세 8개월 6일,고등학생,둘째,2013-03-07,만 13세 4개월 17일,중학생,"자녀 2명(중/고등학생), 교육비와 생활비 관리 중심",4500000,2026-05~2026-07,"학원비 자동이체 할인, 대형마트·쿠팡·컬리 적립, 병원·약국 할인, 통신비 캐시백 카드",False,False,False,False,False,False,HOMEMAKER,LGU+,CAR,False,True,NONE,LOTTE,True,True,2,ELEMENTARY_SCHOOL | MIDDLE_SCHOOL,VERIFIED,"45세 전업주부·초등학생 및 중학생 자녀 양육 가구. LGU+·자가용·하이패스·롯데 계열 이용자이며, 경차·임신출산·복지·K-패스·항공사 제휴 자격은 해당하지 않음.",6,UC401 | UC402 | UC403 | UC404 | UC405 | UC406,KB YOU Prime 카드 | I’m GREAT | LOCA 365 카드 | 삼성 iD EDU 카드 | 신한카드 Mr.Life | DA@카드의정석,KB YOU Prime 카드:대형마트·카페·가족생활 | I’m GREAT:병원·약국·보험 | LOCA 365 카드:통신·구독 | 삼성 iD EDU 카드:학원비·교재·교육 | 신한카드 Mr.Life:온라인장보기·쇼핑·외식 | DA@카드의정석:혜택 공백 일반결제,july26-persona4-0014,july26-persona4-0014,2026-07,2026-07-11T22:40:00,중등 영어학원,교육/육아,교육 및 육아,EDUCATION_CHILDCARE,233100,3300,229800,신용카드,CARD,APPROVED,중등 영어학원 결제 · 교육/육아 카테고리,,UC401,2930,KB YOU Prime 카드,KB국민카드,가계 주사용,대형마트·카페·가족생활,가족팩,7788,신용카드,,400000,1200000.0,,https://www.card-gorilla.com/card/detail/2930,958800,2376700,Y,UC401,2930.0,KB YOU Prime 카드,KB국민카드,가계 주사용,대형마트·카페·가족생활,가족팩,신용카드,,400000.0,1200000.0,958800.0,2376700.0,Y,BENEFIT_RECEIVED,BENEFIT_APPLIED,3300,3300,0,,10%,400000.0,400000.0,396700.0,SYNTHETIC_RULE_MATCHING_V1,2930-02,교육/육아 맞춤 혜택,교육/육아,14,할인,%,10.0,400000.0,50000.0,,400000.0,,,PICKA 표준 혜택 카테고리 '교육/육아' 시연 데이터,https://www.card-gorilla.com/card/detail/2930,DISCOUNT_APPLIED,"KB YOU Prime 카드 | [가족팩] 6개 영역 최대 10% 청구할인
생활요금, 온라인장보기, 일상케어, 학원, 대형마트, 카페",3300.0,KRW
ONE_TRANSACTION_PER_ROW,persona4,정은주,persona4@picka.app,45,1982-10-16,010-0756-9643,L.POINT|신세계포인트|CJ ONE|해피포인트|T 멤버십|교보문고 회원,ADULT,,여성,전업주부,서울 양천구,False,서울특별시,양천구,2,2026-07-24,"[{""order"":1,""label"":""첫째"",""birth_date"":""2009-11-18"",""exact_age"":""만 16세 8개월 6일"",""school_stage"":""고등학생""},{""order"":2,""label"":""둘째"",""birth_date"":""2013-03-07"",""exact_age"":""만 13세 4개월 17일"",""school_stage"":""중학생""}]",첫째,2009-11-18,만 16세 8개월 6일,고등학생,둘째,2013-03-07,만 13세 4개월 17일,중학생,"자녀 2명(중/고등학생), 교육비와 생활비 관리 중심",4500000,2026-05~2026-07,"학원비 자동이체 할인, 대형마트·쿠팡·컬리 적립, 병원·약국 할인, 통신비 캐시백 카드",False,False,False,False,False,False,HOMEMAKER,LGU+,CAR,False,True,NONE,LOTTE,True,True,2,ELEMENTARY_SCHOOL | MIDDLE_SCHOOL,VERIFIED,"45세 전업주부·초등학생 및 중학생 자녀 양육 가구. LGU+·자가용·하이패스·롯데 계열 이용자이며, 경차·임신출산·복지·K-패스·항공사 제휴 자격은 해당하지 않음.",6,UC401 | UC402 | UC403 | UC404 | UC405 | UC406,KB YOU Prime 카드 | I’m GREAT | LOCA 365 카드 | 삼성 iD EDU 카드 | 신한카드 Mr.Life | DA@카드의정석,KB YOU Prime 카드:대형마트·카페·가족생활 | I’m GREAT:병원·약국·보험 | LOCA 365 카드:통신·구독 | 삼성 iD EDU 카드:학원비·교재·교육 | 신한카드 Mr.Life:온라인장보기·쇼핑·외식 | DA@카드의정석:혜택 공백 일반결제,july26-persona4-0022,july26-persona4-0022,2026-07,2026-07-12T11:10:00,카카오 T,교통,대중교통·택시,TRANSIT,6200,0,6200,신용카드,CARD,APPROVED,카카오 T 결제 · 교통 카테고리,,UC403,2330,LOCA 365 카드,롯데카드,고정비,통신·구독,,9900,신용카드,,500000,,,https://www.card-gorilla.com/card/detail/2330,276300,509000,N,UC406,87.0,DA@카드의정석,우리카드,보조 카드,혜택 공백 일반결제,,신용카드,,0.0,,464000.0,155900.0,Y,WRONG_CARD_BEFORE_PICKA,BEFORE_PICKA,0,100,100,픽카 이용 전 다른 카드를 사용하여 받을 수 있었던 혜택을 놓침,1.3%,,,,SYNTHETIC_RULE_MATCHING_V1,87-01,교통 맞춤 혜택,교통,20,할인,%,1.3,,,,,,,PICKA 표준 혜택 카테고리 '교통' 시연 데이터,https://www.card-gorilla.com/card/detail/87,MISSED_WRONG_CARD,DA@카드의정석 | 국내외 가맹점 1.3%~0.8% 청구할인,100.0,KRW
ONE_TRANSACTION_PER_ROW,persona4,정은주,persona4@picka.app,45,1982-10-16,010-0756-9643,L.POINT|신세계포인트|CJ ONE|해피포인트|T 멤버십|교보문고 회원,ADULT,,여성,전업주부,서울 양천구,False,서울특별시,양천구,2,2026-07-24,"[{""order"":1,""label"":""첫째"",""birth_date"":""2009-11-18"",""exact_age"":""만 16세 8개월 6일"",""school_stage"":""고등학생""},{""order"":2,""label"":""둘째"",""birth_date"":""2013-03-07"",""exact_age"":""만 13세 4개월 17일"",""school_stage"":""중학생""}]",첫째,2009-11-18,만 16세 8개월 6일,고등학생,둘째,2013-03-07,만 13세 4개월 17일,중학생,"자녀 2명(중/고등학생), 교육비와 생활비 관리 중심",4500000,2026-05~2026-07,"학원비 자동이체 할인, 대형마트·쿠팡·컬리 적립, 병원·약국 할인, 통신비 캐시백 카드",False,False,False,False,False,False,HOMEMAKER,LGU+,CAR,False,True,NONE,LOTTE,True,True,2,ELEMENTARY_SCHOOL | MIDDLE_SCHOOL,VERIFIED,"45세 전업주부·초등학생 및 중학생 자녀 양육 가구. LGU+·자가용·하이패스·롯데 계열 이용자이며, 경차·임신출산·복지·K-패스·항공사 제휴 자격은 해당하지 않음.",6,UC401 | UC402 | UC403 | UC404 | UC405 | UC406,KB YOU Prime 카드 | I’m GREAT | LOCA 365 카드 | 삼성 iD EDU 카드 | 신한카드 Mr.Life | DA@카드의정석,KB YOU Prime 카드:대형마트·카페·가족생활 | I’m GREAT:병원·약국·보험 | LOCA 365 카드:통신·구독 | 삼성 iD EDU 카드:학원비·교재·교육 | 신한카드 Mr.Life:온라인장보기·쇼핑·외식 | DA@카드의정석:혜택 공백 일반결제,july26-persona4-0006,july26-persona4-0006,2026-07,2026-07-12T16:30:00,롯데마트,마트/쇼핑,대형마트 및 쇼핑,MART_SHOPPING,134400,1900,132500,신용카드,CARD,APPROVED,롯데마트 결제 · 마트/쇼핑 카테고리,,UC401,2930,KB YOU Prime 카드,KB국민카드,가계 주사용,대형마트·카페·가족생활,가족팩,7788,신용카드,,400000,1200000.0,,https://www.card-gorilla.com/card/detail/2930,958800,2376700,Y,UC401,2930.0,KB YOU Prime 카드,KB국민카드,가계 주사용,대형마트·카페·가족생활,가족팩,신용카드,,400000.0,1200000.0,958800.0,2376700.0,Y,BENEFIT_RECEIVED,BENEFIT_APPLIED,1900,1900,0,,10%,400000.0,396700.0,394800.0,SYNTHETIC_RULE_MATCHING_V1,2930-02,마트/쇼핑 맞춤 혜택,마트/쇼핑,97,할인,%,10.0,400000.0,50000.0,,400000.0,,,PICKA 표준 혜택 카테고리 '마트/쇼핑' 시연 데이터,https://www.card-gorilla.com/card/detail/2930,DISCOUNT_APPLIED,"KB YOU Prime 카드 | [가족팩] 6개 영역 최대 10% 청구할인
생활요금, 온라인장보기, 일상케어, 학원, 대형마트, 카페",1900.0,KRW
ONE_TRANSACTION_PER_ROW,persona4,정은주,persona4@picka.app,45,1982-10-16,010-0756-9643,L.POINT|신세계포인트|CJ ONE|해피포인트|T 멤버십|교보문고 회원,ADULT,,여성,전업주부,서울 양천구,False,서울특별시,양천구,2,2026-07-24,"[{""order"":1,""label"":""첫째"",""birth_date"":""2009-11-18"",""exact_age"":""만 16세 8개월 6일"",""school_stage"":""고등학생""},{""order"":2,""label"":""둘째"",""birth_date"":""2013-03-07"",""exact_age"":""만 13세 4개월 17일"",""school_stage"":""중학생""}]",첫째,2009-11-18,만 16세 8개월 6일,고등학생,둘째,2013-03-07,만 13세 4개월 17일,중학생,"자녀 2명(중/고등학생), 교육비와 생활비 관리 중심",4500000,2026-05~2026-07,"학원비 자동이체 할인, 대형마트·쿠팡·컬리 적립, 병원·약국 할인, 통신비 캐시백 카드",False,False,False,False,False,False,HOMEMAKER,LGU+,CAR,False,True,NONE,LOTTE,True,True,2,ELEMENTARY_SCHOOL | MIDDLE_SCHOOL,VERIFIED,"45세 전업주부·초등학생 및 중학생 자녀 양육 가구. LGU+·자가용·하이패스·롯데 계열 이용자이며, 경차·임신출산·복지·K-패스·항공사 제휴 자격은 해당하지 않음.",6,UC401 | UC402 | UC403 | UC404 | UC405 | UC406,KB YOU Prime 카드 | I’m GREAT | LOCA 365 카드 | 삼성 iD EDU 카드 | 신한카드 Mr.Life | DA@카드의정석,KB YOU Prime 카드:대형마트·카페·가족생활 | I’m GREAT:병원·약국·보험 | LOCA 365 카드:통신·구독 | 삼성 iD EDU 카드:학원비·교재·교육 | 신한카드 Mr.Life:온라인장보기·쇼핑·외식 | DA@카드의정석:혜택 공백 일반결제,july26-persona4-0039,july26-persona4-0039,2026-07,2026-07-12T18:50:00,고등 수학학원,교육/육아,교육 및 육아,EDUCATION_CHILDCARE,173300,2500,170800,신용카드,CARD,APPROVED,고등 수학학원 결제 · 교육/육아 카테고리,,UC401,2930,KB YOU Prime 카드,KB국민카드,가계 주사용,대형마트·카페·가족생활,가족팩,7788,신용카드,,400000,1200000.0,,https://www.card-gorilla.com/card/detail/2930,958800,2376700,Y,UC401,2930.0,KB YOU Prime 카드,KB국민카드,가계 주사용,대형마트·카페·가족생활,가족팩,신용카드,,400000.0,1200000.0,958800.0,2376700.0,Y,BENEFIT_RECEIVED,BENEFIT_APPLIED,2500,2500,0,,10%,400000.0,394800.0,392300.0,SYNTHETIC_RULE_MATCHING_V1,2930-02,교육/육아 맞춤 혜택,교육/육아,14,할인,%,10.0,400000.0,50000.0,,400000.0,,,PICKA 표준 혜택 카테고리 '교육/육아' 시연 데이터,https://www.card-gorilla.com/card/detail/2930,DISCOUNT_APPLIED,"KB YOU Prime 카드 | [가족팩] 6개 영역 최대 10% 청구할인
생활요금, 온라인장보기, 일상케어, 학원, 대형마트, 카페",2500.0,KRW
ONE_TRANSACTION_PER_ROW,persona4,정은주,persona4@picka.app,45,1982-10-16,010-0756-9643,L.POINT|신세계포인트|CJ ONE|해피포인트|T 멤버십|교보문고 회원,ADULT,,여성,전업주부,서울 양천구,False,서울특별시,양천구,2,2026-07-24,"[{""order"":1,""label"":""첫째"",""birth_date"":""2009-11-18"",""exact_age"":""만 16세 8개월 6일"",""school_stage"":""고등학생""},{""order"":2,""label"":""둘째"",""birth_date"":""2013-03-07"",""exact_age"":""만 13세 4개월 17일"",""school_stage"":""중학생""}]",첫째,2009-11-18,만 16세 8개월 6일,고등학생,둘째,2013-03-07,만 13세 4개월 17일,중학생,"자녀 2명(중/고등학생), 교육비와 생활비 관리 중심",4500000,2026-05~2026-07,"학원비 자동이체 할인, 대형마트·쿠팡·컬리 적립, 병원·약국 할인, 통신비 캐시백 카드",False,False,False,False,False,False,HOMEMAKER,LGU+,CAR,False,True,NONE,LOTTE,True,True,2,ELEMENTARY_SCHOOL | MIDDLE_SCHOOL,VERIFIED,"45세 전업주부·초등학생 및 중학생 자녀 양육 가구. LGU+·자가용·하이패스·롯데 계열 이용자이며, 경차·임신출산·복지·K-패스·항공사 제휴 자격은 해당하지 않음.",6,UC401 | UC402 | UC403 | UC404 | UC405 | UC406,KB YOU Prime 카드 | I’m GREAT | LOCA 365 카드 | 삼성 iD EDU 카드 | 신한카드 Mr.Life | DA@카드의정석,KB YOU Prime 카드:대형마트·카페·가족생활 | I’m GREAT:병원·약국·보험 | LOCA 365 카드:통신·구독 | 삼성 iD EDU 카드:학원비·교재·교육 | 신한카드 Mr.Life:온라인장보기·쇼핑·외식 | DA@카드의정석:혜택 공백 일반결제,july26-persona4-0025,july26-persona4-0025,2026-07,2026-07-14T18:15:00,배달의민족,배달,배달앱,DELIVERY,34500,500,34000,신용카드,CARD,APPROVED,배달의민족 결제 · 배달앱 카테고리,,UC404,2358,삼성 iD EDU 카드,삼성카드,교육비,학원비·교재·교육,,1044,신용카드,,500000,510000.0,,https://www.card-gorilla.com/card/detail/2358,1545100,1261200,Y,UC404,2358.0,삼성 iD EDU 카드,삼성카드,교육비,학원비·교재·교육,,신용카드,,500000.0,510000.0,1545100.0,1261200.0,Y,BENEFIT_RECEIVED,BENEFIT_APPLIED,500,500,0,,10%,500000.0,498700.0,498200.0,SYNTHETIC_RULE_MATCHING_V1,2358-01,배달앱 맞춤 혜택,배달앱,19,할인,%,10.0,,,,500000.0,,,PICKA 표준 혜택 카테고리 '배달앱' 시연 데이터,https://www.card-gorilla.com/card/detail/2358,DISCOUNT_APPLIED,삼성 iD EDU 카드 | 교육 10% 결제일할인,500.0,KRW
ONE_TRANSACTION_PER_ROW,persona4,정은주,persona4@picka.app,45,1982-10-16,010-0756-9643,L.POINT|신세계포인트|CJ ONE|해피포인트|T 멤버십|교보문고 회원,ADULT,,여성,전업주부,서울 양천구,False,서울특별시,양천구,2,2026-07-24,"[{""order"":1,""label"":""첫째"",""birth_date"":""2009-11-18"",""exact_age"":""만 16세 8개월 6일"",""school_stage"":""고등학생""},{""order"":2,""label"":""둘째"",""birth_date"":""2013-03-07"",""exact_age"":""만 13세 4개월 17일"",""school_stage"":""중학생""}]",첫째,2009-11-18,만 16세 8개월 6일,고등학생,둘째,2013-03-07,만 13세 4개월 17일,중학생,"자녀 2명(중/고등학생), 교육비와 생활비 관리 중심",4500000,2026-05~2026-07,"학원비 자동이체 할인, 대형마트·쿠팡·컬리 적립, 병원·약국 할인, 통신비 캐시백 카드",False,False,False,False,False,False,HOMEMAKER,LGU+,CAR,False,True,NONE,LOTTE,True,True,2,ELEMENTARY_SCHOOL | MIDDLE_SCHOOL,VERIFIED,"45세 전업주부·초등학생 및 중학생 자녀 양육 가구. LGU+·자가용·하이패스·롯데 계열 이용자이며, 경차·임신출산·복지·K-패스·항공사 제휴 자격은 해당하지 않음.",6,UC401 | UC402 | UC403 | UC404 | UC405 | UC406,KB YOU Prime 카드 | I’m GREAT | LOCA 365 카드 | 삼성 iD EDU 카드 | 신한카드 Mr.Life | DA@카드의정석,KB YOU Prime 카드:대형마트·카페·가족생활 | I’m GREAT:병원·약국·보험 | LOCA 365 카드:통신·구독 | 삼성 iD EDU 카드:학원비·교재·교육 | 신한카드 Mr.Life:온라인장보기·쇼핑·외식 | DA@카드의정석:혜택 공백 일반결제,july26-persona4-0029,july26-persona4-0029,2026-07,2026-07-14T19:25:00,한국전력공사,공과금,생활요금,UTILITIES,171800,0,171800,신용카드,CARD,APPROVED,한국전력공사 결제 · 공과금/생활요금 카테고리,,UC402,214,I’m GREAT,롯데카드,의료·보험,병원·약국·보험,,8899,신용카드,,500000,5000.0,,https://www.card-gorilla.com/card/detail/214,675100,220800,Y,UC406,87.0,DA@카드의정석,우리카드,보조 카드,혜택 공백 일반결제,,신용카드,,0.0,,464000.0,155900.0,Y,WRONG_CARD_BEFORE_PICKA,BEFORE_PICKA,0,2400,2400,픽카 이용 전 다른 카드를 사용하여 받을 수 있었던 혜택을 놓침,1.3%,,,,SYNTHETIC_RULE_MATCHING_V1,87-01,공과금/생활요금 맞춤 혜택,공과금/생활요금,3,할인,%,1.3,,,,,,,PICKA 표준 혜택 카테고리 '공과금/생활요금' 시연 데이터,https://www.card-gorilla.com/card/detail/87,MISSED_WRONG_CARD,DA@카드의정석 | 국내외 가맹점 1.3%~0.8% 청구할인,2400.0,KRW
ONE_TRANSACTION_PER_ROW,persona4,정은주,persona4@picka.app,45,1982-10-16,010-0756-9643,L.POINT|신세계포인트|CJ ONE|해피포인트|T 멤버십|교보문고 회원,ADULT,,여성,전업주부,서울 양천구,False,서울특별시,양천구,2,2026-07-24,"[{""order"":1,""label"":""첫째"",""birth_date"":""2009-11-18"",""exact_age"":""만 16세 8개월 6일"",""school_stage"":""고등학생""},{""order"":2,""label"":""둘째"",""birth_date"":""2013-03-07"",""exact_age"":""만 13세 4개월 17일"",""school_stage"":""중학생""}]",첫째,2009-11-18,만 16세 8개월 6일,고등학생,둘째,2013-03-07,만 13세 4개월 17일,중학생,"자녀 2명(중/고등학생), 교육비와 생활비 관리 중심",4500000,2026-05~2026-07,"학원비 자동이체 할인, 대형마트·쿠팡·컬리 적립, 병원·약국 할인, 통신비 캐시백 카드",False,False,False,False,False,False,HOMEMAKER,LGU+,CAR,False,True,NONE,LOTTE,True,True,2,ELEMENTARY_SCHOOL | MIDDLE_SCHOOL,VERIFIED,"45세 전업주부·초등학생 및 중학생 자녀 양육 가구. LGU+·자가용·하이패스·롯데 계열 이용자이며, 경차·임신출산·복지·K-패스·항공사 제휴 자격은 해당하지 않음.",6,UC401 | UC402 | UC403 | UC404 | UC405 | UC406,KB YOU Prime 카드 | I’m GREAT | LOCA 365 카드 | 삼성 iD EDU 카드 | 신한카드 Mr.Life | DA@카드의정석,KB YOU Prime 카드:대형마트·카페·가족생활 | I’m GREAT:병원·약국·보험 | LOCA 365 카드:통신·구독 | 삼성 iD EDU 카드:학원비·교재·교육 | 신한카드 Mr.Life:온라인장보기·쇼핑·외식 | DA@카드의정석:혜택 공백 일반결제,july26-persona4-0004,july26-persona4-0004,2026-07,2026-07-14T20:00:00,넷플릭스,구독,정기 구독,SUBSCRIPTION_MEMBERSHIP,65000,900,64100,신용카드,CARD,APPROVED,넷플릭스 결제 · 구독/멤버십 카테고리,,UC404,2358,삼성 iD EDU 카드,삼성카드,교육비,학원비·교재·교육,,1044,신용카드,,500000,510000.0,,https://www.card-gorilla.com/card/detail/2358,1545100,1261200,Y,UC404,2358.0,삼성 iD EDU 카드,삼성카드,교육비,학원비·교재·교육,,신용카드,,500000.0,510000.0,1545100.0,1261200.0,Y,BENEFIT_RECEIVED,BENEFIT_APPLIED,900,900,0,,50%,5000.0,5000.0,4100.0,SYNTHETIC_RULE_MATCHING_V1,2358-03,구독/멤버십 맞춤 혜택,구독/멤버십,44,할인,%,50.0,,,,5000.0,,,PICKA 표준 혜택 카테고리 '구독/멤버십' 시연 데이터,https://www.card-gorilla.com/card/detail/2358,DISCOUNT_APPLIED,삼성 iD EDU 카드 | 온라인쇼핑몰 멤버십 50% 결제일할인,900.0,KRW
ONE_TRANSACTION_PER_ROW,persona4,정은주,persona4@picka.app,45,1982-10-16,010-0756-9643,L.POINT|신세계포인트|CJ ONE|해피포인트|T 멤버십|교보문고 회원,ADULT,,여성,전업주부,서울 양천구,False,서울특별시,양천구,2,2026-07-24,"[{""order"":1,""label"":""첫째"",""birth_date"":""2009-11-18"",""exact_age"":""만 16세 8개월 6일"",""school_stage"":""고등학생""},{""order"":2,""label"":""둘째"",""birth_date"":""2013-03-07"",""exact_age"":""만 13세 4개월 17일"",""school_stage"":""중학생""}]",첫째,2009-11-18,만 16세 8개월 6일,고등학생,둘째,2013-03-07,만 13세 4개월 17일,중학생,"자녀 2명(중/고등학생), 교육비와 생활비 관리 중심",4500000,2026-05~2026-07,"학원비 자동이체 할인, 대형마트·쿠팡·컬리 적립, 병원·약국 할인, 통신비 캐시백 카드",False,False,False,False,False,False,HOMEMAKER,LGU+,CAR,False,True,NONE,LOTTE,True,True,2,ELEMENTARY_SCHOOL | MIDDLE_SCHOOL,VERIFIED,"45세 전업주부·초등학생 및 중학생 자녀 양육 가구. LGU+·자가용·하이패스·롯데 계열 이용자이며, 경차·임신출산·복지·K-패스·항공사 제휴 자격은 해당하지 않음.",6,UC401 | UC402 | UC403 | UC404 | UC405 | UC406,KB YOU Prime 카드 | I’m GREAT | LOCA 365 카드 | 삼성 iD EDU 카드 | 신한카드 Mr.Life | DA@카드의정석,KB YOU Prime 카드:대형마트·카페·가족생활 | I’m GREAT:병원·약국·보험 | LOCA 365 카드:통신·구독 | 삼성 iD EDU 카드:학원비·교재·교육 | 신한카드 Mr.Life:온라인장보기·쇼핑·외식 | DA@카드의정석:혜택 공백 일반결제,july26-persona4-0032,july26-persona4-0032,2026-07,2026-07-15T17:50:00,CJ ONE,멤버십,포인트 적립·사용,MEMBERSHIP_POINTS,8700,0,8700,신용카드,CARD,APPROVED,CJ ONE 결제 · 멤버십/포인트 카테고리,,UC401,2930,KB YOU Prime 카드,KB국민카드,가계 주사용,대형마트·카페·가족생활,가족팩,7788,신용카드,,400000,1200000.0,,https://www.card-gorilla.com/card/detail/2930,958800,2376700,Y,UC406,87.0,DA@카드의정석,우리카드,보조 카드,혜택 공백 일반결제,,신용카드,,0.0,,464000.0,155900.0,Y,WRONG_CARD_BEFORE_PICKA,BEFORE_PICKA,0,100,100,픽카 이용 전 다른 카드를 사용하여 받을 수 있었던 혜택을 놓침,1.3%,,,,SYNTHETIC_RULE_MATCHING_V1,87-01,멤버십/포인트 맞춤 혜택,멤버십/포인트,51,할인,%,1.3,,,,,,,PICKA 표준 혜택 카테고리 '멤버십/포인트' 시연 데이터,https://www.card-gorilla.com/card/detail/87,MISSED_WRONG_CARD,DA@카드의정석 | 국내외 가맹점 1.3%~0.8% 청구할인,100.0,KRW
ONE_TRANSACTION_PER_ROW,persona4,정은주,persona4@picka.app,45,1982-10-16,010-0756-9643,L.POINT|신세계포인트|CJ ONE|해피포인트|T 멤버십|교보문고 회원,ADULT,,여성,전업주부,서울 양천구,False,서울특별시,양천구,2,2026-07-24,"[{""order"":1,""label"":""첫째"",""birth_date"":""2009-11-18"",""exact_age"":""만 16세 8개월 6일"",""school_stage"":""고등학생""},{""order"":2,""label"":""둘째"",""birth_date"":""2013-03-07"",""exact_age"":""만 13세 4개월 17일"",""school_stage"":""중학생""}]",첫째,2009-11-18,만 16세 8개월 6일,고등학생,둘째,2013-03-07,만 13세 4개월 17일,중학생,"자녀 2명(중/고등학생), 교육비와 생활비 관리 중심",4500000,2026-05~2026-07,"학원비 자동이체 할인, 대형마트·쿠팡·컬리 적립, 병원·약국 할인, 통신비 캐시백 카드",False,False,False,False,False,False,HOMEMAKER,LGU+,CAR,False,True,NONE,LOTTE,True,True,2,ELEMENTARY_SCHOOL | MIDDLE_SCHOOL,VERIFIED,"45세 전업주부·초등학생 및 중학생 자녀 양육 가구. LGU+·자가용·하이패스·롯데 계열 이용자이며, 경차·임신출산·복지·K-패스·항공사 제휴 자격은 해당하지 않음.",6,UC401 | UC402 | UC403 | UC404 | UC405 | UC406,KB YOU Prime 카드 | I’m GREAT | LOCA 365 카드 | 삼성 iD EDU 카드 | 신한카드 Mr.Life | DA@카드의정석,KB YOU Prime 카드:대형마트·카페·가족생활 | I’m GREAT:병원·약국·보험 | LOCA 365 카드:통신·구독 | 삼성 iD EDU 카드:학원비·교재·교육 | 신한카드 Mr.Life:온라인장보기·쇼핑·외식 | DA@카드의정석:혜택 공백 일반결제,july26-persona4-0040,july26-persona4-0040,2026-07,2026-07-15T20:55:00,코스트코,마트/쇼핑,대형마트 및 쇼핑,MART_SHOPPING,113000,0,113000,신용카드,CARD,APPROVED,코스트코 결제 · 마트/쇼핑 카테고리,,UC404,2358,삼성 iD EDU 카드,삼성카드,교육비,학원비·교재·교육,,1044,신용카드,,500000,510000.0,,https://www.card-gorilla.com/card/detail/2358,1545100,1261200,Y,UC406,87.0,DA@카드의정석,우리카드,보조 카드,혜택 공백 일반결제,,신용카드,,0.0,,464000.0,155900.0,Y,WRONG_CARD_BEFORE_PICKA,BEFORE_PICKA,0,1600,1600,픽카 이용 전 다른 카드를 사용하여 받을 수 있었던 혜택을 놓침,1.3%,,,,SYNTHETIC_RULE_MATCHING_V1,87-01,마트/쇼핑 맞춤 혜택,마트/쇼핑,97,할인,%,1.3,,,,,,,PICKA 표준 혜택 카테고리 '마트/쇼핑' 시연 데이터,https://www.card-gorilla.com/card/detail/87,MISSED_WRONG_CARD,DA@카드의정석 | 국내외 가맹점 1.3%~0.8% 청구할인,1600.0,KRW
ONE_TRANSACTION_PER_ROW,persona4,정은주,persona4@picka.app,45,1982-10-16,010-0756-9643,L.POINT|신세계포인트|CJ ONE|해피포인트|T 멤버십|교보문고 회원,ADULT,,여성,전업주부,서울 양천구,False,서울특별시,양천구,2,2026-07-24,"[{""order"":1,""label"":""첫째"",""birth_date"":""2009-11-18"",""exact_age"":""만 16세 8개월 6일"",""school_stage"":""고등학생""},{""order"":2,""label"":""둘째"",""birth_date"":""2013-03-07"",""exact_age"":""만 13세 4개월 17일"",""school_stage"":""중학생""}]",첫째,2009-11-18,만 16세 8개월 6일,고등학생,둘째,2013-03-07,만 13세 4개월 17일,중학생,"자녀 2명(중/고등학생), 교육비와 생활비 관리 중심",4500000,2026-05~2026-07,"학원비 자동이체 할인, 대형마트·쿠팡·컬리 적립, 병원·약국 할인, 통신비 캐시백 카드",False,False,False,False,False,False,HOMEMAKER,LGU+,CAR,False,True,NONE,LOTTE,True,True,2,ELEMENTARY_SCHOOL | MIDDLE_SCHOOL,VERIFIED,"45세 전업주부·초등학생 및 중학생 자녀 양육 가구. LGU+·자가용·하이패스·롯데 계열 이용자이며, 경차·임신출산·복지·K-패스·항공사 제휴 자격은 해당하지 않음.",6,UC401 | UC402 | UC403 | UC404 | UC405 | UC406,KB YOU Prime 카드 | I’m GREAT | LOCA 365 카드 | 삼성 iD EDU 카드 | 신한카드 Mr.Life | DA@카드의정석,KB YOU Prime 카드:대형마트·카페·가족생활 | I’m GREAT:병원·약국·보험 | LOCA 365 카드:통신·구독 | 삼성 iD EDU 카드:학원비·교재·교육 | 신한카드 Mr.Life:온라인장보기·쇼핑·외식 | DA@카드의정석:혜택 공백 일반결제,july26-persona4-0017,july26-persona4-0017,2026-07,2026-07-15T21:25:00,교재비,교육/육아,교육 및 육아,EDUCATION_CHILDCARE,201400,2800,198600,신용카드,CARD,APPROVED,교재비 결제 · 교육/육아 카테고리,,UC401,2930,KB YOU Prime 카드,KB국민카드,가계 주사용,대형마트·카페·가족생활,가족팩,7788,신용카드,,400000,1200000.0,,https://www.card-gorilla.com/card/detail/2930,958800,2376700,Y,UC401,2930.0,KB YOU Prime 카드,KB국민카드,가계 주사용,대형마트·카페·가족생활,가족팩,신용카드,,400000.0,1200000.0,958800.0,2376700.0,Y,BENEFIT_RECEIVED,BENEFIT_APPLIED,2800,2800,0,,10%,400000.0,392300.0,389500.0,SYNTHETIC_RULE_MATCHING_V1,2930-02,교육/육아 맞춤 혜택,교육/육아,14,할인,%,10.0,400000.0,50000.0,,400000.0,,,PICKA 표준 혜택 카테고리 '교육/육아' 시연 데이터,https://www.card-gorilla.com/card/detail/2930,DISCOUNT_APPLIED,"KB YOU Prime 카드 | [가족팩] 6개 영역 최대 10% 청구할인
생활요금, 온라인장보기, 일상케어, 학원, 대형마트, 카페",2800.0,KRW
ONE_TRANSACTION_PER_ROW,persona4,정은주,persona4@picka.app,45,1982-10-16,010-0756-9643,L.POINT|신세계포인트|CJ ONE|해피포인트|T 멤버십|교보문고 회원,ADULT,,여성,전업주부,서울 양천구,False,서울특별시,양천구,2,2026-07-24,"[{""order"":1,""label"":""첫째"",""birth_date"":""2009-11-18"",""exact_age"":""만 16세 8개월 6일"",""school_stage"":""고등학생""},{""order"":2,""label"":""둘째"",""birth_date"":""2013-03-07"",""exact_age"":""만 13세 4개월 17일"",""school_stage"":""중학생""}]",첫째,2009-11-18,만 16세 8개월 6일,고등학생,둘째,2013-03-07,만 13세 4개월 17일,중학생,"자녀 2명(중/고등학생), 교육비와 생활비 관리 중심",4500000,2026-05~2026-07,"학원비 자동이체 할인, 대형마트·쿠팡·컬리 적립, 병원·약국 할인, 통신비 캐시백 카드",False,False,False,False,False,False,HOMEMAKER,LGU+,CAR,False,True,NONE,LOTTE,True,True,2,ELEMENTARY_SCHOOL | MIDDLE_SCHOOL,VERIFIED,"45세 전업주부·초등학생 및 중학생 자녀 양육 가구. LGU+·자가용·하이패스·롯데 계열 이용자이며, 경차·임신출산·복지·K-패스·항공사 제휴 자격은 해당하지 않음.",6,UC401 | UC402 | UC403 | UC404 | UC405 | UC406,KB YOU Prime 카드 | I’m GREAT | LOCA 365 카드 | 삼성 iD EDU 카드 | 신한카드 Mr.Life | DA@카드의정석,KB YOU Prime 카드:대형마트·카페·가족생활 | I’m GREAT:병원·약국·보험 | LOCA 365 카드:통신·구독 | 삼성 iD EDU 카드:학원비·교재·교육 | 신한카드 Mr.Life:온라인장보기·쇼핑·외식 | DA@카드의정석:혜택 공백 일반결제,july26-persona4-0031,july26-persona4-0031,2026-07,2026-07-16T09:40:00,이마트,마트/쇼핑,대형마트 및 쇼핑,MART_SHOPPING,115000,0,115000,신용카드,CARD,APPROVED,이마트 결제 · 마트/쇼핑 카테고리,,UC404,2358,삼성 iD EDU 카드,삼성카드,교육비,학원비·교재·교육,,1044,신용카드,,500000,510000.0,,https://www.card-gorilla.com/card/detail/2358,1545100,1261200,Y,UC406,87.0,DA@카드의정석,우리카드,보조 카드,혜택 공백 일반결제,,신용카드,,0.0,,464000.0,155900.0,Y,WRONG_CARD_BEFORE_PICKA,BEFORE_PICKA,0,1600,1600,픽카 이용 전 다른 카드를 사용하여 받을 수 있었던 혜택을 놓침,1.3%,,,,SYNTHETIC_RULE_MATCHING_V1,87-01,마트/쇼핑 맞춤 혜택,마트/쇼핑,97,할인,%,1.3,,,,,,,PICKA 표준 혜택 카테고리 '마트/쇼핑' 시연 데이터,https://www.card-gorilla.com/card/detail/87,MISSED_WRONG_CARD,DA@카드의정석 | 국내외 가맹점 1.3%~0.8% 청구할인,1600.0,KRW
ONE_TRANSACTION_PER_ROW,persona4,정은주,persona4@picka.app,45,1982-10-16,010-0756-9643,L.POINT|신세계포인트|CJ ONE|해피포인트|T 멤버십|교보문고 회원,ADULT,,여성,전업주부,서울 양천구,False,서울특별시,양천구,2,2026-07-24,"[{""order"":1,""label"":""첫째"",""birth_date"":""2009-11-18"",""exact_age"":""만 16세 8개월 6일"",""school_stage"":""고등학생""},{""order"":2,""label"":""둘째"",""birth_date"":""2013-03-07"",""exact_age"":""만 13세 4개월 17일"",""school_stage"":""중학생""}]",첫째,2009-11-18,만 16세 8개월 6일,고등학생,둘째,2013-03-07,만 13세 4개월 17일,중학생,"자녀 2명(중/고등학생), 교육비와 생활비 관리 중심",4500000,2026-05~2026-07,"학원비 자동이체 할인, 대형마트·쿠팡·컬리 적립, 병원·약국 할인, 통신비 캐시백 카드",False,False,False,False,False,False,HOMEMAKER,LGU+,CAR,False,True,NONE,LOTTE,True,True,2,ELEMENTARY_SCHOOL | MIDDLE_SCHOOL,VERIFIED,"45세 전업주부·초등학생 및 중학생 자녀 양육 가구. LGU+·자가용·하이패스·롯데 계열 이용자이며, 경차·임신출산·복지·K-패스·항공사 제휴 자격은 해당하지 않음.",6,UC401 | UC402 | UC403 | UC404 | UC405 | UC406,KB YOU Prime 카드 | I’m GREAT | LOCA 365 카드 | 삼성 iD EDU 카드 | 신한카드 Mr.Life | DA@카드의정석,KB YOU Prime 카드:대형마트·카페·가족생활 | I’m GREAT:병원·약국·보험 | LOCA 365 카드:통신·구독 | 삼성 iD EDU 카드:학원비·교재·교육 | 신한카드 Mr.Life:온라인장보기·쇼핑·외식 | DA@카드의정석:혜택 공백 일반결제,july26-persona4-0021,july26-persona4-0021,2026-07,2026-07-16T15:00:00,생활용품점,생활,생활용품,LIVING,59000,0,59000,신용카드,CARD,APPROVED,생활용품점 결제 · 생활 카테고리,,UC403,2330,LOCA 365 카드,롯데카드,고정비,통신·구독,,9900,신용카드,,500000,,,https://www.card-gorilla.com/card/detail/2330,276300,509000,N,UC406,87.0,DA@카드의정석,우리카드,보조 카드,혜택 공백 일반결제,,신용카드,,0.0,,464000.0,155900.0,Y,WRONG_CARD_BEFORE_PICKA,BEFORE_PICKA,0,800,800,픽카 이용 전 다른 카드를 사용하여 받을 수 있었던 혜택을 놓침,1.3%,,,,SYNTHETIC_RULE_MATCHING_V1,87-01,생활 맞춤 혜택,생활,22,할인,%,1.3,,,,,,,PICKA 표준 혜택 카테고리 '생활' 시연 데이터,https://www.card-gorilla.com/card/detail/87,MISSED_WRONG_CARD,DA@카드의정석 | 국내외 가맹점 1.3%~0.8% 청구할인,800.0,KRW
ONE_TRANSACTION_PER_ROW,persona4,정은주,persona4@picka.app,45,1982-10-16,010-0756-9643,L.POINT|신세계포인트|CJ ONE|해피포인트|T 멤버십|교보문고 회원,ADULT,,여성,전업주부,서울 양천구,False,서울특별시,양천구,2,2026-07-24,"[{""order"":1,""label"":""첫째"",""birth_date"":""2009-11-18"",""exact_age"":""만 16세 8개월 6일"",""school_stage"":""고등학생""},{""order"":2,""label"":""둘째"",""birth_date"":""2013-03-07"",""exact_age"":""만 13세 4개월 17일"",""school_stage"":""중학생""}]",첫째,2009-11-18,만 16세 8개월 6일,고등학생,둘째,2013-03-07,만 13세 4개월 17일,중학생,"자녀 2명(중/고등학생), 교육비와 생활비 관리 중심",4500000,2026-05~2026-07,"학원비 자동이체 할인, 대형마트·쿠팡·컬리 적립, 병원·약국 할인, 통신비 캐시백 카드",False,False,False,False,False,False,HOMEMAKER,LGU+,CAR,False,True,NONE,LOTTE,True,True,2,ELEMENTARY_SCHOOL | MIDDLE_SCHOOL,VERIFIED,"45세 전업주부·초등학생 및 중학생 자녀 양육 가구. LGU+·자가용·하이패스·롯데 계열 이용자이며, 경차·임신출산·복지·K-패스·항공사 제휴 자격은 해당하지 않음.",6,UC401 | UC402 | UC403 | UC404 | UC405 | UC406,KB YOU Prime 카드 | I’m GREAT | LOCA 365 카드 | 삼성 iD EDU 카드 | 신한카드 Mr.Life | DA@카드의정석,KB YOU Prime 카드:대형마트·카페·가족생활 | I’m GREAT:병원·약국·보험 | LOCA 365 카드:통신·구독 | 삼성 iD EDU 카드:학원비·교재·교육 | 신한카드 Mr.Life:온라인장보기·쇼핑·외식 | DA@카드의정석:혜택 공백 일반결제,july26-persona4-0018,july26-persona4-0018,2026-07,2026-07-16T22:25:00,인천공항 라운지,프리미엄서비스,프리미엄 서비스,PREMIUM_SERVICE,159300,2300,157000,신용카드,CARD,APPROVED,인천공항 라운지 결제 · 프리미엄서비스 카테고리,,UC401,2930,KB YOU Prime 카드,KB국민카드,가계 주사용,대형마트·카페·가족생활,가족팩,7788,신용카드,,400000,1200000.0,,https://www.card-gorilla.com/card/detail/2930,958800,2376700,Y,UC401,2930.0,KB YOU Prime 카드,KB국민카드,가계 주사용,대형마트·카페·가족생활,가족팩,신용카드,,400000.0,1200000.0,958800.0,2376700.0,Y,BENEFIT_RECEIVED,BENEFIT_APPLIED,2300,2300,0,,10%,400000.0,400000.0,397700.0,SYNTHETIC_RULE_MATCHING_V1,2930-01,프리미엄서비스 맞춤 혜택,프리미엄서비스,1,할인,%,10.0,400000.0,,,400000.0,,,PICKA 표준 혜택 카테고리 '프리미엄서비스' 시연 데이터,https://www.card-gorilla.com/card/detail/2930,DISCOUNT_APPLIED,"KB YOU Prime 카드 | [일상팩] 6개 영역 최대 10% 청구할인
주유, 배달, 통신/보험/APP, 온라인쇼핑, 편의점, 취미/자기관리",2300.0,KRW
ONE_TRANSACTION_PER_ROW,persona4,정은주,persona4@picka.app,45,1982-10-16,010-0756-9643,L.POINT|신세계포인트|CJ ONE|해피포인트|T 멤버십|교보문고 회원,ADULT,,여성,전업주부,서울 양천구,False,서울특별시,양천구,2,2026-07-24,"[{""order"":1,""label"":""첫째"",""birth_date"":""2009-11-18"",""exact_age"":""만 16세 8개월 6일"",""school_stage"":""고등학생""},{""order"":2,""label"":""둘째"",""birth_date"":""2013-03-07"",""exact_age"":""만 13세 4개월 17일"",""school_stage"":""중학생""}]",첫째,2009-11-18,만 16세 8개월 6일,고등학생,둘째,2013-03-07,만 13세 4개월 17일,중학생,"자녀 2명(중/고등학생), 교육비와 생활비 관리 중심",4500000,2026-05~2026-07,"학원비 자동이체 할인, 대형마트·쿠팡·컬리 적립, 병원·약국 할인, 통신비 캐시백 카드",False,False,False,False,False,False,HOMEMAKER,LGU+,CAR,False,True,NONE,LOTTE,True,True,2,ELEMENTARY_SCHOOL | MIDDLE_SCHOOL,VERIFIED,"45세 전업주부·초등학생 및 중학생 자녀 양육 가구. LGU+·자가용·하이패스·롯데 계열 이용자이며, 경차·임신출산·복지·K-패스·항공사 제휴 자격은 해당하지 않음.",6,UC401 | UC402 | UC403 | UC404 | UC405 | UC406,KB YOU Prime 카드 | I’m GREAT | LOCA 365 카드 | 삼성 iD EDU 카드 | 신한카드 Mr.Life | DA@카드의정석,KB YOU Prime 카드:대형마트·카페·가족생활 | I’m GREAT:병원·약국·보험 | LOCA 365 카드:통신·구독 | 삼성 iD EDU 카드:학원비·교재·교육 | 신한카드 Mr.Life:온라인장보기·쇼핑·외식 | DA@카드의정석:혜택 공백 일반결제,july26-persona4-0024,july26-persona4-0024,2026-07,2026-07-17T11:20:00,SK에너지 주유소,자동차,주유,FUEL,120800,1700,119100,신용카드,CARD,APPROVED,SK에너지 주유소 결제 · 주유 카테고리,,UC401,2930,KB YOU Prime 카드,KB국민카드,가계 주사용,대형마트·카페·가족생활,가족팩,7788,신용카드,,400000,1200000.0,,https://www.card-gorilla.com/card/detail/2930,958800,2376700,Y,UC401,2930.0,KB YOU Prime 카드,KB국민카드,가계 주사용,대형마트·카페·가족생활,가족팩,신용카드,,400000.0,1200000.0,958800.0,2376700.0,Y,BENEFIT_RECEIVED,BENEFIT_APPLIED,1700,1700,0,,10%,400000.0,397700.0,396000.0,SYNTHETIC_RULE_MATCHING_V1,2930-01,주유 맞춤 혜택,주유,17,할인,%,10.0,400000.0,,,400000.0,,,PICKA 표준 혜택 카테고리 '주유' 시연 데이터,https://www.card-gorilla.com/card/detail/2930,DISCOUNT_APPLIED,"KB YOU Prime 카드 | [일상팩] 6개 영역 최대 10% 청구할인
주유, 배달, 통신/보험/APP, 온라인쇼핑, 편의점, 취미/자기관리",1700.0,KRW
ONE_TRANSACTION_PER_ROW,persona4,정은주,persona4@picka.app,45,1982-10-16,010-0756-9643,L.POINT|신세계포인트|CJ ONE|해피포인트|T 멤버십|교보문고 회원,ADULT,,여성,전업주부,서울 양천구,False,서울특별시,양천구,2,2026-07-24,"[{""order"":1,""label"":""첫째"",""birth_date"":""2009-11-18"",""exact_age"":""만 16세 8개월 6일"",""school_stage"":""고등학생""},{""order"":2,""label"":""둘째"",""birth_date"":""2013-03-07"",""exact_age"":""만 13세 4개월 17일"",""school_stage"":""중학생""}]",첫째,2009-11-18,만 16세 8개월 6일,고등학생,둘째,2013-03-07,만 13세 4개월 17일,중학생,"자녀 2명(중/고등학생), 교육비와 생활비 관리 중심",4500000,2026-05~2026-07,"학원비 자동이체 할인, 대형마트·쿠팡·컬리 적립, 병원·약국 할인, 통신비 캐시백 카드",False,False,False,False,False,False,HOMEMAKER,LGU+,CAR,False,True,NONE,LOTTE,True,True,2,ELEMENTARY_SCHOOL | MIDDLE_SCHOOL,VERIFIED,"45세 전업주부·초등학생 및 중학생 자녀 양육 가구. LGU+·자가용·하이패스·롯데 계열 이용자이며, 경차·임신출산·복지·K-패스·항공사 제휴 자격은 해당하지 않음.",6,UC401 | UC402 | UC403 | UC404 | UC405 | UC406,KB YOU Prime 카드 | I’m GREAT | LOCA 365 카드 | 삼성 iD EDU 카드 | 신한카드 Mr.Life | DA@카드의정석,KB YOU Prime 카드:대형마트·카페·가족생활 | I’m GREAT:병원·약국·보험 | LOCA 365 카드:통신·구독 | 삼성 iD EDU 카드:학원비·교재·교육 | 신한카드 Mr.Life:온라인장보기·쇼핑·외식 | DA@카드의정석:혜택 공백 일반결제,july26-persona4-0027,july26-persona4-0027,2026-07,2026-07-17T16:10:00,이탈리안 레스토랑,외식,음식점,FOOD_DINING,49000,0,49000,신용카드,CARD,APPROVED,이탈리안 레스토랑 결제 · 푸드/외식 카테고리,,UC402,214,I’m GREAT,롯데카드,의료·보험,병원·약국·보험,,8899,신용카드,,500000,5000.0,,https://www.card-gorilla.com/card/detail/214,675100,220800,Y,UC406,87.0,DA@카드의정석,우리카드,보조 카드,혜택 공백 일반결제,,신용카드,,0.0,,464000.0,155900.0,Y,WRONG_CARD_BEFORE_PICKA,BEFORE_PICKA,0,700,700,픽카 이용 전 다른 카드를 사용하여 받을 수 있었던 혜택을 놓침,1.3%,,,,SYNTHETIC_RULE_MATCHING_V1,87-01,푸드/외식 맞춤 혜택,푸드/외식,57,할인,%,1.3,,,,,,,PICKA 표준 혜택 카테고리 '푸드/외식' 시연 데이터,https://www.card-gorilla.com/card/detail/87,MISSED_WRONG_CARD,DA@카드의정석 | 국내외 가맹점 1.3%~0.8% 청구할인,700.0,KRW
ONE_TRANSACTION_PER_ROW,persona4,정은주,persona4@picka.app,45,1982-10-16,010-0756-9643,L.POINT|신세계포인트|CJ ONE|해피포인트|T 멤버십|교보문고 회원,ADULT,,여성,전업주부,서울 양천구,False,서울특별시,양천구,2,2026-07-24,"[{""order"":1,""label"":""첫째"",""birth_date"":""2009-11-18"",""exact_age"":""만 16세 8개월 6일"",""school_stage"":""고등학생""},{""order"":2,""label"":""둘째"",""birth_date"":""2013-03-07"",""exact_age"":""만 13세 4개월 17일"",""school_stage"":""중학생""}]",첫째,2009-11-18,만 16세 8개월 6일,고등학생,둘째,2013-03-07,만 13세 4개월 17일,중학생,"자녀 2명(중/고등학생), 교육비와 생활비 관리 중심",4500000,2026-05~2026-07,"학원비 자동이체 할인, 대형마트·쿠팡·컬리 적립, 병원·약국 할인, 통신비 캐시백 카드",False,False,False,False,False,False,HOMEMAKER,LGU+,CAR,False,True,NONE,LOTTE,True,True,2,ELEMENTARY_SCHOOL | MIDDLE_SCHOOL,VERIFIED,"45세 전업주부·초등학생 및 중학생 자녀 양육 가구. LGU+·자가용·하이패스·롯데 계열 이용자이며, 경차·임신출산·복지·K-패스·항공사 제휴 자격은 해당하지 않음.",6,UC401 | UC402 | UC403 | UC404 | UC405 | UC406,KB YOU Prime 카드 | I’m GREAT | LOCA 365 카드 | 삼성 iD EDU 카드 | 신한카드 Mr.Life | DA@카드의정석,KB YOU Prime 카드:대형마트·카페·가족생활 | I’m GREAT:병원·약국·보험 | LOCA 365 카드:통신·구독 | 삼성 iD EDU 카드:학원비·교재·교육 | 신한카드 Mr.Life:온라인장보기·쇼핑·외식 | DA@카드의정석:혜택 공백 일반결제,july26-persona4-0036,july26-persona4-0036,2026-07,2026-07-18T10:40:00,홈플러스,마트/쇼핑,대형마트 및 쇼핑,MART_SHOPPING,116400,1600,114800,신용카드,CARD,APPROVED,홈플러스 결제 · 마트/쇼핑 카테고리,,UC401,2930,KB YOU Prime 카드,KB국민카드,가계 주사용,대형마트·카페·가족생활,가족팩,7788,신용카드,,400000,1200000.0,,https://www.card-gorilla.com/card/detail/2930,958800,2376700,Y,UC401,2930.0,KB YOU Prime 카드,KB국민카드,가계 주사용,대형마트·카페·가족생활,가족팩,신용카드,,400000.0,1200000.0,958800.0,2376700.0,Y,BENEFIT_RECEIVED,BENEFIT_APPLIED,1600,1600,0,,10%,400000.0,389500.0,387900.0,SYNTHETIC_RULE_MATCHING_V1,2930-02,마트/쇼핑 맞춤 혜택,마트/쇼핑,97,할인,%,10.0,400000.0,50000.0,,400000.0,,,PICKA 표준 혜택 카테고리 '마트/쇼핑' 시연 데이터,https://www.card-gorilla.com/card/detail/2930,DISCOUNT_APPLIED,"KB YOU Prime 카드 | [가족팩] 6개 영역 최대 10% 청구할인
생활요금, 온라인장보기, 일상케어, 학원, 대형마트, 카페",1600.0,KRW
ONE_TRANSACTION_PER_ROW,persona4,정은주,persona4@picka.app,45,1982-10-16,010-0756-9643,L.POINT|신세계포인트|CJ ONE|해피포인트|T 멤버십|교보문고 회원,ADULT,,여성,전업주부,서울 양천구,False,서울특별시,양천구,2,2026-07-24,"[{""order"":1,""label"":""첫째"",""birth_date"":""2009-11-18"",""exact_age"":""만 16세 8개월 6일"",""school_stage"":""고등학생""},{""order"":2,""label"":""둘째"",""birth_date"":""2013-03-07"",""exact_age"":""만 13세 4개월 17일"",""school_stage"":""중학생""}]",첫째,2009-11-18,만 16세 8개월 6일,고등학생,둘째,2013-03-07,만 13세 4개월 17일,중학생,"자녀 2명(중/고등학생), 교육비와 생활비 관리 중심",4500000,2026-05~2026-07,"학원비 자동이체 할인, 대형마트·쿠팡·컬리 적립, 병원·약국 할인, 통신비 캐시백 카드",False,False,False,False,False,False,HOMEMAKER,LGU+,CAR,False,True,NONE,LOTTE,True,True,2,ELEMENTARY_SCHOOL | MIDDLE_SCHOOL,VERIFIED,"45세 전업주부·초등학생 및 중학생 자녀 양육 가구. LGU+·자가용·하이패스·롯데 계열 이용자이며, 경차·임신출산·복지·K-패스·항공사 제휴 자격은 해당하지 않음.",6,UC401 | UC402 | UC403 | UC404 | UC405 | UC406,KB YOU Prime 카드 | I’m GREAT | LOCA 365 카드 | 삼성 iD EDU 카드 | 신한카드 Mr.Life | DA@카드의정석,KB YOU Prime 카드:대형마트·카페·가족생활 | I’m GREAT:병원·약국·보험 | LOCA 365 카드:통신·구독 | 삼성 iD EDU 카드:학원비·교재·교육 | 신한카드 Mr.Life:온라인장보기·쇼핑·외식 | DA@카드의정석:혜택 공백 일반결제,july26-persona4-0041,july26-persona4-0041,2026-07,2026-07-18T16:25:00,스타벅스,카페,카페 및 디저트,CAFE_DESSERT,9800,0,9800,신용카드,CARD,APPROVED,스타벅스 결제 · 카페/디저트 카테고리,,UC404,2358,삼성 iD EDU 카드,삼성카드,교육비,학원비·교재·교육,,1044,신용카드,,500000,510000.0,,https://www.card-gorilla.com/card/detail/2358,1545100,1261200,Y,UC406,87.0,DA@카드의정석,우리카드,보조 카드,혜택 공백 일반결제,,신용카드,,0.0,,464000.0,155900.0,Y,WRONG_CARD_BEFORE_PICKA,BEFORE_PICKA,0,100,100,픽카 이용 전 다른 카드를 사용하여 받을 수 있었던 혜택을 놓침,1.3%,,,,SYNTHETIC_RULE_MATCHING_V1,87-01,카페/디저트 맞춤 혜택,카페/디저트,45,할인,%,1.3,,,,,,,PICKA 표준 혜택 카테고리 '카페/디저트' 시연 데이터,https://www.card-gorilla.com/card/detail/87,MISSED_WRONG_CARD,DA@카드의정석 | 국내외 가맹점 1.3%~0.8% 청구할인,100.0,KRW
ONE_TRANSACTION_PER_ROW,persona4,정은주,persona4@picka.app,45,1982-10-16,010-0756-9643,L.POINT|신세계포인트|CJ ONE|해피포인트|T 멤버십|교보문고 회원,ADULT,,여성,전업주부,서울 양천구,False,서울특별시,양천구,2,2026-07-24,"[{""order"":1,""label"":""첫째"",""birth_date"":""2009-11-18"",""exact_age"":""만 16세 8개월 6일"",""school_stage"":""고등학생""},{""order"":2,""label"":""둘째"",""birth_date"":""2013-03-07"",""exact_age"":""만 13세 4개월 17일"",""school_stage"":""중학생""}]",첫째,2009-11-18,만 16세 8개월 6일,고등학생,둘째,2013-03-07,만 13세 4개월 17일,중학생,"자녀 2명(중/고등학생), 교육비와 생활비 관리 중심",4500000,2026-05~2026-07,"학원비 자동이체 할인, 대형마트·쿠팡·컬리 적립, 병원·약국 할인, 통신비 캐시백 카드",False,False,False,False,False,False,HOMEMAKER,LGU+,CAR,False,True,NONE,LOTTE,True,True,2,ELEMENTARY_SCHOOL | MIDDLE_SCHOOL,VERIFIED,"45세 전업주부·초등학생 및 중학생 자녀 양육 가구. LGU+·자가용·하이패스·롯데 계열 이용자이며, 경차·임신출산·복지·K-패스·항공사 제휴 자격은 해당하지 않음.",6,UC401 | UC402 | UC403 | UC404 | UC405 | UC406,KB YOU Prime 카드 | I’m GREAT | LOCA 365 카드 | 삼성 iD EDU 카드 | 신한카드 Mr.Life | DA@카드의정석,KB YOU Prime 카드:대형마트·카페·가족생활 | I’m GREAT:병원·약국·보험 | LOCA 365 카드:통신·구독 | 삼성 iD EDU 카드:학원비·교재·교육 | 신한카드 Mr.Life:온라인장보기·쇼핑·외식 | DA@카드의정석:혜택 공백 일반결제,july26-persona4-0038,july26-persona4-0038,2026-07,2026-07-18T21:15:00,서울도시가스,공과금,생활요금,UTILITIES,239200,0,239200,신용카드,CARD,APPROVED,서울도시가스 결제 · 공과금/생활요금 카테고리,,UC403,2330,LOCA 365 카드,롯데카드,고정비,통신·구독,,9900,신용카드,,500000,,,https://www.card-gorilla.com/card/detail/2330,276300,509000,N,UC406,87.0,DA@카드의정석,우리카드,보조 카드,혜택 공백 일반결제,,신용카드,,0.0,,464000.0,155900.0,Y,WRONG_CARD_BEFORE_PICKA,BEFORE_PICKA,0,3500,3500,픽카 이용 전 다른 카드를 사용하여 받을 수 있었던 혜택을 놓침,1.3%,,,,SYNTHETIC_RULE_MATCHING_V1,87-01,공과금/생활요금 맞춤 혜택,공과금/생활요금,3,할인,%,1.3,,,,,,,PICKA 표준 혜택 카테고리 '공과금/생활요금' 시연 데이터,https://www.card-gorilla.com/card/detail/87,MISSED_WRONG_CARD,DA@카드의정석 | 국내외 가맹점 1.3%~0.8% 청구할인,3500.0,KRW
ONE_TRANSACTION_PER_ROW,persona4,정은주,persona4@picka.app,45,1982-10-16,010-0756-9643,L.POINT|신세계포인트|CJ ONE|해피포인트|T 멤버십|교보문고 회원,ADULT,,여성,전업주부,서울 양천구,False,서울특별시,양천구,2,2026-07-24,"[{""order"":1,""label"":""첫째"",""birth_date"":""2009-11-18"",""exact_age"":""만 16세 8개월 6일"",""school_stage"":""고등학생""},{""order"":2,""label"":""둘째"",""birth_date"":""2013-03-07"",""exact_age"":""만 13세 4개월 17일"",""school_stage"":""중학생""}]",첫째,2009-11-18,만 16세 8개월 6일,고등학생,둘째,2013-03-07,만 13세 4개월 17일,중학생,"자녀 2명(중/고등학생), 교육비와 생활비 관리 중심",4500000,2026-05~2026-07,"학원비 자동이체 할인, 대형마트·쿠팡·컬리 적립, 병원·약국 할인, 통신비 캐시백 카드",False,False,False,False,False,False,HOMEMAKER,LGU+,CAR,False,True,NONE,LOTTE,True,True,2,ELEMENTARY_SCHOOL | MIDDLE_SCHOOL,VERIFIED,"45세 전업주부·초등학생 및 중학생 자녀 양육 가구. LGU+·자가용·하이패스·롯데 계열 이용자이며, 경차·임신출산·복지·K-패스·항공사 제휴 자격은 해당하지 않음.",6,UC401 | UC402 | UC403 | UC404 | UC405 | UC406,KB YOU Prime 카드 | I’m GREAT | LOCA 365 카드 | 삼성 iD EDU 카드 | 신한카드 Mr.Life | DA@카드의정석,KB YOU Prime 카드:대형마트·카페·가족생활 | I’m GREAT:병원·약국·보험 | LOCA 365 카드:통신·구독 | 삼성 iD EDU 카드:학원비·교재·교육 | 신한카드 Mr.Life:온라인장보기·쇼핑·외식 | DA@카드의정석:혜택 공백 일반결제,july26-persona4-0012,july26-persona4-0012,2026-07,2026-07-20T08:20:00,아파트아이 관리비,공과금,생활요금,UTILITIES,149700,2100,147600,신용카드,CARD,APPROVED,아파트아이 관리비 결제 · 공과금/생활요금 카테고리,,UC404,2358,삼성 iD EDU 카드,삼성카드,교육비,학원비·교재·교육,,1044,신용카드,,500000,510000.0,,https://www.card-gorilla.com/card/detail/2358,1545100,1261200,Y,UC404,2358.0,삼성 iD EDU 카드,삼성카드,교육비,학원비·교재·교육,,신용카드,,500000.0,510000.0,1545100.0,1261200.0,Y,BENEFIT_RECEIVED,BENEFIT_APPLIED,2100,2100,0,,50%,5000.0,4100.0,2000.0,SYNTHETIC_RULE_MATCHING_V1,2358-03,공과금/생활요금 맞춤 혜택,공과금/생활요금,3,할인,%,50.0,,,,5000.0,,,PICKA 표준 혜택 카테고리 '공과금/생활요금' 시연 데이터,https://www.card-gorilla.com/card/detail/2358,DISCOUNT_APPLIED,삼성 iD EDU 카드 | 온라인쇼핑몰 멤버십 50% 결제일할인,2100.0,KRW
ONE_TRANSACTION_PER_ROW,persona4,정은주,persona4@picka.app,45,1982-10-16,010-0756-9643,L.POINT|신세계포인트|CJ ONE|해피포인트|T 멤버십|교보문고 회원,ADULT,,여성,전업주부,서울 양천구,False,서울특별시,양천구,2,2026-07-24,"[{""order"":1,""label"":""첫째"",""birth_date"":""2009-11-18"",""exact_age"":""만 16세 8개월 6일"",""school_stage"":""고등학생""},{""order"":2,""label"":""둘째"",""birth_date"":""2013-03-07"",""exact_age"":""만 13세 4개월 17일"",""school_stage"":""중학생""}]",첫째,2009-11-18,만 16세 8개월 6일,고등학생,둘째,2013-03-07,만 13세 4개월 17일,중학생,"자녀 2명(중/고등학생), 교육비와 생활비 관리 중심",4500000,2026-05~2026-07,"학원비 자동이체 할인, 대형마트·쿠팡·컬리 적립, 병원·약국 할인, 통신비 캐시백 카드",False,False,False,False,False,False,HOMEMAKER,LGU+,CAR,False,True,NONE,LOTTE,True,True,2,ELEMENTARY_SCHOOL | MIDDLE_SCHOOL,VERIFIED,"45세 전업주부·초등학생 및 중학생 자녀 양육 가구. LGU+·자가용·하이패스·롯데 계열 이용자이며, 경차·임신출산·복지·K-패스·항공사 제휴 자격은 해당하지 않음.",6,UC401 | UC402 | UC403 | UC404 | UC405 | UC406,KB YOU Prime 카드 | I’m GREAT | LOCA 365 카드 | 삼성 iD EDU 카드 | 신한카드 Mr.Life | DA@카드의정석,KB YOU Prime 카드:대형마트·카페·가족생활 | I’m GREAT:병원·약국·보험 | LOCA 365 카드:통신·구독 | 삼성 iD EDU 카드:학원비·교재·교육 | 신한카드 Mr.Life:온라인장보기·쇼핑·외식 | DA@카드의정석:혜택 공백 일반결제,july26-persona4-0013,july26-persona4-0013,2026-07,2026-07-20T09:10:00,중등 영어학원,교육/육아,교육 및 육아,EDUCATION_CHILDCARE,333400,17600,315800,신용카드,CARD,APPROVED,중등 영어학원 결제 · 교육/육아 카테고리,,UC401,2930,KB YOU Prime 카드,KB국민카드,가계 주사용,대형마트·카페·가족생활,가족팩,7788,신용카드,,400000,1200000.0,,https://www.card-gorilla.com/card/detail/2930,958800,2376700,Y,UC401,2930.0,KB YOU Prime 카드,KB국민카드,가계 주사용,대형마트·카페·가족생활,가족팩,신용카드,,400000.0,1200000.0,958800.0,2376700.0,Y,BENEFIT_RECEIVED,BENEFIT_APPLIED,17600,17600,0,,10%,400000.0,387900.0,370300.0,SYNTHETIC_RULE_MATCHING_V1,2930-02,교육/육아 맞춤 혜택,교육/육아,14,할인,%,10.0,400000.0,50000.0,,400000.0,,,PICKA 표준 혜택 카테고리 '교육/육아' 시연 데이터,https://www.card-gorilla.com/card/detail/2930,DISCOUNT_APPLIED,"KB YOU Prime 카드 | [가족팩] 6개 영역 최대 10% 청구할인
생활요금, 온라인장보기, 일상케어, 학원, 대형마트, 카페",17600.0,KRW
ONE_TRANSACTION_PER_ROW,persona4,정은주,persona4@picka.app,45,1982-10-16,010-0756-9643,L.POINT|신세계포인트|CJ ONE|해피포인트|T 멤버십|교보문고 회원,ADULT,,여성,전업주부,서울 양천구,False,서울특별시,양천구,2,2026-07-24,"[{""order"":1,""label"":""첫째"",""birth_date"":""2009-11-18"",""exact_age"":""만 16세 8개월 6일"",""school_stage"":""고등학생""},{""order"":2,""label"":""둘째"",""birth_date"":""2013-03-07"",""exact_age"":""만 13세 4개월 17일"",""school_stage"":""중학생""}]",첫째,2009-11-18,만 16세 8개월 6일,고등학생,둘째,2013-03-07,만 13세 4개월 17일,중학생,"자녀 2명(중/고등학생), 교육비와 생활비 관리 중심",4500000,2026-05~2026-07,"학원비 자동이체 할인, 대형마트·쿠팡·컬리 적립, 병원·약국 할인, 통신비 캐시백 카드",False,False,False,False,False,False,HOMEMAKER,LGU+,CAR,False,True,NONE,LOTTE,True,True,2,ELEMENTARY_SCHOOL | MIDDLE_SCHOOL,VERIFIED,"45세 전업주부·초등학생 및 중학생 자녀 양육 가구. LGU+·자가용·하이패스·롯데 계열 이용자이며, 경차·임신출산·복지·K-패스·항공사 제휴 자격은 해당하지 않음.",6,UC401 | UC402 | UC403 | UC404 | UC405 | UC406,KB YOU Prime 카드 | I’m GREAT | LOCA 365 카드 | 삼성 iD EDU 카드 | 신한카드 Mr.Life | DA@카드의정석,KB YOU Prime 카드:대형마트·카페·가족생활 | I’m GREAT:병원·약국·보험 | LOCA 365 카드:통신·구독 | 삼성 iD EDU 카드:학원비·교재·교육 | 신한카드 Mr.Life:온라인장보기·쇼핑·외식 | DA@카드의정석:혜택 공백 일반결제,july26-persona4-0010,july26-persona4-0010,2026-07,2026-07-20T22:15:00,고등 수학학원,교육/육아,교육 및 육아,EDUCATION_CHILDCARE,191700,2700,189000,신용카드,CARD,APPROVED,고등 수학학원 결제 · 교육/육아 카테고리,,UC401,2930,KB YOU Prime 카드,KB국민카드,가계 주사용,대형마트·카페·가족생활,가족팩,7788,신용카드,,400000,1200000.0,,https://www.card-gorilla.com/card/detail/2930,958800,2376700,Y,UC401,2930.0,KB YOU Prime 카드,KB국민카드,가계 주사용,대형마트·카페·가족생활,가족팩,신용카드,,400000.0,1200000.0,958800.0,2376700.0,Y,BENEFIT_RECEIVED,BENEFIT_APPLIED,2700,2700,0,,10%,400000.0,370300.0,367600.0,SYNTHETIC_RULE_MATCHING_V1,2930-02,교육/육아 맞춤 혜택,교육/육아,14,할인,%,10.0,400000.0,50000.0,,400000.0,,,PICKA 표준 혜택 카테고리 '교육/육아' 시연 데이터,https://www.card-gorilla.com/card/detail/2930,DISCOUNT_APPLIED,"KB YOU Prime 카드 | [가족팩] 6개 영역 최대 10% 청구할인
생활요금, 온라인장보기, 일상케어, 학원, 대형마트, 카페",2700.0,KRW
ONE_TRANSACTION_PER_ROW,persona4,정은주,persona4@picka.app,45,1982-10-16,010-0756-9643,L.POINT|신세계포인트|CJ ONE|해피포인트|T 멤버십|교보문고 회원,ADULT,,여성,전업주부,서울 양천구,False,서울특별시,양천구,2,2026-07-24,"[{""order"":1,""label"":""첫째"",""birth_date"":""2009-11-18"",""exact_age"":""만 16세 8개월 6일"",""school_stage"":""고등학생""},{""order"":2,""label"":""둘째"",""birth_date"":""2013-03-07"",""exact_age"":""만 13세 4개월 17일"",""school_stage"":""중학생""}]",첫째,2009-11-18,만 16세 8개월 6일,고등학생,둘째,2013-03-07,만 13세 4개월 17일,중학생,"자녀 2명(중/고등학생), 교육비와 생활비 관리 중심",4500000,2026-05~2026-07,"학원비 자동이체 할인, 대형마트·쿠팡·컬리 적립, 병원·약국 할인, 통신비 캐시백 카드",False,False,False,False,False,False,HOMEMAKER,LGU+,CAR,False,True,NONE,LOTTE,True,True,2,ELEMENTARY_SCHOOL | MIDDLE_SCHOOL,VERIFIED,"45세 전업주부·초등학생 및 중학생 자녀 양육 가구. LGU+·자가용·하이패스·롯데 계열 이용자이며, 경차·임신출산·복지·K-패스·항공사 제휴 자격은 해당하지 않음.",6,UC401 | UC402 | UC403 | UC404 | UC405 | UC406,KB YOU Prime 카드 | I’m GREAT | LOCA 365 카드 | 삼성 iD EDU 카드 | 신한카드 Mr.Life | DA@카드의정석,KB YOU Prime 카드:대형마트·카페·가족생활 | I’m GREAT:병원·약국·보험 | LOCA 365 카드:통신·구독 | 삼성 iD EDU 카드:학원비·교재·교육 | 신한카드 Mr.Life:온라인장보기·쇼핑·외식 | DA@카드의정석:혜택 공백 일반결제,july26-persona4-0002,july26-persona4-0002,2026-07,2026-07-22T09:00:00,롯데마트,마트/쇼핑,대형마트 및 쇼핑,MART_SHOPPING,126400,0,126400,신용카드,CARD,APPROVED,롯데마트 결제 · 마트/쇼핑 카테고리,,UC405,13,신한카드 Mr.Life,신한카드,온라인 생활비,온라인장보기·쇼핑·외식,,1055,신용카드,,300000,54000.0,,https://www.card-gorilla.com/card/detail/13,580700,126400,Y,UC406,87.0,DA@카드의정석,우리카드,보조 카드,혜택 공백 일반결제,,신용카드,,0.0,,464000.0,155900.0,Y,WRONG_CARD_BEFORE_PICKA,BEFORE_PICKA,0,1800,1800,픽카 이용 전 다른 카드를 사용하여 받을 수 있었던 혜택을 놓침,1.3%,,,,SYNTHETIC_RULE_MATCHING_V1,87-01,마트/쇼핑 맞춤 혜택,마트/쇼핑,97,할인,%,1.3,,,,,,,PICKA 표준 혜택 카테고리 '마트/쇼핑' 시연 데이터,https://www.card-gorilla.com/card/detail/87,MISSED_WRONG_CARD,DA@카드의정석 | 국내외 가맹점 1.3%~0.8% 청구할인,1800.0,KRW
ONE_TRANSACTION_PER_ROW,persona4,정은주,persona4@picka.app,45,1982-10-16,010-0756-9643,L.POINT|신세계포인트|CJ ONE|해피포인트|T 멤버십|교보문고 회원,ADULT,,여성,전업주부,서울 양천구,False,서울특별시,양천구,2,2026-07-24,"[{""order"":1,""label"":""첫째"",""birth_date"":""2009-11-18"",""exact_age"":""만 16세 8개월 6일"",""school_stage"":""고등학생""},{""order"":2,""label"":""둘째"",""birth_date"":""2013-03-07"",""exact_age"":""만 13세 4개월 17일"",""school_stage"":""중학생""}]",첫째,2009-11-18,만 16세 8개월 6일,고등학생,둘째,2013-03-07,만 13세 4개월 17일,중학생,"자녀 2명(중/고등학생), 교육비와 생활비 관리 중심",4500000,2026-05~2026-07,"학원비 자동이체 할인, 대형마트·쿠팡·컬리 적립, 병원·약국 할인, 통신비 캐시백 카드",False,False,False,False,False,False,HOMEMAKER,LGU+,CAR,False,True,NONE,LOTTE,True,True,2,ELEMENTARY_SCHOOL | MIDDLE_SCHOOL,VERIFIED,"45세 전업주부·초등학생 및 중학생 자녀 양육 가구. LGU+·자가용·하이패스·롯데 계열 이용자이며, 경차·임신출산·복지·K-패스·항공사 제휴 자격은 해당하지 않음.",6,UC401 | UC402 | UC403 | UC404 | UC405 | UC406,KB YOU Prime 카드 | I’m GREAT | LOCA 365 카드 | 삼성 iD EDU 카드 | 신한카드 Mr.Life | DA@카드의정석,KB YOU Prime 카드:대형마트·카페·가족생활 | I’m GREAT:병원·약국·보험 | LOCA 365 카드:통신·구독 | 삼성 iD EDU 카드:학원비·교재·교육 | 신한카드 Mr.Life:온라인장보기·쇼핑·외식 | DA@카드의정석:혜택 공백 일반결제,july26-persona4-0028,july26-persona4-0028,2026-07,2026-07-22T10:40:00,교재비,교육/육아,교육 및 육아,EDUCATION_CHILDCARE,137200,1900,135300,신용카드,CARD,APPROVED,교재비 결제 · 교육/육아 카테고리,,UC401,2930,KB YOU Prime 카드,KB국민카드,가계 주사용,대형마트·카페·가족생활,가족팩,7788,신용카드,,400000,1200000.0,,https://www.card-gorilla.com/card/detail/2930,958800,2376700,Y,UC401,2930.0,KB YOU Prime 카드,KB국민카드,가계 주사용,대형마트·카페·가족생활,가족팩,신용카드,,400000.0,1200000.0,958800.0,2376700.0,Y,BENEFIT_RECEIVED,BENEFIT_APPLIED,1900,1900,0,,10%,400000.0,367600.0,365700.0,SYNTHETIC_RULE_MATCHING_V1,2930-02,교육/육아 맞춤 혜택,교육/육아,14,할인,%,10.0,400000.0,50000.0,,400000.0,,,PICKA 표준 혜택 카테고리 '교육/육아' 시연 데이터,https://www.card-gorilla.com/card/detail/2930,DISCOUNT_APPLIED,"KB YOU Prime 카드 | [가족팩] 6개 영역 최대 10% 청구할인
생활요금, 온라인장보기, 일상케어, 학원, 대형마트, 카페",1900.0,KRW
ONE_TRANSACTION_PER_ROW,persona4,정은주,persona4@picka.app,45,1982-10-16,010-0756-9643,L.POINT|신세계포인트|CJ ONE|해피포인트|T 멤버십|교보문고 회원,ADULT,,여성,전업주부,서울 양천구,False,서울특별시,양천구,2,2026-07-24,"[{""order"":1,""label"":""첫째"",""birth_date"":""2009-11-18"",""exact_age"":""만 16세 8개월 6일"",""school_stage"":""고등학생""},{""order"":2,""label"":""둘째"",""birth_date"":""2013-03-07"",""exact_age"":""만 13세 4개월 17일"",""school_stage"":""중학생""}]",첫째,2009-11-18,만 16세 8개월 6일,고등학생,둘째,2013-03-07,만 13세 4개월 17일,중학생,"자녀 2명(중/고등학생), 교육비와 생활비 관리 중심",4500000,2026-05~2026-07,"학원비 자동이체 할인, 대형마트·쿠팡·컬리 적립, 병원·약국 할인, 통신비 캐시백 카드",False,False,False,False,False,False,HOMEMAKER,LGU+,CAR,False,True,NONE,LOTTE,True,True,2,ELEMENTARY_SCHOOL | MIDDLE_SCHOOL,VERIFIED,"45세 전업주부·초등학생 및 중학생 자녀 양육 가구. LGU+·자가용·하이패스·롯데 계열 이용자이며, 경차·임신출산·복지·K-패스·항공사 제휴 자격은 해당하지 않음.",6,UC401 | UC402 | UC403 | UC404 | UC405 | UC406,KB YOU Prime 카드 | I’m GREAT | LOCA 365 카드 | 삼성 iD EDU 카드 | 신한카드 Mr.Life | DA@카드의정석,KB YOU Prime 카드:대형마트·카페·가족생활 | I’m GREAT:병원·약국·보험 | LOCA 365 카드:통신·구독 | 삼성 iD EDU 카드:학원비·교재·교육 | 신한카드 Mr.Life:온라인장보기·쇼핑·외식 | DA@카드의정석:혜택 공백 일반결제,july26-persona4-0026,july26-persona4-0026,2026-07,2026-07-22T15:30:00,GS칼텍스,자동차,주유,FUEL,109100,1500,107600,신용카드,CARD,APPROVED,GS칼텍스 결제 · 주유 카테고리,,UC401,2930,KB YOU Prime 카드,KB국민카드,가계 주사용,대형마트·카페·가족생활,가족팩,7788,신용카드,,400000,1200000.0,,https://www.card-gorilla.com/card/detail/2930,958800,2376700,Y,UC401,2930.0,KB YOU Prime 카드,KB국민카드,가계 주사용,대형마트·카페·가족생활,가족팩,신용카드,,400000.0,1200000.0,958800.0,2376700.0,Y,BENEFIT_RECEIVED,BENEFIT_APPLIED,1500,1500,0,,10%,400000.0,396000.0,394500.0,SYNTHETIC_RULE_MATCHING_V1,2930-01,주유 맞춤 혜택,주유,17,할인,%,10.0,400000.0,,,400000.0,,,PICKA 표준 혜택 카테고리 '주유' 시연 데이터,https://www.card-gorilla.com/card/detail/2930,DISCOUNT_APPLIED,"KB YOU Prime 카드 | [일상팩] 6개 영역 최대 10% 청구할인
주유, 배달, 통신/보험/APP, 온라인쇼핑, 편의점, 취미/자기관리",1500.0,KRW
ONE_TRANSACTION_PER_ROW,persona4,정은주,persona4@picka.app,45,1982-10-16,010-0756-9643,L.POINT|신세계포인트|CJ ONE|해피포인트|T 멤버십|교보문고 회원,ADULT,,여성,전업주부,서울 양천구,False,서울특별시,양천구,2,2026-07-24,"[{""order"":1,""label"":""첫째"",""birth_date"":""2009-11-18"",""exact_age"":""만 16세 8개월 6일"",""school_stage"":""고등학생""},{""order"":2,""label"":""둘째"",""birth_date"":""2013-03-07"",""exact_age"":""만 13세 4개월 17일"",""school_stage"":""중학생""}]",첫째,2009-11-18,만 16세 8개월 6일,고등학생,둘째,2013-03-07,만 13세 4개월 17일,중학생,"자녀 2명(중/고등학생), 교육비와 생활비 관리 중심",4500000,2026-05~2026-07,"학원비 자동이체 할인, 대형마트·쿠팡·컬리 적립, 병원·약국 할인, 통신비 캐시백 카드",False,False,False,False,False,False,HOMEMAKER,LGU+,CAR,False,True,NONE,LOTTE,True,True,2,ELEMENTARY_SCHOOL | MIDDLE_SCHOOL,VERIFIED,"45세 전업주부·초등학생 및 중학생 자녀 양육 가구. LGU+·자가용·하이패스·롯데 계열 이용자이며, 경차·임신출산·복지·K-패스·항공사 제휴 자격은 해당하지 않음.",6,UC401 | UC402 | UC403 | UC404 | UC405 | UC406,KB YOU Prime 카드 | I’m GREAT | LOCA 365 카드 | 삼성 iD EDU 카드 | 신한카드 Mr.Life | DA@카드의정석,KB YOU Prime 카드:대형마트·카페·가족생활 | I’m GREAT:병원·약국·보험 | LOCA 365 카드:통신·구독 | 삼성 iD EDU 카드:학원비·교재·교육 | 신한카드 Mr.Life:온라인장보기·쇼핑·외식 | DA@카드의정석:혜택 공백 일반결제,july26-persona4-0023,july26-persona4-0023,2026-07,2026-07-22T17:55:00,야놀자,여행,숙박 및 여행,TRAVEL_LODGING,247300,13100,234200,신용카드,CARD,APPROVED,야놀자 결제 · 여행/숙박 카테고리,,UC404,2358,삼성 iD EDU 카드,삼성카드,교육비,학원비·교재·교육,,1044,신용카드,,500000,510000.0,,https://www.card-gorilla.com/card/detail/2358,1545100,1261200,Y,UC404,2358.0,삼성 iD EDU 카드,삼성카드,교육비,학원비·교재·교육,,신용카드,,500000.0,510000.0,1545100.0,1261200.0,Y,BENEFIT_RECEIVED,BENEFIT_APPLIED,13100,13100,0,,1.5%,510000.0,,,SYNTHETIC_RULE_MATCHING_V1,2358-05,여행/숙박 맞춤 혜택,여행/숙박,8,할인,%,1.5,,,,,,,PICKA 표준 혜택 카테고리 '여행/숙박' 시연 데이터,https://www.card-gorilla.com/card/detail/2358,DISCOUNT_APPLIED,삼성 iD EDU 카드 | 해외 1.5% 결제일 할인,13100.0,KRW
ONE_TRANSACTION_PER_ROW,persona4,정은주,persona4@picka.app,45,1982-10-16,010-0756-9643,L.POINT|신세계포인트|CJ ONE|해피포인트|T 멤버십|교보문고 회원,ADULT,,여성,전업주부,서울 양천구,False,서울특별시,양천구,2,2026-07-24,"[{""order"":1,""label"":""첫째"",""birth_date"":""2009-11-18"",""exact_age"":""만 16세 8개월 6일"",""school_stage"":""고등학생""},{""order"":2,""label"":""둘째"",""birth_date"":""2013-03-07"",""exact_age"":""만 13세 4개월 17일"",""school_stage"":""중학생""}]",첫째,2009-11-18,만 16세 8개월 6일,고등학생,둘째,2013-03-07,만 13세 4개월 17일,중학생,"자녀 2명(중/고등학생), 교육비와 생활비 관리 중심",4500000,2026-05~2026-07,"학원비 자동이체 할인, 대형마트·쿠팡·컬리 적립, 병원·약국 할인, 통신비 캐시백 카드",False,False,False,False,False,False,HOMEMAKER,LGU+,CAR,False,True,NONE,LOTTE,True,True,2,ELEMENTARY_SCHOOL | MIDDLE_SCHOOL,VERIFIED,"45세 전업주부·초등학생 및 중학생 자녀 양육 가구. LGU+·자가용·하이패스·롯데 계열 이용자이며, 경차·임신출산·복지·K-패스·항공사 제휴 자격은 해당하지 않음.",6,UC401 | UC402 | UC403 | UC404 | UC405 | UC406,KB YOU Prime 카드 | I’m GREAT | LOCA 365 카드 | 삼성 iD EDU 카드 | 신한카드 Mr.Life | DA@카드의정석,KB YOU Prime 카드:대형마트·카페·가족생활 | I’m GREAT:병원·약국·보험 | LOCA 365 카드:통신·구독 | 삼성 iD EDU 카드:학원비·교재·교육 | 신한카드 Mr.Life:온라인장보기·쇼핑·외식 | DA@카드의정석:혜택 공백 일반결제,july26-persona4-0003,july26-persona4-0003,2026-07,2026-07-23T21:20:00,11번가,온라인쇼핑,온라인 종합몰,ONLINE_SHOPPING,102500,1500,101000,신용카드,CARD,APPROVED,11번가 결제 · 온라인쇼핑 카테고리,,UC404,2358,삼성 iD EDU 카드,삼성카드,교육비,학원비·교재·교육,,1044,신용카드,,500000,510000.0,,https://www.card-gorilla.com/card/detail/2358,1545100,1261200,Y,UC404,2358.0,삼성 iD EDU 카드,삼성카드,교육비,학원비·교재·교육,,신용카드,,500000.0,510000.0,1545100.0,1261200.0,Y,BENEFIT_RECEIVED,BENEFIT_APPLIED,1500,1500,0,,50%,5000.0,2000.0,500.0,SYNTHETIC_RULE_MATCHING_V1,2358-03,온라인쇼핑 맞춤 혜택,온라인쇼핑,7,할인,%,50.0,,,,5000.0,,,PICKA 표준 혜택 카테고리 '온라인쇼핑' 시연 데이터,https://www.card-gorilla.com/card/detail/2358,DISCOUNT_APPLIED,삼성 iD EDU 카드 | 온라인쇼핑몰 멤버십 50% 결제일할인,1500.0,KRW
